#! /usr/bin/vvp
:ivl_version "13.0 (stable)" "(v13_0-dirty)";
:ivl_delay_selection "TYPICAL";
:vpi_time_precision + 0;
:vpi_module "/usr/lib/ivl/system.vpi";
:vpi_module "/usr/lib/ivl/vhdl_sys.vpi";
:vpi_module "/usr/lib/ivl/vhdl_textio.vpi";
:vpi_module "/usr/lib/ivl/v2005_math.vpi";
:vpi_module "/usr/lib/ivl/va_math.vpi";
:vpi_module "/usr/lib/ivl/v2009.vpi";
S_0x5566d572ee90 .scope package, "$unit" "$unit" 2 1;
 .timescale 0 0;
S_0x5566d5730020 .scope module, "attention_tb" "attention_tb" 3 6;
 .timescale 0 0;
P_0x5566d58d92f0 .param/l "EMBEDDING_DIM" 1 3 8, +C4<00000000000000000000000000000011>;
P_0x5566d58d9330 .param/l "TOKENSIZE" 1 3 7, +C4<00000000000000000000000000010000>;
v0x5566d57fb5c0_0 .array/port v0x5566d57fb5c0, 0;
L_0x5566d59e0380 .functor BUFZ 16, v0x5566d57fb5c0_0, C4<0000000000000000>, C4<0000000000000000>, C4<0000000000000000>;
v0x5566d57fb5c0_1 .array/port v0x5566d57fb5c0, 1;
L_0x5566d59e0470 .functor BUFZ 16, v0x5566d57fb5c0_1, C4<0000000000000000>, C4<0000000000000000>, C4<0000000000000000>;
v0x5566d57fb5c0_2 .array/port v0x5566d57fb5c0, 2;
L_0x5566d59e0860 .functor BUFZ 16, v0x5566d57fb5c0_2, C4<0000000000000000>, C4<0000000000000000>, C4<0000000000000000>;
v0x5566d57fb5c0_3 .array/port v0x5566d57fb5c0, 3;
L_0x5566d59e05f0 .functor BUFZ 16, v0x5566d57fb5c0_3, C4<0000000000000000>, C4<0000000000000000>, C4<0000000000000000>;
v0x5566d57fb5c0_4 .array/port v0x5566d57fb5c0, 4;
L_0x5566d59e06b0 .functor BUFZ 16, v0x5566d57fb5c0_4, C4<0000000000000000>, C4<0000000000000000>, C4<0000000000000000>;
v0x5566d57fb5c0_5 .array/port v0x5566d57fb5c0, 5;
L_0x5566d59e0770 .functor BUFZ 16, v0x5566d57fb5c0_5, C4<0000000000000000>, C4<0000000000000000>, C4<0000000000000000>;
v0x5566d57fb5c0_6 .array/port v0x5566d57fb5c0, 6;
L_0x5566d59e0b60 .functor BUFZ 16, v0x5566d57fb5c0_6, C4<0000000000000000>, C4<0000000000000000>, C4<0000000000000000>;
v0x5566d57fb5c0_7 .array/port v0x5566d57fb5c0, 7;
L_0x5566d59e08d0 .functor BUFZ 16, v0x5566d57fb5c0_7, C4<0000000000000000>, C4<0000000000000000>, C4<0000000000000000>;
v0x5566d57fb5c0_8 .array/port v0x5566d57fb5c0, 8;
L_0x5566d59e0990 .functor BUFZ 16, v0x5566d57fb5c0_8, C4<0000000000000000>, C4<0000000000000000>, C4<0000000000000000>;
v0x5566d57fb5c0_9 .array/port v0x5566d57fb5c0, 9;
L_0x5566d59e0a50 .functor BUFZ 16, v0x5566d57fb5c0_9, C4<0000000000000000>, C4<0000000000000000>, C4<0000000000000000>;
v0x5566d57fb5c0_10 .array/port v0x5566d57fb5c0, 10;
L_0x5566d59e0ed0 .functor BUFZ 16, v0x5566d57fb5c0_10, C4<0000000000000000>, C4<0000000000000000>, C4<0000000000000000>;
v0x5566d57fb5c0_11 .array/port v0x5566d57fb5c0, 11;
L_0x5566d59e0c20 .functor BUFZ 16, v0x5566d57fb5c0_11, C4<0000000000000000>, C4<0000000000000000>, C4<0000000000000000>;
v0x5566d57fb5c0_12 .array/port v0x5566d57fb5c0, 12;
L_0x5566d59e0ce0 .functor BUFZ 16, v0x5566d57fb5c0_12, C4<0000000000000000>, C4<0000000000000000>, C4<0000000000000000>;
v0x5566d57fb5c0_13 .array/port v0x5566d57fb5c0, 13;
L_0x5566d59e0da0 .functor BUFZ 16, v0x5566d57fb5c0_13, C4<0000000000000000>, C4<0000000000000000>, C4<0000000000000000>;
v0x5566d57fb5c0_14 .array/port v0x5566d57fb5c0, 14;
L_0x5566d59e0e60 .functor BUFZ 16, v0x5566d57fb5c0_14, C4<0000000000000000>, C4<0000000000000000>, C4<0000000000000000>;
v0x5566d57fb5c0_15 .array/port v0x5566d57fb5c0, 15;
L_0x5566d59e0f40 .functor BUFZ 16, v0x5566d57fb5c0_15, C4<0000000000000000>, C4<0000000000000000>, C4<0000000000000000>;
v0x5566d57fb5c0_16 .array/port v0x5566d57fb5c0, 16;
L_0x5566d59e1000 .functor BUFZ 16, v0x5566d57fb5c0_16, C4<0000000000000000>, C4<0000000000000000>, C4<0000000000000000>;
v0x5566d57fb5c0_17 .array/port v0x5566d57fb5c0, 17;
L_0x5566d59e10c0 .functor BUFZ 16, v0x5566d57fb5c0_17, C4<0000000000000000>, C4<0000000000000000>, C4<0000000000000000>;
v0x5566d57fb5c0_18 .array/port v0x5566d57fb5c0, 18;
L_0x5566d59e1180 .functor BUFZ 16, v0x5566d57fb5c0_18, C4<0000000000000000>, C4<0000000000000000>, C4<0000000000000000>;
v0x5566d57fb5c0_19 .array/port v0x5566d57fb5c0, 19;
L_0x5566d59e1260 .functor BUFZ 16, v0x5566d57fb5c0_19, C4<0000000000000000>, C4<0000000000000000>, C4<0000000000000000>;
v0x5566d57fb5c0_20 .array/port v0x5566d57fb5c0, 20;
L_0x5566d59e1320 .functor BUFZ 16, v0x5566d57fb5c0_20, C4<0000000000000000>, C4<0000000000000000>, C4<0000000000000000>;
v0x5566d57fb5c0_21 .array/port v0x5566d57fb5c0, 21;
L_0x5566d59e13e0 .functor BUFZ 16, v0x5566d57fb5c0_21, C4<0000000000000000>, C4<0000000000000000>, C4<0000000000000000>;
v0x5566d57fb5c0_22 .array/port v0x5566d57fb5c0, 22;
L_0x5566d59e14a0 .functor BUFZ 16, v0x5566d57fb5c0_22, C4<0000000000000000>, C4<0000000000000000>, C4<0000000000000000>;
v0x5566d57fb5c0_23 .array/port v0x5566d57fb5c0, 23;
L_0x5566d59e15a0 .functor BUFZ 16, v0x5566d57fb5c0_23, C4<0000000000000000>, C4<0000000000000000>, C4<0000000000000000>;
v0x5566d57fb5c0_24 .array/port v0x5566d57fb5c0, 24;
L_0x5566d59e1660 .functor BUFZ 16, v0x5566d57fb5c0_24, C4<0000000000000000>, C4<0000000000000000>, C4<0000000000000000>;
v0x5566d57fb5c0_25 .array/port v0x5566d57fb5c0, 25;
L_0x5566d59e1720 .functor BUFZ 16, v0x5566d57fb5c0_25, C4<0000000000000000>, C4<0000000000000000>, C4<0000000000000000>;
v0x5566d57fb5c0_26 .array/port v0x5566d57fb5c0, 26;
L_0x5566d59e17e0 .functor BUFZ 16, v0x5566d57fb5c0_26, C4<0000000000000000>, C4<0000000000000000>, C4<0000000000000000>;
v0x5566d57fb5c0_27 .array/port v0x5566d57fb5c0, 27;
L_0x5566d59e1c40 .functor BUFZ 16, v0x5566d57fb5c0_27, C4<0000000000000000>, C4<0000000000000000>, C4<0000000000000000>;
v0x5566d57fb5c0_28 .array/port v0x5566d57fb5c0, 28;
L_0x5566d59e1d00 .functor BUFZ 16, v0x5566d57fb5c0_28, C4<0000000000000000>, C4<0000000000000000>, C4<0000000000000000>;
v0x5566d57fb5c0_29 .array/port v0x5566d57fb5c0, 29;
L_0x5566d59e1900 .functor BUFZ 16, v0x5566d57fb5c0_29, C4<0000000000000000>, C4<0000000000000000>, C4<0000000000000000>;
v0x5566d57fb5c0_30 .array/port v0x5566d57fb5c0, 30;
L_0x5566d59e19c0 .functor BUFZ 16, v0x5566d57fb5c0_30, C4<0000000000000000>, C4<0000000000000000>, C4<0000000000000000>;
v0x5566d57fb5c0_31 .array/port v0x5566d57fb5c0, 31;
L_0x5566d59e1a80 .functor BUFZ 16, v0x5566d57fb5c0_31, C4<0000000000000000>, C4<0000000000000000>, C4<0000000000000000>;
v0x5566d57fb5c0_32 .array/port v0x5566d57fb5c0, 32;
L_0x5566d59e1b40 .functor BUFZ 16, v0x5566d57fb5c0_32, C4<0000000000000000>, C4<0000000000000000>, C4<0000000000000000>;
v0x5566d57fb5c0_33 .array/port v0x5566d57fb5c0, 33;
L_0x5566d59e2130 .functor BUFZ 16, v0x5566d57fb5c0_33, C4<0000000000000000>, C4<0000000000000000>, C4<0000000000000000>;
v0x5566d57fb5c0_34 .array/port v0x5566d57fb5c0, 34;
L_0x5566d59e21f0 .functor BUFZ 16, v0x5566d57fb5c0_34, C4<0000000000000000>, C4<0000000000000000>, C4<0000000000000000>;
v0x5566d57fb5c0_35 .array/port v0x5566d57fb5c0, 35;
L_0x5566d59e1dc0 .functor BUFZ 16, v0x5566d57fb5c0_35, C4<0000000000000000>, C4<0000000000000000>, C4<0000000000000000>;
v0x5566d57fb5c0_36 .array/port v0x5566d57fb5c0, 36;
L_0x5566d59e1e80 .functor BUFZ 16, v0x5566d57fb5c0_36, C4<0000000000000000>, C4<0000000000000000>, C4<0000000000000000>;
v0x5566d57fb5c0_37 .array/port v0x5566d57fb5c0, 37;
L_0x5566d59e1f40 .functor BUFZ 16, v0x5566d57fb5c0_37, C4<0000000000000000>, C4<0000000000000000>, C4<0000000000000000>;
v0x5566d57fb5c0_38 .array/port v0x5566d57fb5c0, 38;
L_0x5566d59e2000 .functor BUFZ 16, v0x5566d57fb5c0_38, C4<0000000000000000>, C4<0000000000000000>, C4<0000000000000000>;
v0x5566d57fb5c0_39 .array/port v0x5566d57fb5c0, 39;
L_0x5566d59e20c0 .functor BUFZ 16, v0x5566d57fb5c0_39, C4<0000000000000000>, C4<0000000000000000>, C4<0000000000000000>;
v0x5566d57fb5c0_40 .array/port v0x5566d57fb5c0, 40;
L_0x5566d59e26a0 .functor BUFZ 16, v0x5566d57fb5c0_40, C4<0000000000000000>, C4<0000000000000000>, C4<0000000000000000>;
v0x5566d57fb5c0_41 .array/port v0x5566d57fb5c0, 41;
L_0x5566d59e22b0 .functor BUFZ 16, v0x5566d57fb5c0_41, C4<0000000000000000>, C4<0000000000000000>, C4<0000000000000000>;
v0x5566d57fb5c0_42 .array/port v0x5566d57fb5c0, 42;
L_0x5566d59e2370 .functor BUFZ 16, v0x5566d57fb5c0_42, C4<0000000000000000>, C4<0000000000000000>, C4<0000000000000000>;
v0x5566d57fb5c0_43 .array/port v0x5566d57fb5c0, 43;
L_0x5566d59e2430 .functor BUFZ 16, v0x5566d57fb5c0_43, C4<0000000000000000>, C4<0000000000000000>, C4<0000000000000000>;
v0x5566d57fb5c0_44 .array/port v0x5566d57fb5c0, 44;
L_0x5566d59e24f0 .functor BUFZ 16, v0x5566d57fb5c0_44, C4<0000000000000000>, C4<0000000000000000>, C4<0000000000000000>;
v0x5566d57fb5c0_45 .array/port v0x5566d57fb5c0, 45;
L_0x5566d59e25b0 .functor BUFZ 16, v0x5566d57fb5c0_45, C4<0000000000000000>, C4<0000000000000000>, C4<0000000000000000>;
v0x5566d57fb5c0_46 .array/port v0x5566d57fb5c0, 46;
L_0x5566d59e2b80 .functor BUFZ 16, v0x5566d57fb5c0_46, C4<0000000000000000>, C4<0000000000000000>, C4<0000000000000000>;
v0x5566d57fb5c0_47 .array/port v0x5566d57fb5c0, 47;
L_0x5566d59e2760 .functor BUFZ 16, v0x5566d57fb5c0_47, C4<0000000000000000>, C4<0000000000000000>, C4<0000000000000000>;
v0x5566d595c5b0 .array/s "Kw", 8 0, 15 0;
v0x5566d595c650 .array/s "Qw", 8 0, 15 0;
v0x5566d595c740 .array/s "Vw", 8 0, 15 0;
v0x5566d595c830 .array "contextual_embedding_vector", 47 0;
v0x5566d595c830_0 .net/s v0x5566d595c830 0, 15 0, L_0x5566d59e0380; 1 drivers
v0x5566d595c830_1 .net/s v0x5566d595c830 1, 15 0, L_0x5566d59e0470; 1 drivers
v0x5566d595c830_2 .net/s v0x5566d595c830 2, 15 0, L_0x5566d59e0860; 1 drivers
v0x5566d595c830_3 .net/s v0x5566d595c830 3, 15 0, L_0x5566d59e05f0; 1 drivers
v0x5566d595c830_4 .net/s v0x5566d595c830 4, 15 0, L_0x5566d59e06b0; 1 drivers
v0x5566d595c830_5 .net/s v0x5566d595c830 5, 15 0, L_0x5566d59e0770; 1 drivers
v0x5566d595c830_6 .net/s v0x5566d595c830 6, 15 0, L_0x5566d59e0b60; 1 drivers
v0x5566d595c830_7 .net/s v0x5566d595c830 7, 15 0, L_0x5566d59e08d0; 1 drivers
v0x5566d595c830_8 .net/s v0x5566d595c830 8, 15 0, L_0x5566d59e0990; 1 drivers
v0x5566d595c830_9 .net/s v0x5566d595c830 9, 15 0, L_0x5566d59e0a50; 1 drivers
v0x5566d595c830_10 .net/s v0x5566d595c830 10, 15 0, L_0x5566d59e0ed0; 1 drivers
v0x5566d595c830_11 .net/s v0x5566d595c830 11, 15 0, L_0x5566d59e0c20; 1 drivers
v0x5566d595c830_12 .net/s v0x5566d595c830 12, 15 0, L_0x5566d59e0ce0; 1 drivers
v0x5566d595c830_13 .net/s v0x5566d595c830 13, 15 0, L_0x5566d59e0da0; 1 drivers
v0x5566d595c830_14 .net/s v0x5566d595c830 14, 15 0, L_0x5566d59e0e60; 1 drivers
v0x5566d595c830_15 .net/s v0x5566d595c830 15, 15 0, L_0x5566d59e0f40; 1 drivers
v0x5566d595c830_16 .net/s v0x5566d595c830 16, 15 0, L_0x5566d59e1000; 1 drivers
v0x5566d595c830_17 .net/s v0x5566d595c830 17, 15 0, L_0x5566d59e10c0; 1 drivers
v0x5566d595c830_18 .net/s v0x5566d595c830 18, 15 0, L_0x5566d59e1180; 1 drivers
v0x5566d595c830_19 .net/s v0x5566d595c830 19, 15 0, L_0x5566d59e1260; 1 drivers
v0x5566d595c830_20 .net/s v0x5566d595c830 20, 15 0, L_0x5566d59e1320; 1 drivers
v0x5566d595c830_21 .net/s v0x5566d595c830 21, 15 0, L_0x5566d59e13e0; 1 drivers
v0x5566d595c830_22 .net/s v0x5566d595c830 22, 15 0, L_0x5566d59e14a0; 1 drivers
v0x5566d595c830_23 .net/s v0x5566d595c830 23, 15 0, L_0x5566d59e15a0; 1 drivers
v0x5566d595c830_24 .net/s v0x5566d595c830 24, 15 0, L_0x5566d59e1660; 1 drivers
v0x5566d595c830_25 .net/s v0x5566d595c830 25, 15 0, L_0x5566d59e1720; 1 drivers
v0x5566d595c830_26 .net/s v0x5566d595c830 26, 15 0, L_0x5566d59e17e0; 1 drivers
v0x5566d595c830_27 .net/s v0x5566d595c830 27, 15 0, L_0x5566d59e1c40; 1 drivers
v0x5566d595c830_28 .net/s v0x5566d595c830 28, 15 0, L_0x5566d59e1d00; 1 drivers
v0x5566d595c830_29 .net/s v0x5566d595c830 29, 15 0, L_0x5566d59e1900; 1 drivers
v0x5566d595c830_30 .net/s v0x5566d595c830 30, 15 0, L_0x5566d59e19c0; 1 drivers
v0x5566d595c830_31 .net/s v0x5566d595c830 31, 15 0, L_0x5566d59e1a80; 1 drivers
v0x5566d595c830_32 .net/s v0x5566d595c830 32, 15 0, L_0x5566d59e1b40; 1 drivers
v0x5566d595c830_33 .net/s v0x5566d595c830 33, 15 0, L_0x5566d59e2130; 1 drivers
v0x5566d595c830_34 .net/s v0x5566d595c830 34, 15 0, L_0x5566d59e21f0; 1 drivers
v0x5566d595c830_35 .net/s v0x5566d595c830 35, 15 0, L_0x5566d59e1dc0; 1 drivers
v0x5566d595c830_36 .net/s v0x5566d595c830 36, 15 0, L_0x5566d59e1e80; 1 drivers
v0x5566d595c830_37 .net/s v0x5566d595c830 37, 15 0, L_0x5566d59e1f40; 1 drivers
v0x5566d595c830_38 .net/s v0x5566d595c830 38, 15 0, L_0x5566d59e2000; 1 drivers
v0x5566d595c830_39 .net/s v0x5566d595c830 39, 15 0, L_0x5566d59e20c0; 1 drivers
v0x5566d595c830_40 .net/s v0x5566d595c830 40, 15 0, L_0x5566d59e26a0; 1 drivers
v0x5566d595c830_41 .net/s v0x5566d595c830 41, 15 0, L_0x5566d59e22b0; 1 drivers
v0x5566d595c830_42 .net/s v0x5566d595c830 42, 15 0, L_0x5566d59e2370; 1 drivers
v0x5566d595c830_43 .net/s v0x5566d595c830 43, 15 0, L_0x5566d59e2430; 1 drivers
v0x5566d595c830_44 .net/s v0x5566d595c830 44, 15 0, L_0x5566d59e24f0; 1 drivers
v0x5566d595c830_45 .net/s v0x5566d595c830 45, 15 0, L_0x5566d59e25b0; 1 drivers
v0x5566d595c830_46 .net/s v0x5566d595c830 46, 15 0, L_0x5566d59e2b80; 1 drivers
v0x5566d595c830_47 .net/s v0x5566d595c830 47, 15 0, L_0x5566d59e2760; 1 drivers
v0x5566d597b5c0 .array/s "embedding_X", 47 0, 15 0;
S_0x5566d57311b0 .scope begin, "$unm_blk_14" "$unm_blk_14" 3 30, 3 30 0, S_0x5566d5730020;
 .timescale 0 0;
v0x5566d579bd50_0 .var/2s "file", 31 0;
v0x5566d579cee0_0 .var/real "value", 0 0;
S_0x5566d5732340 .scope begin, "$ivl_for_loop0" "$ivl_for_loop0" 3 36, 3 36 0, S_0x5566d57311b0;
 .timescale 0 0;
v0x5566d5791f40_0 .var/2s "i", 31 0;
S_0x5566d57334d0 .scope begin, "$ivl_for_loop1" "$ivl_for_loop1" 3 37, 3 37 0, S_0x5566d5732340;
 .timescale 0 0;
v0x5566d58cfdb0_0 .var/2s "j", 31 0;
S_0x5566d5734660 .scope begin, "$ivl_for_loop2" "$ivl_for_loop2" 3 46, 3 46 0, S_0x5566d57311b0;
 .timescale 0 0;
v0x5566d5794260_0 .var/2s "i", 31 0;
S_0x5566d57357f0 .scope begin, "$ivl_for_loop3" "$ivl_for_loop3" 3 47, 3 47 0, S_0x5566d5734660;
 .timescale 0 0;
v0x5566d57930d0_0 .var/2s "j", 31 0;
S_0x5566d5736980 .scope begin, "$ivl_for_loop4" "$ivl_for_loop4" 3 56, 3 56 0, S_0x5566d57311b0;
 .timescale 0 0;
v0x5566d5796580_0 .var/2s "i", 31 0;
S_0x5566d5737b10 .scope begin, "$ivl_for_loop5" "$ivl_for_loop5" 3 57, 3 57 0, S_0x5566d5736980;
 .timescale 0 0;
v0x5566d57953f0_0 .var/2s "j", 31 0;
S_0x5566d5738ca0 .scope begin, "$ivl_for_loop6" "$ivl_for_loop6" 3 66, 3 66 0, S_0x5566d57311b0;
 .timescale 0 0;
v0x5566d57988a0_0 .var/2s "i", 31 0;
S_0x5566d5739e30 .scope begin, "$ivl_for_loop7" "$ivl_for_loop7" 3 67, 3 67 0, S_0x5566d5738ca0;
 .timescale 0 0;
v0x5566d5797710_0 .var/2s "j", 31 0;
S_0x5566d573afc0 .scope begin, "$ivl_for_loop8" "$ivl_for_loop8" 3 78, 3 78 0, S_0x5566d57311b0;
 .timescale 0 0;
v0x5566d579abc0_0 .var/2s "i", 31 0;
S_0x5566d573c150 .scope begin, "$ivl_for_loop9" "$ivl_for_loop9" 3 79, 3 79 0, S_0x5566d573afc0;
 .timescale 0 0;
v0x5566d5799a30_0 .var/2s "j", 31 0;
S_0x5566d573d2e0 .scope module, "dut" "attention_accelerator" 3 19, 4 1 0, S_0x5566d5730020;
 .timescale 0 0;
    .port_info 0 /INPUT 768 "embedding_X";
    .port_info 1 /INPUT 144 "Qw";
    .port_info 2 /INPUT 144 "Kw";
    .port_info 3 /INPUT 144 "Vw";
    .port_info 4 /OUTPUT 768 "contextual_embedding_vector";
P_0x5566d58d94a0 .param/l "embedding_dim" 0 4 2, +C4<00000000000000000000000000000011>;
P_0x5566d58d94e0 .param/l "tokensize" 0 4 3, +C4<00000000000000000000000000010000>;
v0x5566d597b5c0_0 .array/port v0x5566d597b5c0, 0;
L_0x5566d598f760 .functor BUFZ 16, v0x5566d597b5c0_0, C4<0000000000000000>, C4<0000000000000000>, C4<0000000000000000>;
v0x5566d597b5c0_1 .array/port v0x5566d597b5c0, 1;
L_0x5566d598f830 .functor BUFZ 16, v0x5566d597b5c0_1, C4<0000000000000000>, C4<0000000000000000>, C4<0000000000000000>;
v0x5566d597b5c0_2 .array/port v0x5566d597b5c0, 2;
L_0x5566d598f900 .functor BUFZ 16, v0x5566d597b5c0_2, C4<0000000000000000>, C4<0000000000000000>, C4<0000000000000000>;
v0x5566d597b5c0_3 .array/port v0x5566d597b5c0, 3;
L_0x5566d598f9d0 .functor BUFZ 16, v0x5566d597b5c0_3, C4<0000000000000000>, C4<0000000000000000>, C4<0000000000000000>;
v0x5566d597b5c0_4 .array/port v0x5566d597b5c0, 4;
L_0x5566d598faa0 .functor BUFZ 16, v0x5566d597b5c0_4, C4<0000000000000000>, C4<0000000000000000>, C4<0000000000000000>;
v0x5566d597b5c0_5 .array/port v0x5566d597b5c0, 5;
L_0x5566d598fb70 .functor BUFZ 16, v0x5566d597b5c0_5, C4<0000000000000000>, C4<0000000000000000>, C4<0000000000000000>;
v0x5566d597b5c0_6 .array/port v0x5566d597b5c0, 6;
L_0x5566d598fc40 .functor BUFZ 16, v0x5566d597b5c0_6, C4<0000000000000000>, C4<0000000000000000>, C4<0000000000000000>;
v0x5566d597b5c0_7 .array/port v0x5566d597b5c0, 7;
L_0x5566d598fce0 .functor BUFZ 16, v0x5566d597b5c0_7, C4<0000000000000000>, C4<0000000000000000>, C4<0000000000000000>;
v0x5566d597b5c0_8 .array/port v0x5566d597b5c0, 8;
L_0x5566d598fe00 .functor BUFZ 16, v0x5566d597b5c0_8, C4<0000000000000000>, C4<0000000000000000>, C4<0000000000000000>;
v0x5566d597b5c0_9 .array/port v0x5566d597b5c0, 9;
L_0x5566d598fe70 .functor BUFZ 16, v0x5566d597b5c0_9, C4<0000000000000000>, C4<0000000000000000>, C4<0000000000000000>;
v0x5566d597b5c0_10 .array/port v0x5566d597b5c0, 10;
L_0x5566d598ffa0 .functor BUFZ 16, v0x5566d597b5c0_10, C4<0000000000000000>, C4<0000000000000000>, C4<0000000000000000>;
v0x5566d597b5c0_11 .array/port v0x5566d597b5c0, 11;
L_0x5566d5990010 .functor BUFZ 16, v0x5566d597b5c0_11, C4<0000000000000000>, C4<0000000000000000>, C4<0000000000000000>;
v0x5566d597b5c0_12 .array/port v0x5566d597b5c0, 12;
L_0x5566d5990120 .functor BUFZ 16, v0x5566d597b5c0_12, C4<0000000000000000>, C4<0000000000000000>, C4<0000000000000000>;
v0x5566d597b5c0_13 .array/port v0x5566d597b5c0, 13;
L_0x5566d5990190 .functor BUFZ 16, v0x5566d597b5c0_13, C4<0000000000000000>, C4<0000000000000000>, C4<0000000000000000>;
v0x5566d597b5c0_14 .array/port v0x5566d597b5c0, 14;
L_0x5566d59900b0 .functor BUFZ 16, v0x5566d597b5c0_14, C4<0000000000000000>, C4<0000000000000000>, C4<0000000000000000>;
v0x5566d597b5c0_15 .array/port v0x5566d597b5c0, 15;
L_0x5566d5990310 .functor BUFZ 16, v0x5566d597b5c0_15, C4<0000000000000000>, C4<0000000000000000>, C4<0000000000000000>;
v0x5566d597b5c0_16 .array/port v0x5566d597b5c0, 16;
L_0x5566d5990260 .functor BUFZ 16, v0x5566d597b5c0_16, C4<0000000000000000>, C4<0000000000000000>, C4<0000000000000000>;
v0x5566d597b5c0_17 .array/port v0x5566d597b5c0, 17;
L_0x5566d59904a0 .functor BUFZ 16, v0x5566d597b5c0_17, C4<0000000000000000>, C4<0000000000000000>, C4<0000000000000000>;
v0x5566d597b5c0_18 .array/port v0x5566d597b5c0, 18;
L_0x5566d59903e0 .functor BUFZ 16, v0x5566d597b5c0_18, C4<0000000000000000>, C4<0000000000000000>, C4<0000000000000000>;
v0x5566d597b5c0_19 .array/port v0x5566d597b5c0, 19;
L_0x5566d5990640 .functor BUFZ 16, v0x5566d597b5c0_19, C4<0000000000000000>, C4<0000000000000000>, C4<0000000000000000>;
v0x5566d597b5c0_20 .array/port v0x5566d597b5c0, 20;
L_0x5566d5990570 .functor BUFZ 16, v0x5566d597b5c0_20, C4<0000000000000000>, C4<0000000000000000>, C4<0000000000000000>;
v0x5566d597b5c0_21 .array/port v0x5566d597b5c0, 21;
L_0x5566d59907c0 .functor BUFZ 16, v0x5566d597b5c0_21, C4<0000000000000000>, C4<0000000000000000>, C4<0000000000000000>;
v0x5566d597b5c0_22 .array/port v0x5566d597b5c0, 22;
L_0x5566d5990710 .functor BUFZ 16, v0x5566d597b5c0_22, C4<0000000000000000>, C4<0000000000000000>, C4<0000000000000000>;
v0x5566d597b5c0_23 .array/port v0x5566d597b5c0, 23;
L_0x5566d5990950 .functor BUFZ 16, v0x5566d597b5c0_23, C4<0000000000000000>, C4<0000000000000000>, C4<0000000000000000>;
v0x5566d597b5c0_24 .array/port v0x5566d597b5c0, 24;
L_0x5566d5990860 .functor BUFZ 16, v0x5566d597b5c0_24, C4<0000000000000000>, C4<0000000000000000>, C4<0000000000000000>;
v0x5566d597b5c0_25 .array/port v0x5566d597b5c0, 25;
L_0x5566d5990af0 .functor BUFZ 16, v0x5566d597b5c0_25, C4<0000000000000000>, C4<0000000000000000>, C4<0000000000000000>;
v0x5566d597b5c0_26 .array/port v0x5566d597b5c0, 26;
L_0x5566d5990a20 .functor BUFZ 16, v0x5566d597b5c0_26, C4<0000000000000000>, C4<0000000000000000>, C4<0000000000000000>;
v0x5566d597b5c0_27 .array/port v0x5566d597b5c0, 27;
L_0x5566d5990ca0 .functor BUFZ 16, v0x5566d597b5c0_27, C4<0000000000000000>, C4<0000000000000000>, C4<0000000000000000>;
v0x5566d597b5c0_28 .array/port v0x5566d597b5c0, 28;
L_0x5566d5990bc0 .functor BUFZ 16, v0x5566d597b5c0_28, C4<0000000000000000>, C4<0000000000000000>, C4<0000000000000000>;
v0x5566d597b5c0_29 .array/port v0x5566d597b5c0, 29;
L_0x5566d5990e00 .functor BUFZ 16, v0x5566d597b5c0_29, C4<0000000000000000>, C4<0000000000000000>, C4<0000000000000000>;
v0x5566d597b5c0_30 .array/port v0x5566d597b5c0, 30;
L_0x5566d5990d10 .functor BUFZ 16, v0x5566d597b5c0_30, C4<0000000000000000>, C4<0000000000000000>, C4<0000000000000000>;
v0x5566d597b5c0_31 .array/port v0x5566d597b5c0, 31;
L_0x5566d5990fa0 .functor BUFZ 16, v0x5566d597b5c0_31, C4<0000000000000000>, C4<0000000000000000>, C4<0000000000000000>;
v0x5566d597b5c0_32 .array/port v0x5566d597b5c0, 32;
L_0x5566d5990ea0 .functor BUFZ 16, v0x5566d597b5c0_32, C4<0000000000000000>, C4<0000000000000000>, C4<0000000000000000>;
v0x5566d597b5c0_33 .array/port v0x5566d597b5c0, 33;
L_0x5566d5991120 .functor BUFZ 16, v0x5566d597b5c0_33, C4<0000000000000000>, C4<0000000000000000>, C4<0000000000000000>;
v0x5566d597b5c0_34 .array/port v0x5566d597b5c0, 34;
L_0x5566d5991010 .functor BUFZ 16, v0x5566d597b5c0_34, C4<0000000000000000>, C4<0000000000000000>, C4<0000000000000000>;
v0x5566d597b5c0_35 .array/port v0x5566d597b5c0, 35;
L_0x5566d59912e0 .functor BUFZ 16, v0x5566d597b5c0_35, C4<0000000000000000>, C4<0000000000000000>, C4<0000000000000000>;
v0x5566d597b5c0_36 .array/port v0x5566d597b5c0, 36;
L_0x5566d59911c0 .functor BUFZ 16, v0x5566d597b5c0_36, C4<0000000000000000>, C4<0000000000000000>, C4<0000000000000000>;
v0x5566d597b5c0_37 .array/port v0x5566d597b5c0, 37;
L_0x5566d5958c30 .functor BUFZ 16, v0x5566d597b5c0_37, C4<0000000000000000>, C4<0000000000000000>, C4<0000000000000000>;
v0x5566d597b5c0_38 .array/port v0x5566d597b5c0, 38;
L_0x5566d5991350 .functor BUFZ 16, v0x5566d597b5c0_38, C4<0000000000000000>, C4<0000000000000000>, C4<0000000000000000>;
v0x5566d597b5c0_39 .array/port v0x5566d597b5c0, 39;
L_0x5566d59915f0 .functor BUFZ 16, v0x5566d597b5c0_39, C4<0000000000000000>, C4<0000000000000000>, C4<0000000000000000>;
v0x5566d597b5c0_40 .array/port v0x5566d597b5c0, 40;
L_0x5566d59914b0 .functor BUFZ 16, v0x5566d597b5c0_40, C4<0000000000000000>, C4<0000000000000000>, C4<0000000000000000>;
v0x5566d597b5c0_41 .array/port v0x5566d597b5c0, 41;
L_0x5566d5991550 .functor BUFZ 16, v0x5566d597b5c0_41, C4<0000000000000000>, C4<0000000000000000>, C4<0000000000000000>;
v0x5566d597b5c0_42 .array/port v0x5566d597b5c0, 42;
L_0x5566d59917c0 .functor BUFZ 16, v0x5566d597b5c0_42, C4<0000000000000000>, C4<0000000000000000>, C4<0000000000000000>;
v0x5566d597b5c0_43 .array/port v0x5566d597b5c0, 43;
L_0x5566d5991860 .functor BUFZ 16, v0x5566d597b5c0_43, C4<0000000000000000>, C4<0000000000000000>, C4<0000000000000000>;
v0x5566d597b5c0_44 .array/port v0x5566d597b5c0, 44;
L_0x5566d5991660 .functor BUFZ 16, v0x5566d597b5c0_44, C4<0000000000000000>, C4<0000000000000000>, C4<0000000000000000>;
v0x5566d597b5c0_45 .array/port v0x5566d597b5c0, 45;
L_0x5566d5991730 .functor BUFZ 16, v0x5566d597b5c0_45, C4<0000000000000000>, C4<0000000000000000>, C4<0000000000000000>;
v0x5566d597b5c0_46 .array/port v0x5566d597b5c0, 46;
L_0x5566d5991ab0 .functor BUFZ 16, v0x5566d597b5c0_46, C4<0000000000000000>, C4<0000000000000000>, C4<0000000000000000>;
v0x5566d597b5c0_47 .array/port v0x5566d597b5c0, 47;
L_0x5566d5991b80 .functor BUFZ 16, v0x5566d597b5c0_47, C4<0000000000000000>, C4<0000000000000000>, C4<0000000000000000>;
v0x5566d595c650_0 .array/port v0x5566d595c650, 0;
L_0x5566d5991930 .functor BUFZ 16, v0x5566d595c650_0, C4<0000000000000000>, C4<0000000000000000>, C4<0000000000000000>;
v0x5566d595c650_1 .array/port v0x5566d595c650, 1;
L_0x5566d5991a00 .functor BUFZ 16, v0x5566d595c650_1, C4<0000000000000000>, C4<0000000000000000>, C4<0000000000000000>;
v0x5566d595c650_2 .array/port v0x5566d595c650, 2;
L_0x5566d5991c20 .functor BUFZ 16, v0x5566d595c650_2, C4<0000000000000000>, C4<0000000000000000>, C4<0000000000000000>;
v0x5566d595c650_3 .array/port v0x5566d595c650, 3;
L_0x5566d5991cf0 .functor BUFZ 16, v0x5566d595c650_3, C4<0000000000000000>, C4<0000000000000000>, C4<0000000000000000>;
v0x5566d595c650_4 .array/port v0x5566d595c650, 4;
L_0x5566d5991f90 .functor BUFZ 16, v0x5566d595c650_4, C4<0000000000000000>, C4<0000000000000000>, C4<0000000000000000>;
v0x5566d595c650_5 .array/port v0x5566d595c650, 5;
L_0x5566d5992030 .functor BUFZ 16, v0x5566d595c650_5, C4<0000000000000000>, C4<0000000000000000>, C4<0000000000000000>;
v0x5566d595c650_6 .array/port v0x5566d595c650, 6;
L_0x5566d5991de0 .functor BUFZ 16, v0x5566d595c650_6, C4<0000000000000000>, C4<0000000000000000>, C4<0000000000000000>;
v0x5566d595c650_7 .array/port v0x5566d595c650, 7;
L_0x5566d5991eb0 .functor BUFZ 16, v0x5566d595c650_7, C4<0000000000000000>, C4<0000000000000000>, C4<0000000000000000>;
v0x5566d595c650_8 .array/port v0x5566d595c650, 8;
L_0x5566d5992270 .functor BUFZ 16, v0x5566d595c650_8, C4<0000000000000000>, C4<0000000000000000>, C4<0000000000000000>;
L_0x5566d5994210 .functor BUFZ 16, v0x5566d597b5c0_0, C4<0000000000000000>, C4<0000000000000000>, C4<0000000000000000>;
L_0x5566d5724cd0 .functor BUFZ 16, v0x5566d597b5c0_1, C4<0000000000000000>, C4<0000000000000000>, C4<0000000000000000>;
L_0x5566d59947f0 .functor BUFZ 16, v0x5566d597b5c0_2, C4<0000000000000000>, C4<0000000000000000>, C4<0000000000000000>;
L_0x5566d5994440 .functor BUFZ 16, v0x5566d597b5c0_3, C4<0000000000000000>, C4<0000000000000000>, C4<0000000000000000>;
L_0x5566d5994500 .functor BUFZ 16, v0x5566d597b5c0_4, C4<0000000000000000>, C4<0000000000000000>, C4<0000000000000000>;
L_0x5566d59945c0 .functor BUFZ 16, v0x5566d597b5c0_5, C4<0000000000000000>, C4<0000000000000000>, C4<0000000000000000>;
L_0x5566d5994680 .functor BUFZ 16, v0x5566d597b5c0_6, C4<0000000000000000>, C4<0000000000000000>, C4<0000000000000000>;
L_0x5566d5994c40 .functor BUFZ 16, v0x5566d597b5c0_7, C4<0000000000000000>, C4<0000000000000000>, C4<0000000000000000>;
L_0x5566d5994cb0 .functor BUFZ 16, v0x5566d597b5c0_8, C4<0000000000000000>, C4<0000000000000000>, C4<0000000000000000>;
L_0x5566d59948b0 .functor BUFZ 16, v0x5566d597b5c0_9, C4<0000000000000000>, C4<0000000000000000>, C4<0000000000000000>;
L_0x5566d5994970 .functor BUFZ 16, v0x5566d597b5c0_10, C4<0000000000000000>, C4<0000000000000000>, C4<0000000000000000>;
L_0x5566d5994a30 .functor BUFZ 16, v0x5566d597b5c0_11, C4<0000000000000000>, C4<0000000000000000>, C4<0000000000000000>;
L_0x5566d5994af0 .functor BUFZ 16, v0x5566d597b5c0_12, C4<0000000000000000>, C4<0000000000000000>, C4<0000000000000000>;
L_0x5566d5994bb0 .functor BUFZ 16, v0x5566d597b5c0_13, C4<0000000000000000>, C4<0000000000000000>, C4<0000000000000000>;
L_0x5566d5995180 .functor BUFZ 16, v0x5566d597b5c0_14, C4<0000000000000000>, C4<0000000000000000>, C4<0000000000000000>;
L_0x5566d5994d70 .functor BUFZ 16, v0x5566d597b5c0_15, C4<0000000000000000>, C4<0000000000000000>, C4<0000000000000000>;
L_0x5566d5994e30 .functor BUFZ 16, v0x5566d597b5c0_16, C4<0000000000000000>, C4<0000000000000000>, C4<0000000000000000>;
L_0x5566d5994ef0 .functor BUFZ 16, v0x5566d597b5c0_17, C4<0000000000000000>, C4<0000000000000000>, C4<0000000000000000>;
L_0x5566d5994fb0 .functor BUFZ 16, v0x5566d597b5c0_18, C4<0000000000000000>, C4<0000000000000000>, C4<0000000000000000>;
L_0x5566d5995070 .functor BUFZ 16, v0x5566d597b5c0_19, C4<0000000000000000>, C4<0000000000000000>, C4<0000000000000000>;
L_0x5566d5995630 .functor BUFZ 16, v0x5566d597b5c0_20, C4<0000000000000000>, C4<0000000000000000>, C4<0000000000000000>;
L_0x5566d5995240 .functor BUFZ 16, v0x5566d597b5c0_21, C4<0000000000000000>, C4<0000000000000000>, C4<0000000000000000>;
L_0x5566d5995300 .functor BUFZ 16, v0x5566d597b5c0_22, C4<0000000000000000>, C4<0000000000000000>, C4<0000000000000000>;
L_0x5566d59953c0 .functor BUFZ 16, v0x5566d597b5c0_23, C4<0000000000000000>, C4<0000000000000000>, C4<0000000000000000>;
L_0x5566d5995480 .functor BUFZ 16, v0x5566d597b5c0_24, C4<0000000000000000>, C4<0000000000000000>, C4<0000000000000000>;
L_0x5566d5995540 .functor BUFZ 16, v0x5566d597b5c0_25, C4<0000000000000000>, C4<0000000000000000>, C4<0000000000000000>;
L_0x5566d5995b10 .functor BUFZ 16, v0x5566d597b5c0_26, C4<0000000000000000>, C4<0000000000000000>, C4<0000000000000000>;
L_0x5566d59956f0 .functor BUFZ 16, v0x5566d597b5c0_27, C4<0000000000000000>, C4<0000000000000000>, C4<0000000000000000>;
L_0x5566d59957b0 .functor BUFZ 16, v0x5566d597b5c0_28, C4<0000000000000000>, C4<0000000000000000>, C4<0000000000000000>;
L_0x5566d5995870 .functor BUFZ 16, v0x5566d597b5c0_29, C4<0000000000000000>, C4<0000000000000000>, C4<0000000000000000>;
L_0x5566d5995930 .functor BUFZ 16, v0x5566d597b5c0_30, C4<0000000000000000>, C4<0000000000000000>, C4<0000000000000000>;
L_0x5566d59959f0 .functor BUFZ 16, v0x5566d597b5c0_31, C4<0000000000000000>, C4<0000000000000000>, C4<0000000000000000>;
L_0x5566d5996020 .functor BUFZ 16, v0x5566d597b5c0_32, C4<0000000000000000>, C4<0000000000000000>, C4<0000000000000000>;
L_0x5566d5995bd0 .functor BUFZ 16, v0x5566d597b5c0_33, C4<0000000000000000>, C4<0000000000000000>, C4<0000000000000000>;
L_0x5566d5995c90 .functor BUFZ 16, v0x5566d597b5c0_34, C4<0000000000000000>, C4<0000000000000000>, C4<0000000000000000>;
L_0x5566d5995d50 .functor BUFZ 16, v0x5566d597b5c0_35, C4<0000000000000000>, C4<0000000000000000>, C4<0000000000000000>;
L_0x5566d5995e10 .functor BUFZ 16, v0x5566d597b5c0_36, C4<0000000000000000>, C4<0000000000000000>, C4<0000000000000000>;
L_0x5566d5995ed0 .functor BUFZ 16, v0x5566d597b5c0_37, C4<0000000000000000>, C4<0000000000000000>, C4<0000000000000000>;
L_0x5566d5995f90 .functor BUFZ 16, v0x5566d597b5c0_38, C4<0000000000000000>, C4<0000000000000000>, C4<0000000000000000>;
L_0x5566d5996090 .functor BUFZ 16, v0x5566d597b5c0_39, C4<0000000000000000>, C4<0000000000000000>, C4<0000000000000000>;
L_0x5566d5996150 .functor BUFZ 16, v0x5566d597b5c0_40, C4<0000000000000000>, C4<0000000000000000>, C4<0000000000000000>;
L_0x5566d5996210 .functor BUFZ 16, v0x5566d597b5c0_41, C4<0000000000000000>, C4<0000000000000000>, C4<0000000000000000>;
L_0x5566d59962d0 .functor BUFZ 16, v0x5566d597b5c0_42, C4<0000000000000000>, C4<0000000000000000>, C4<0000000000000000>;
L_0x5566d5996390 .functor BUFZ 16, v0x5566d597b5c0_43, C4<0000000000000000>, C4<0000000000000000>, C4<0000000000000000>;
L_0x5566d5996450 .functor BUFZ 16, v0x5566d597b5c0_44, C4<0000000000000000>, C4<0000000000000000>, C4<0000000000000000>;
L_0x5566d5996a20 .functor BUFZ 16, v0x5566d597b5c0_45, C4<0000000000000000>, C4<0000000000000000>, C4<0000000000000000>;
L_0x5566d5996ae0 .functor BUFZ 16, v0x5566d597b5c0_46, C4<0000000000000000>, C4<0000000000000000>, C4<0000000000000000>;
L_0x5566d5996560 .functor BUFZ 16, v0x5566d597b5c0_47, C4<0000000000000000>, C4<0000000000000000>, C4<0000000000000000>;
v0x5566d595c5b0_0 .array/port v0x5566d595c5b0, 0;
L_0x5566d5996620 .functor BUFZ 16, v0x5566d595c5b0_0, C4<0000000000000000>, C4<0000000000000000>, C4<0000000000000000>;
v0x5566d595c5b0_1 .array/port v0x5566d595c5b0, 1;
L_0x5566d5996690 .functor BUFZ 16, v0x5566d595c5b0_1, C4<0000000000000000>, C4<0000000000000000>, C4<0000000000000000>;
v0x5566d595c5b0_2 .array/port v0x5566d595c5b0, 2;
L_0x5566d5996700 .functor BUFZ 16, v0x5566d595c5b0_2, C4<0000000000000000>, C4<0000000000000000>, C4<0000000000000000>;
v0x5566d595c5b0_3 .array/port v0x5566d595c5b0, 3;
L_0x5566d59967a0 .functor BUFZ 16, v0x5566d595c5b0_3, C4<0000000000000000>, C4<0000000000000000>, C4<0000000000000000>;
v0x5566d595c5b0_4 .array/port v0x5566d595c5b0, 4;
L_0x5566d5996870 .functor BUFZ 16, v0x5566d595c5b0_4, C4<0000000000000000>, C4<0000000000000000>, C4<0000000000000000>;
v0x5566d595c5b0_5 .array/port v0x5566d595c5b0, 5;
L_0x5566d5996940 .functor BUFZ 16, v0x5566d595c5b0_5, C4<0000000000000000>, C4<0000000000000000>, C4<0000000000000000>;
v0x5566d595c5b0_6 .array/port v0x5566d595c5b0, 6;
L_0x5566d59970a0 .functor BUFZ 16, v0x5566d595c5b0_6, C4<0000000000000000>, C4<0000000000000000>, C4<0000000000000000>;
v0x5566d595c5b0_7 .array/port v0x5566d595c5b0, 7;
L_0x5566d5996ba0 .functor BUFZ 16, v0x5566d595c5b0_7, C4<0000000000000000>, C4<0000000000000000>, C4<0000000000000000>;
v0x5566d595c5b0_8 .array/port v0x5566d595c5b0, 8;
L_0x5566d5996c70 .functor BUFZ 16, v0x5566d595c5b0_8, C4<0000000000000000>, C4<0000000000000000>, C4<0000000000000000>;
L_0x5566d5998f20 .functor BUFZ 16, v0x5566d597b5c0_0, C4<0000000000000000>, C4<0000000000000000>, C4<0000000000000000>;
L_0x5566d5998fc0 .functor BUFZ 16, v0x5566d597b5c0_1, C4<0000000000000000>, C4<0000000000000000>, C4<0000000000000000>;
L_0x5566d5999060 .functor BUFZ 16, v0x5566d597b5c0_2, C4<0000000000000000>, C4<0000000000000000>, C4<0000000000000000>;
L_0x5566d5999100 .functor BUFZ 16, v0x5566d597b5c0_3, C4<0000000000000000>, C4<0000000000000000>, C4<0000000000000000>;
L_0x5566d59991a0 .functor BUFZ 16, v0x5566d597b5c0_4, C4<0000000000000000>, C4<0000000000000000>, C4<0000000000000000>;
L_0x5566d5713490 .functor BUFZ 16, v0x5566d597b5c0_5, C4<0000000000000000>, C4<0000000000000000>, C4<0000000000000000>;
L_0x5566d59999f0 .functor BUFZ 16, v0x5566d597b5c0_6, C4<0000000000000000>, C4<0000000000000000>, C4<0000000000000000>;
L_0x5566d5999a90 .functor BUFZ 16, v0x5566d597b5c0_7, C4<0000000000000000>, C4<0000000000000000>, C4<0000000000000000>;
L_0x5566d5999320 .functor BUFZ 16, v0x5566d597b5c0_8, C4<0000000000000000>, C4<0000000000000000>, C4<0000000000000000>;
L_0x5566d59993c0 .functor BUFZ 16, v0x5566d597b5c0_9, C4<0000000000000000>, C4<0000000000000000>, C4<0000000000000000>;
L_0x5566d5999460 .functor BUFZ 16, v0x5566d597b5c0_10, C4<0000000000000000>, C4<0000000000000000>, C4<0000000000000000>;
L_0x5566d5999500 .functor BUFZ 16, v0x5566d597b5c0_11, C4<0000000000000000>, C4<0000000000000000>, C4<0000000000000000>;
L_0x5566d59995a0 .functor BUFZ 16, v0x5566d597b5c0_12, C4<0000000000000000>, C4<0000000000000000>, C4<0000000000000000>;
L_0x5566d5999640 .functor BUFZ 16, v0x5566d597b5c0_13, C4<0000000000000000>, C4<0000000000000000>, C4<0000000000000000>;
L_0x5566d59996e0 .functor BUFZ 16, v0x5566d597b5c0_14, C4<0000000000000000>, C4<0000000000000000>, C4<0000000000000000>;
L_0x5566d5999780 .functor BUFZ 16, v0x5566d597b5c0_15, C4<0000000000000000>, C4<0000000000000000>, C4<0000000000000000>;
L_0x5566d5999820 .functor BUFZ 16, v0x5566d597b5c0_16, C4<0000000000000000>, C4<0000000000000000>, C4<0000000000000000>;
L_0x5566d59998c0 .functor BUFZ 16, v0x5566d597b5c0_17, C4<0000000000000000>, C4<0000000000000000>, C4<0000000000000000>;
L_0x5566d5999960 .functor BUFZ 16, v0x5566d597b5c0_18, C4<0000000000000000>, C4<0000000000000000>, C4<0000000000000000>;
L_0x5566d599a290 .functor BUFZ 16, v0x5566d597b5c0_19, C4<0000000000000000>, C4<0000000000000000>, C4<0000000000000000>;
L_0x5566d5999b30 .functor BUFZ 16, v0x5566d597b5c0_20, C4<0000000000000000>, C4<0000000000000000>, C4<0000000000000000>;
L_0x5566d5999bd0 .functor BUFZ 16, v0x5566d597b5c0_21, C4<0000000000000000>, C4<0000000000000000>, C4<0000000000000000>;
L_0x5566d5999c70 .functor BUFZ 16, v0x5566d597b5c0_22, C4<0000000000000000>, C4<0000000000000000>, C4<0000000000000000>;
L_0x5566d5999d10 .functor BUFZ 16, v0x5566d597b5c0_23, C4<0000000000000000>, C4<0000000000000000>, C4<0000000000000000>;
L_0x5566d5999db0 .functor BUFZ 16, v0x5566d597b5c0_24, C4<0000000000000000>, C4<0000000000000000>, C4<0000000000000000>;
L_0x5566d5999e50 .functor BUFZ 16, v0x5566d597b5c0_25, C4<0000000000000000>, C4<0000000000000000>, C4<0000000000000000>;
L_0x5566d5999ef0 .functor BUFZ 16, v0x5566d597b5c0_26, C4<0000000000000000>, C4<0000000000000000>, C4<0000000000000000>;
L_0x5566d5999f90 .functor BUFZ 16, v0x5566d597b5c0_27, C4<0000000000000000>, C4<0000000000000000>, C4<0000000000000000>;
L_0x5566d599a030 .functor BUFZ 16, v0x5566d597b5c0_28, C4<0000000000000000>, C4<0000000000000000>, C4<0000000000000000>;
L_0x5566d599a0d0 .functor BUFZ 16, v0x5566d597b5c0_29, C4<0000000000000000>, C4<0000000000000000>, C4<0000000000000000>;
L_0x5566d599a170 .functor BUFZ 16, v0x5566d597b5c0_30, C4<0000000000000000>, C4<0000000000000000>, C4<0000000000000000>;
L_0x5566d599aac0 .functor BUFZ 16, v0x5566d597b5c0_31, C4<0000000000000000>, C4<0000000000000000>, C4<0000000000000000>;
L_0x5566d599a330 .functor BUFZ 16, v0x5566d597b5c0_32, C4<0000000000000000>, C4<0000000000000000>, C4<0000000000000000>;
L_0x5566d599a3d0 .functor BUFZ 16, v0x5566d597b5c0_33, C4<0000000000000000>, C4<0000000000000000>, C4<0000000000000000>;
L_0x5566d599a470 .functor BUFZ 16, v0x5566d597b5c0_34, C4<0000000000000000>, C4<0000000000000000>, C4<0000000000000000>;
L_0x5566d599a510 .functor BUFZ 16, v0x5566d597b5c0_35, C4<0000000000000000>, C4<0000000000000000>, C4<0000000000000000>;
L_0x5566d599a5b0 .functor BUFZ 16, v0x5566d597b5c0_36, C4<0000000000000000>, C4<0000000000000000>, C4<0000000000000000>;
L_0x5566d599a650 .functor BUFZ 16, v0x5566d597b5c0_37, C4<0000000000000000>, C4<0000000000000000>, C4<0000000000000000>;
L_0x5566d599a6f0 .functor BUFZ 16, v0x5566d597b5c0_38, C4<0000000000000000>, C4<0000000000000000>, C4<0000000000000000>;
L_0x5566d599a790 .functor BUFZ 16, v0x5566d597b5c0_39, C4<0000000000000000>, C4<0000000000000000>, C4<0000000000000000>;
L_0x5566d599a830 .functor BUFZ 16, v0x5566d597b5c0_40, C4<0000000000000000>, C4<0000000000000000>, C4<0000000000000000>;
L_0x5566d599a8d0 .functor BUFZ 16, v0x5566d597b5c0_41, C4<0000000000000000>, C4<0000000000000000>, C4<0000000000000000>;
L_0x5566d599a970 .functor BUFZ 16, v0x5566d597b5c0_42, C4<0000000000000000>, C4<0000000000000000>, C4<0000000000000000>;
L_0x5566d599aa10 .functor BUFZ 16, v0x5566d597b5c0_43, C4<0000000000000000>, C4<0000000000000000>, C4<0000000000000000>;
L_0x5566d599b330 .functor BUFZ 16, v0x5566d597b5c0_44, C4<0000000000000000>, C4<0000000000000000>, C4<0000000000000000>;
L_0x5566d599b3d0 .functor BUFZ 16, v0x5566d597b5c0_45, C4<0000000000000000>, C4<0000000000000000>, C4<0000000000000000>;
L_0x5566d599ab30 .functor BUFZ 16, v0x5566d597b5c0_46, C4<0000000000000000>, C4<0000000000000000>, C4<0000000000000000>;
L_0x5566d599abd0 .functor BUFZ 16, v0x5566d597b5c0_47, C4<0000000000000000>, C4<0000000000000000>, C4<0000000000000000>;
v0x5566d595c740_0 .array/port v0x5566d595c740, 0;
L_0x5566d599ac70 .functor BUFZ 16, v0x5566d595c740_0, C4<0000000000000000>, C4<0000000000000000>, C4<0000000000000000>;
v0x5566d595c740_1 .array/port v0x5566d595c740, 1;
L_0x5566d599ad40 .functor BUFZ 16, v0x5566d595c740_1, C4<0000000000000000>, C4<0000000000000000>, C4<0000000000000000>;
v0x5566d595c740_2 .array/port v0x5566d595c740, 2;
L_0x5566d599ae10 .functor BUFZ 16, v0x5566d595c740_2, C4<0000000000000000>, C4<0000000000000000>, C4<0000000000000000>;
v0x5566d595c740_3 .array/port v0x5566d595c740, 3;
L_0x5566d599aee0 .functor BUFZ 16, v0x5566d595c740_3, C4<0000000000000000>, C4<0000000000000000>, C4<0000000000000000>;
v0x5566d595c740_4 .array/port v0x5566d595c740, 4;
L_0x5566d599afb0 .functor BUFZ 16, v0x5566d595c740_4, C4<0000000000000000>, C4<0000000000000000>, C4<0000000000000000>;
v0x5566d595c740_5 .array/port v0x5566d595c740, 5;
L_0x5566d599b080 .functor BUFZ 16, v0x5566d595c740_5, C4<0000000000000000>, C4<0000000000000000>, C4<0000000000000000>;
v0x5566d595c740_6 .array/port v0x5566d595c740, 6;
L_0x5566d599b150 .functor BUFZ 16, v0x5566d595c740_6, C4<0000000000000000>, C4<0000000000000000>, C4<0000000000000000>;
v0x5566d595c740_7 .array/port v0x5566d595c740, 7;
L_0x5566d599b220 .functor BUFZ 16, v0x5566d595c740_7, C4<0000000000000000>, C4<0000000000000000>, C4<0000000000000000>;
v0x5566d595c740_8 .array/port v0x5566d595c740, 8;
L_0x5566d5953b80 .functor BUFZ 16, v0x5566d595c740_8, C4<0000000000000000>, C4<0000000000000000>, C4<0000000000000000>;
v0x5566d5820a60_0 .array/port v0x5566d5820a60, 0;
L_0x5566d599d5d0 .functor BUFZ 16, v0x5566d5820a60_0, C4<0000000000000000>, C4<0000000000000000>, C4<0000000000000000>;
v0x5566d5820a60_1 .array/port v0x5566d5820a60, 1;
L_0x5566d599d6c0 .functor BUFZ 16, v0x5566d5820a60_1, C4<0000000000000000>, C4<0000000000000000>, C4<0000000000000000>;
v0x5566d5820a60_2 .array/port v0x5566d5820a60, 2;
L_0x5566d599d780 .functor BUFZ 16, v0x5566d5820a60_2, C4<0000000000000000>, C4<0000000000000000>, C4<0000000000000000>;
v0x5566d5820a60_3 .array/port v0x5566d5820a60, 3;
L_0x5566d599d840 .functor BUFZ 16, v0x5566d5820a60_3, C4<0000000000000000>, C4<0000000000000000>, C4<0000000000000000>;
v0x5566d5820a60_4 .array/port v0x5566d5820a60, 4;
L_0x5566d599d900 .functor BUFZ 16, v0x5566d5820a60_4, C4<0000000000000000>, C4<0000000000000000>, C4<0000000000000000>;
v0x5566d5820a60_5 .array/port v0x5566d5820a60, 5;
L_0x5566d599d9c0 .functor BUFZ 16, v0x5566d5820a60_5, C4<0000000000000000>, C4<0000000000000000>, C4<0000000000000000>;
v0x5566d5820a60_6 .array/port v0x5566d5820a60, 6;
L_0x5566d599da80 .functor BUFZ 16, v0x5566d5820a60_6, C4<0000000000000000>, C4<0000000000000000>, C4<0000000000000000>;
v0x5566d5820a60_7 .array/port v0x5566d5820a60, 7;
L_0x5566d5951360 .functor BUFZ 16, v0x5566d5820a60_7, C4<0000000000000000>, C4<0000000000000000>, C4<0000000000000000>;
v0x5566d5820a60_8 .array/port v0x5566d5820a60, 8;
L_0x5566d599e5f0 .functor BUFZ 16, v0x5566d5820a60_8, C4<0000000000000000>, C4<0000000000000000>, C4<0000000000000000>;
v0x5566d5820a60_9 .array/port v0x5566d5820a60, 9;
L_0x5566d599dbd0 .functor BUFZ 16, v0x5566d5820a60_9, C4<0000000000000000>, C4<0000000000000000>, C4<0000000000000000>;
v0x5566d5820a60_10 .array/port v0x5566d5820a60, 10;
L_0x5566d599dc90 .functor BUFZ 16, v0x5566d5820a60_10, C4<0000000000000000>, C4<0000000000000000>, C4<0000000000000000>;
v0x5566d5820a60_11 .array/port v0x5566d5820a60, 11;
L_0x5566d599dd50 .functor BUFZ 16, v0x5566d5820a60_11, C4<0000000000000000>, C4<0000000000000000>, C4<0000000000000000>;
v0x5566d5820a60_12 .array/port v0x5566d5820a60, 12;
L_0x5566d599de10 .functor BUFZ 16, v0x5566d5820a60_12, C4<0000000000000000>, C4<0000000000000000>, C4<0000000000000000>;
v0x5566d5820a60_13 .array/port v0x5566d5820a60, 13;
L_0x5566d599ded0 .functor BUFZ 16, v0x5566d5820a60_13, C4<0000000000000000>, C4<0000000000000000>, C4<0000000000000000>;
v0x5566d5820a60_14 .array/port v0x5566d5820a60, 14;
L_0x5566d599df90 .functor BUFZ 16, v0x5566d5820a60_14, C4<0000000000000000>, C4<0000000000000000>, C4<0000000000000000>;
v0x5566d5820a60_15 .array/port v0x5566d5820a60, 15;
L_0x5566d599e050 .functor BUFZ 16, v0x5566d5820a60_15, C4<0000000000000000>, C4<0000000000000000>, C4<0000000000000000>;
v0x5566d5820a60_16 .array/port v0x5566d5820a60, 16;
L_0x5566d599e110 .functor BUFZ 16, v0x5566d5820a60_16, C4<0000000000000000>, C4<0000000000000000>, C4<0000000000000000>;
v0x5566d5820a60_17 .array/port v0x5566d5820a60, 17;
L_0x5566d599e1d0 .functor BUFZ 16, v0x5566d5820a60_17, C4<0000000000000000>, C4<0000000000000000>, C4<0000000000000000>;
v0x5566d5820a60_18 .array/port v0x5566d5820a60, 18;
L_0x5566d599e290 .functor BUFZ 16, v0x5566d5820a60_18, C4<0000000000000000>, C4<0000000000000000>, C4<0000000000000000>;
v0x5566d5820a60_19 .array/port v0x5566d5820a60, 19;
L_0x5566d599e350 .functor BUFZ 16, v0x5566d5820a60_19, C4<0000000000000000>, C4<0000000000000000>, C4<0000000000000000>;
v0x5566d5820a60_20 .array/port v0x5566d5820a60, 20;
L_0x5566d599e410 .functor BUFZ 16, v0x5566d5820a60_20, C4<0000000000000000>, C4<0000000000000000>, C4<0000000000000000>;
v0x5566d5820a60_21 .array/port v0x5566d5820a60, 21;
L_0x5566d599e4d0 .functor BUFZ 16, v0x5566d5820a60_21, C4<0000000000000000>, C4<0000000000000000>, C4<0000000000000000>;
v0x5566d5820a60_22 .array/port v0x5566d5820a60, 22;
L_0x5566d599f140 .functor BUFZ 16, v0x5566d5820a60_22, C4<0000000000000000>, C4<0000000000000000>, C4<0000000000000000>;
v0x5566d5820a60_23 .array/port v0x5566d5820a60, 23;
L_0x5566d599e6b0 .functor BUFZ 16, v0x5566d5820a60_23, C4<0000000000000000>, C4<0000000000000000>, C4<0000000000000000>;
v0x5566d5820a60_24 .array/port v0x5566d5820a60, 24;
L_0x5566d599e770 .functor BUFZ 16, v0x5566d5820a60_24, C4<0000000000000000>, C4<0000000000000000>, C4<0000000000000000>;
v0x5566d5820a60_25 .array/port v0x5566d5820a60, 25;
L_0x5566d599e830 .functor BUFZ 16, v0x5566d5820a60_25, C4<0000000000000000>, C4<0000000000000000>, C4<0000000000000000>;
v0x5566d5820a60_26 .array/port v0x5566d5820a60, 26;
L_0x5566d599e8f0 .functor BUFZ 16, v0x5566d5820a60_26, C4<0000000000000000>, C4<0000000000000000>, C4<0000000000000000>;
v0x5566d5820a60_27 .array/port v0x5566d5820a60, 27;
L_0x5566d599e9b0 .functor BUFZ 16, v0x5566d5820a60_27, C4<0000000000000000>, C4<0000000000000000>, C4<0000000000000000>;
v0x5566d5820a60_28 .array/port v0x5566d5820a60, 28;
L_0x5566d599ea70 .functor BUFZ 16, v0x5566d5820a60_28, C4<0000000000000000>, C4<0000000000000000>, C4<0000000000000000>;
v0x5566d5820a60_29 .array/port v0x5566d5820a60, 29;
L_0x5566d599eb30 .functor BUFZ 16, v0x5566d5820a60_29, C4<0000000000000000>, C4<0000000000000000>, C4<0000000000000000>;
v0x5566d5820a60_30 .array/port v0x5566d5820a60, 30;
L_0x5566d599ebf0 .functor BUFZ 16, v0x5566d5820a60_30, C4<0000000000000000>, C4<0000000000000000>, C4<0000000000000000>;
v0x5566d5820a60_31 .array/port v0x5566d5820a60, 31;
L_0x5566d599ecb0 .functor BUFZ 16, v0x5566d5820a60_31, C4<0000000000000000>, C4<0000000000000000>, C4<0000000000000000>;
v0x5566d5820a60_32 .array/port v0x5566d5820a60, 32;
L_0x5566d599ed70 .functor BUFZ 16, v0x5566d5820a60_32, C4<0000000000000000>, C4<0000000000000000>, C4<0000000000000000>;
v0x5566d5820a60_33 .array/port v0x5566d5820a60, 33;
L_0x5566d599ee30 .functor BUFZ 16, v0x5566d5820a60_33, C4<0000000000000000>, C4<0000000000000000>, C4<0000000000000000>;
v0x5566d5820a60_34 .array/port v0x5566d5820a60, 34;
L_0x5566d599eef0 .functor BUFZ 16, v0x5566d5820a60_34, C4<0000000000000000>, C4<0000000000000000>, C4<0000000000000000>;
v0x5566d5820a60_35 .array/port v0x5566d5820a60, 35;
L_0x5566d599efb0 .functor BUFZ 16, v0x5566d5820a60_35, C4<0000000000000000>, C4<0000000000000000>, C4<0000000000000000>;
v0x5566d5820a60_36 .array/port v0x5566d5820a60, 36;
L_0x5566d599f070 .functor BUFZ 16, v0x5566d5820a60_36, C4<0000000000000000>, C4<0000000000000000>, C4<0000000000000000>;
v0x5566d5820a60_37 .array/port v0x5566d5820a60, 37;
L_0x5566d599fcc0 .functor BUFZ 16, v0x5566d5820a60_37, C4<0000000000000000>, C4<0000000000000000>, C4<0000000000000000>;
v0x5566d5820a60_38 .array/port v0x5566d5820a60, 38;
L_0x5566d599fd80 .functor BUFZ 16, v0x5566d5820a60_38, C4<0000000000000000>, C4<0000000000000000>, C4<0000000000000000>;
v0x5566d5820a60_39 .array/port v0x5566d5820a60, 39;
L_0x5566d599f1b0 .functor BUFZ 16, v0x5566d5820a60_39, C4<0000000000000000>, C4<0000000000000000>, C4<0000000000000000>;
v0x5566d5820a60_40 .array/port v0x5566d5820a60, 40;
L_0x5566d599f270 .functor BUFZ 16, v0x5566d5820a60_40, C4<0000000000000000>, C4<0000000000000000>, C4<0000000000000000>;
v0x5566d5820a60_41 .array/port v0x5566d5820a60, 41;
L_0x5566d599f330 .functor BUFZ 16, v0x5566d5820a60_41, C4<0000000000000000>, C4<0000000000000000>, C4<0000000000000000>;
v0x5566d5820a60_42 .array/port v0x5566d5820a60, 42;
L_0x5566d599f3f0 .functor BUFZ 16, v0x5566d5820a60_42, C4<0000000000000000>, C4<0000000000000000>, C4<0000000000000000>;
v0x5566d5820a60_43 .array/port v0x5566d5820a60, 43;
L_0x5566d599f4b0 .functor BUFZ 16, v0x5566d5820a60_43, C4<0000000000000000>, C4<0000000000000000>, C4<0000000000000000>;
v0x5566d5820a60_44 .array/port v0x5566d5820a60, 44;
L_0x5566d599f570 .functor BUFZ 16, v0x5566d5820a60_44, C4<0000000000000000>, C4<0000000000000000>, C4<0000000000000000>;
v0x5566d5820a60_45 .array/port v0x5566d5820a60, 45;
L_0x5566d599f630 .functor BUFZ 16, v0x5566d5820a60_45, C4<0000000000000000>, C4<0000000000000000>, C4<0000000000000000>;
v0x5566d5820a60_46 .array/port v0x5566d5820a60, 46;
L_0x5566d599f6f0 .functor BUFZ 16, v0x5566d5820a60_46, C4<0000000000000000>, C4<0000000000000000>, C4<0000000000000000>;
v0x5566d5820a60_47 .array/port v0x5566d5820a60, 47;
L_0x5566d599f7b0 .functor BUFZ 16, v0x5566d5820a60_47, C4<0000000000000000>, C4<0000000000000000>, C4<0000000000000000>;
v0x5566d571f570_0 .array/port v0x5566d571f570, 0;
L_0x5566d59a1aa0 .functor BUFZ 16, v0x5566d571f570_0, C4<0000000000000000>, C4<0000000000000000>, C4<0000000000000000>;
v0x5566d571f570_1 .array/port v0x5566d571f570, 1;
L_0x5566d59a1b90 .functor BUFZ 16, v0x5566d571f570_1, C4<0000000000000000>, C4<0000000000000000>, C4<0000000000000000>;
v0x5566d571f570_2 .array/port v0x5566d571f570, 2;
L_0x5566d59a1c50 .functor BUFZ 16, v0x5566d571f570_2, C4<0000000000000000>, C4<0000000000000000>, C4<0000000000000000>;
v0x5566d571f570_3 .array/port v0x5566d571f570, 3;
L_0x5566d59a1d10 .functor BUFZ 16, v0x5566d571f570_3, C4<0000000000000000>, C4<0000000000000000>, C4<0000000000000000>;
v0x5566d571f570_4 .array/port v0x5566d571f570, 4;
L_0x5566d59a1dd0 .functor BUFZ 16, v0x5566d571f570_4, C4<0000000000000000>, C4<0000000000000000>, C4<0000000000000000>;
v0x5566d571f570_5 .array/port v0x5566d571f570, 5;
L_0x5566d59a1e90 .functor BUFZ 16, v0x5566d571f570_5, C4<0000000000000000>, C4<0000000000000000>, C4<0000000000000000>;
v0x5566d571f570_6 .array/port v0x5566d571f570, 6;
L_0x5566d59a1f50 .functor BUFZ 16, v0x5566d571f570_6, C4<0000000000000000>, C4<0000000000000000>, C4<0000000000000000>;
v0x5566d571f570_7 .array/port v0x5566d571f570, 7;
L_0x5566d59a2010 .functor BUFZ 16, v0x5566d571f570_7, C4<0000000000000000>, C4<0000000000000000>, C4<0000000000000000>;
v0x5566d571f570_8 .array/port v0x5566d571f570, 8;
L_0x5566d59a20d0 .functor BUFZ 16, v0x5566d571f570_8, C4<0000000000000000>, C4<0000000000000000>, C4<0000000000000000>;
v0x5566d571f570_9 .array/port v0x5566d571f570, 9;
L_0x5566d59a2190 .functor BUFZ 16, v0x5566d571f570_9, C4<0000000000000000>, C4<0000000000000000>, C4<0000000000000000>;
v0x5566d571f570_10 .array/port v0x5566d571f570, 10;
L_0x5566d59a2250 .functor BUFZ 16, v0x5566d571f570_10, C4<0000000000000000>, C4<0000000000000000>, C4<0000000000000000>;
v0x5566d571f570_11 .array/port v0x5566d571f570, 11;
L_0x5566d59a2310 .functor BUFZ 16, v0x5566d571f570_11, C4<0000000000000000>, C4<0000000000000000>, C4<0000000000000000>;
v0x5566d571f570_12 .array/port v0x5566d571f570, 12;
L_0x5566d59a23d0 .functor BUFZ 16, v0x5566d571f570_12, C4<0000000000000000>, C4<0000000000000000>, C4<0000000000000000>;
v0x5566d571f570_13 .array/port v0x5566d571f570, 13;
L_0x5566d58137a0 .functor BUFZ 16, v0x5566d571f570_13, C4<0000000000000000>, C4<0000000000000000>, C4<0000000000000000>;
v0x5566d571f570_14 .array/port v0x5566d571f570, 14;
L_0x5566d59a32b0 .functor BUFZ 16, v0x5566d571f570_14, C4<0000000000000000>, C4<0000000000000000>, C4<0000000000000000>;
v0x5566d571f570_15 .array/port v0x5566d571f570, 15;
L_0x5566d59a2560 .functor BUFZ 16, v0x5566d571f570_15, C4<0000000000000000>, C4<0000000000000000>, C4<0000000000000000>;
v0x5566d571f570_16 .array/port v0x5566d571f570, 16;
L_0x5566d59a2620 .functor BUFZ 16, v0x5566d571f570_16, C4<0000000000000000>, C4<0000000000000000>, C4<0000000000000000>;
v0x5566d571f570_17 .array/port v0x5566d571f570, 17;
L_0x5566d59a26e0 .functor BUFZ 16, v0x5566d571f570_17, C4<0000000000000000>, C4<0000000000000000>, C4<0000000000000000>;
v0x5566d571f570_18 .array/port v0x5566d571f570, 18;
L_0x5566d59a27a0 .functor BUFZ 16, v0x5566d571f570_18, C4<0000000000000000>, C4<0000000000000000>, C4<0000000000000000>;
v0x5566d571f570_19 .array/port v0x5566d571f570, 19;
L_0x5566d59a2860 .functor BUFZ 16, v0x5566d571f570_19, C4<0000000000000000>, C4<0000000000000000>, C4<0000000000000000>;
v0x5566d571f570_20 .array/port v0x5566d571f570, 20;
L_0x5566d59a2920 .functor BUFZ 16, v0x5566d571f570_20, C4<0000000000000000>, C4<0000000000000000>, C4<0000000000000000>;
v0x5566d571f570_21 .array/port v0x5566d571f570, 21;
L_0x5566d59a29e0 .functor BUFZ 16, v0x5566d571f570_21, C4<0000000000000000>, C4<0000000000000000>, C4<0000000000000000>;
v0x5566d571f570_22 .array/port v0x5566d571f570, 22;
L_0x5566d59a2aa0 .functor BUFZ 16, v0x5566d571f570_22, C4<0000000000000000>, C4<0000000000000000>, C4<0000000000000000>;
v0x5566d571f570_23 .array/port v0x5566d571f570, 23;
L_0x5566d59a2b60 .functor BUFZ 16, v0x5566d571f570_23, C4<0000000000000000>, C4<0000000000000000>, C4<0000000000000000>;
v0x5566d571f570_24 .array/port v0x5566d571f570, 24;
L_0x5566d59a2c20 .functor BUFZ 16, v0x5566d571f570_24, C4<0000000000000000>, C4<0000000000000000>, C4<0000000000000000>;
v0x5566d571f570_25 .array/port v0x5566d571f570, 25;
L_0x5566d59a2ce0 .functor BUFZ 16, v0x5566d571f570_25, C4<0000000000000000>, C4<0000000000000000>, C4<0000000000000000>;
v0x5566d571f570_26 .array/port v0x5566d571f570, 26;
L_0x5566d59a2da0 .functor BUFZ 16, v0x5566d571f570_26, C4<0000000000000000>, C4<0000000000000000>, C4<0000000000000000>;
v0x5566d571f570_27 .array/port v0x5566d571f570, 27;
L_0x5566d59a2e60 .functor BUFZ 16, v0x5566d571f570_27, C4<0000000000000000>, C4<0000000000000000>, C4<0000000000000000>;
v0x5566d571f570_28 .array/port v0x5566d571f570, 28;
L_0x5566d59a2f20 .functor BUFZ 16, v0x5566d571f570_28, C4<0000000000000000>, C4<0000000000000000>, C4<0000000000000000>;
v0x5566d571f570_29 .array/port v0x5566d571f570, 29;
L_0x5566d59a2fe0 .functor BUFZ 16, v0x5566d571f570_29, C4<0000000000000000>, C4<0000000000000000>, C4<0000000000000000>;
v0x5566d571f570_30 .array/port v0x5566d571f570, 30;
L_0x5566d59a30a0 .functor BUFZ 16, v0x5566d571f570_30, C4<0000000000000000>, C4<0000000000000000>, C4<0000000000000000>;
v0x5566d571f570_31 .array/port v0x5566d571f570, 31;
L_0x5566d59a3160 .functor BUFZ 16, v0x5566d571f570_31, C4<0000000000000000>, C4<0000000000000000>, C4<0000000000000000>;
v0x5566d571f570_32 .array/port v0x5566d571f570, 32;
L_0x5566d59a3220 .functor BUFZ 16, v0x5566d571f570_32, C4<0000000000000000>, C4<0000000000000000>, C4<0000000000000000>;
v0x5566d571f570_33 .array/port v0x5566d571f570, 33;
L_0x5566d59a3320 .functor BUFZ 16, v0x5566d571f570_33, C4<0000000000000000>, C4<0000000000000000>, C4<0000000000000000>;
v0x5566d571f570_34 .array/port v0x5566d571f570, 34;
L_0x5566d59a33e0 .functor BUFZ 16, v0x5566d571f570_34, C4<0000000000000000>, C4<0000000000000000>, C4<0000000000000000>;
v0x5566d571f570_35 .array/port v0x5566d571f570, 35;
L_0x5566d59a34a0 .functor BUFZ 16, v0x5566d571f570_35, C4<0000000000000000>, C4<0000000000000000>, C4<0000000000000000>;
v0x5566d571f570_36 .array/port v0x5566d571f570, 36;
L_0x5566d59a3560 .functor BUFZ 16, v0x5566d571f570_36, C4<0000000000000000>, C4<0000000000000000>, C4<0000000000000000>;
v0x5566d571f570_37 .array/port v0x5566d571f570, 37;
L_0x5566d59a3620 .functor BUFZ 16, v0x5566d571f570_37, C4<0000000000000000>, C4<0000000000000000>, C4<0000000000000000>;
v0x5566d571f570_38 .array/port v0x5566d571f570, 38;
L_0x5566d59a36e0 .functor BUFZ 16, v0x5566d571f570_38, C4<0000000000000000>, C4<0000000000000000>, C4<0000000000000000>;
v0x5566d571f570_39 .array/port v0x5566d571f570, 39;
L_0x5566d59a37a0 .functor BUFZ 16, v0x5566d571f570_39, C4<0000000000000000>, C4<0000000000000000>, C4<0000000000000000>;
v0x5566d571f570_40 .array/port v0x5566d571f570, 40;
L_0x5566d59a3860 .functor BUFZ 16, v0x5566d571f570_40, C4<0000000000000000>, C4<0000000000000000>, C4<0000000000000000>;
v0x5566d571f570_41 .array/port v0x5566d571f570, 41;
L_0x5566d59a3920 .functor BUFZ 16, v0x5566d571f570_41, C4<0000000000000000>, C4<0000000000000000>, C4<0000000000000000>;
v0x5566d571f570_42 .array/port v0x5566d571f570, 42;
L_0x5566d59a39e0 .functor BUFZ 16, v0x5566d571f570_42, C4<0000000000000000>, C4<0000000000000000>, C4<0000000000000000>;
v0x5566d571f570_43 .array/port v0x5566d571f570, 43;
L_0x5566d59a3aa0 .functor BUFZ 16, v0x5566d571f570_43, C4<0000000000000000>, C4<0000000000000000>, C4<0000000000000000>;
v0x5566d571f570_44 .array/port v0x5566d571f570, 44;
L_0x5566d59a3b60 .functor BUFZ 16, v0x5566d571f570_44, C4<0000000000000000>, C4<0000000000000000>, C4<0000000000000000>;
v0x5566d571f570_45 .array/port v0x5566d571f570, 45;
L_0x5566d59a3c20 .functor BUFZ 16, v0x5566d571f570_45, C4<0000000000000000>, C4<0000000000000000>, C4<0000000000000000>;
v0x5566d571f570_46 .array/port v0x5566d571f570, 46;
L_0x5566d59a3ce0 .functor BUFZ 16, v0x5566d571f570_46, C4<0000000000000000>, C4<0000000000000000>, C4<0000000000000000>;
v0x5566d571f570_47 .array/port v0x5566d571f570, 47;
L_0x5566d59a3da0 .functor BUFZ 16, v0x5566d571f570_47, C4<0000000000000000>, C4<0000000000000000>, C4<0000000000000000>;
v0x5566d580dfd0_0 .array/port v0x5566d580dfd0, 0;
L_0x5566d59a3e60 .functor BUFZ 16, v0x5566d580dfd0_0, C4<0000000000000000>, C4<0000000000000000>, C4<0000000000000000>;
v0x5566d580dfd0_1 .array/port v0x5566d580dfd0, 1;
L_0x5566d59a3f20 .functor BUFZ 16, v0x5566d580dfd0_1, C4<0000000000000000>, C4<0000000000000000>, C4<0000000000000000>;
v0x5566d580dfd0_2 .array/port v0x5566d580dfd0, 2;
L_0x5566d59a3fe0 .functor BUFZ 16, v0x5566d580dfd0_2, C4<0000000000000000>, C4<0000000000000000>, C4<0000000000000000>;
v0x5566d580dfd0_3 .array/port v0x5566d580dfd0, 3;
L_0x5566d59a4fd0 .functor BUFZ 16, v0x5566d580dfd0_3, C4<0000000000000000>, C4<0000000000000000>, C4<0000000000000000>;
v0x5566d580dfd0_4 .array/port v0x5566d580dfd0, 4;
L_0x5566d59a5040 .functor BUFZ 16, v0x5566d580dfd0_4, C4<0000000000000000>, C4<0000000000000000>, C4<0000000000000000>;
v0x5566d580dfd0_5 .array/port v0x5566d580dfd0, 5;
L_0x5566d59a4150 .functor BUFZ 16, v0x5566d580dfd0_5, C4<0000000000000000>, C4<0000000000000000>, C4<0000000000000000>;
v0x5566d580dfd0_6 .array/port v0x5566d580dfd0, 6;
L_0x5566d59a4210 .functor BUFZ 16, v0x5566d580dfd0_6, C4<0000000000000000>, C4<0000000000000000>, C4<0000000000000000>;
v0x5566d580dfd0_7 .array/port v0x5566d580dfd0, 7;
L_0x5566d59a42d0 .functor BUFZ 16, v0x5566d580dfd0_7, C4<0000000000000000>, C4<0000000000000000>, C4<0000000000000000>;
v0x5566d580dfd0_8 .array/port v0x5566d580dfd0, 8;
L_0x5566d59a4390 .functor BUFZ 16, v0x5566d580dfd0_8, C4<0000000000000000>, C4<0000000000000000>, C4<0000000000000000>;
v0x5566d580dfd0_9 .array/port v0x5566d580dfd0, 9;
L_0x5566d59a4450 .functor BUFZ 16, v0x5566d580dfd0_9, C4<0000000000000000>, C4<0000000000000000>, C4<0000000000000000>;
v0x5566d580dfd0_10 .array/port v0x5566d580dfd0, 10;
L_0x5566d59a4510 .functor BUFZ 16, v0x5566d580dfd0_10, C4<0000000000000000>, C4<0000000000000000>, C4<0000000000000000>;
v0x5566d580dfd0_11 .array/port v0x5566d580dfd0, 11;
L_0x5566d59a45d0 .functor BUFZ 16, v0x5566d580dfd0_11, C4<0000000000000000>, C4<0000000000000000>, C4<0000000000000000>;
v0x5566d580dfd0_12 .array/port v0x5566d580dfd0, 12;
L_0x5566d59a4690 .functor BUFZ 16, v0x5566d580dfd0_12, C4<0000000000000000>, C4<0000000000000000>, C4<0000000000000000>;
v0x5566d580dfd0_13 .array/port v0x5566d580dfd0, 13;
L_0x5566d59a4750 .functor BUFZ 16, v0x5566d580dfd0_13, C4<0000000000000000>, C4<0000000000000000>, C4<0000000000000000>;
v0x5566d580dfd0_14 .array/port v0x5566d580dfd0, 14;
L_0x5566d59a4810 .functor BUFZ 16, v0x5566d580dfd0_14, C4<0000000000000000>, C4<0000000000000000>, C4<0000000000000000>;
v0x5566d580dfd0_15 .array/port v0x5566d580dfd0, 15;
L_0x5566d59a48d0 .functor BUFZ 16, v0x5566d580dfd0_15, C4<0000000000000000>, C4<0000000000000000>, C4<0000000000000000>;
v0x5566d580dfd0_16 .array/port v0x5566d580dfd0, 16;
L_0x5566d59a4990 .functor BUFZ 16, v0x5566d580dfd0_16, C4<0000000000000000>, C4<0000000000000000>, C4<0000000000000000>;
v0x5566d580dfd0_17 .array/port v0x5566d580dfd0, 17;
L_0x5566d59a4a50 .functor BUFZ 16, v0x5566d580dfd0_17, C4<0000000000000000>, C4<0000000000000000>, C4<0000000000000000>;
v0x5566d580dfd0_18 .array/port v0x5566d580dfd0, 18;
L_0x5566d59a4b10 .functor BUFZ 16, v0x5566d580dfd0_18, C4<0000000000000000>, C4<0000000000000000>, C4<0000000000000000>;
v0x5566d580dfd0_19 .array/port v0x5566d580dfd0, 19;
L_0x5566d59a4bd0 .functor BUFZ 16, v0x5566d580dfd0_19, C4<0000000000000000>, C4<0000000000000000>, C4<0000000000000000>;
v0x5566d580dfd0_20 .array/port v0x5566d580dfd0, 20;
L_0x5566d59a4c90 .functor BUFZ 16, v0x5566d580dfd0_20, C4<0000000000000000>, C4<0000000000000000>, C4<0000000000000000>;
v0x5566d580dfd0_21 .array/port v0x5566d580dfd0, 21;
L_0x5566d59a4d50 .functor BUFZ 16, v0x5566d580dfd0_21, C4<0000000000000000>, C4<0000000000000000>, C4<0000000000000000>;
v0x5566d580dfd0_22 .array/port v0x5566d580dfd0, 22;
L_0x5566d59a4e10 .functor BUFZ 16, v0x5566d580dfd0_22, C4<0000000000000000>, C4<0000000000000000>, C4<0000000000000000>;
v0x5566d580dfd0_23 .array/port v0x5566d580dfd0, 23;
L_0x5566d59a4ed0 .functor BUFZ 16, v0x5566d580dfd0_23, C4<0000000000000000>, C4<0000000000000000>, C4<0000000000000000>;
v0x5566d580dfd0_24 .array/port v0x5566d580dfd0, 24;
L_0x5566d59a6020 .functor BUFZ 16, v0x5566d580dfd0_24, C4<0000000000000000>, C4<0000000000000000>, C4<0000000000000000>;
v0x5566d580dfd0_25 .array/port v0x5566d580dfd0, 25;
L_0x5566d59a5100 .functor BUFZ 16, v0x5566d580dfd0_25, C4<0000000000000000>, C4<0000000000000000>, C4<0000000000000000>;
v0x5566d580dfd0_26 .array/port v0x5566d580dfd0, 26;
L_0x5566d59a51c0 .functor BUFZ 16, v0x5566d580dfd0_26, C4<0000000000000000>, C4<0000000000000000>, C4<0000000000000000>;
v0x5566d580dfd0_27 .array/port v0x5566d580dfd0, 27;
L_0x5566d59a5280 .functor BUFZ 16, v0x5566d580dfd0_27, C4<0000000000000000>, C4<0000000000000000>, C4<0000000000000000>;
v0x5566d580dfd0_28 .array/port v0x5566d580dfd0, 28;
L_0x5566d59a5340 .functor BUFZ 16, v0x5566d580dfd0_28, C4<0000000000000000>, C4<0000000000000000>, C4<0000000000000000>;
v0x5566d580dfd0_29 .array/port v0x5566d580dfd0, 29;
L_0x5566d59a5400 .functor BUFZ 16, v0x5566d580dfd0_29, C4<0000000000000000>, C4<0000000000000000>, C4<0000000000000000>;
v0x5566d580dfd0_30 .array/port v0x5566d580dfd0, 30;
L_0x5566d59a54c0 .functor BUFZ 16, v0x5566d580dfd0_30, C4<0000000000000000>, C4<0000000000000000>, C4<0000000000000000>;
v0x5566d580dfd0_31 .array/port v0x5566d580dfd0, 31;
L_0x5566d59a5580 .functor BUFZ 16, v0x5566d580dfd0_31, C4<0000000000000000>, C4<0000000000000000>, C4<0000000000000000>;
v0x5566d580dfd0_32 .array/port v0x5566d580dfd0, 32;
L_0x5566d59a5640 .functor BUFZ 16, v0x5566d580dfd0_32, C4<0000000000000000>, C4<0000000000000000>, C4<0000000000000000>;
v0x5566d580dfd0_33 .array/port v0x5566d580dfd0, 33;
L_0x5566d59a5700 .functor BUFZ 16, v0x5566d580dfd0_33, C4<0000000000000000>, C4<0000000000000000>, C4<0000000000000000>;
v0x5566d580dfd0_34 .array/port v0x5566d580dfd0, 34;
L_0x5566d59a57c0 .functor BUFZ 16, v0x5566d580dfd0_34, C4<0000000000000000>, C4<0000000000000000>, C4<0000000000000000>;
v0x5566d580dfd0_35 .array/port v0x5566d580dfd0, 35;
L_0x5566d59a5880 .functor BUFZ 16, v0x5566d580dfd0_35, C4<0000000000000000>, C4<0000000000000000>, C4<0000000000000000>;
v0x5566d580dfd0_36 .array/port v0x5566d580dfd0, 36;
L_0x5566d59a5940 .functor BUFZ 16, v0x5566d580dfd0_36, C4<0000000000000000>, C4<0000000000000000>, C4<0000000000000000>;
v0x5566d580dfd0_37 .array/port v0x5566d580dfd0, 37;
L_0x5566d59a5a00 .functor BUFZ 16, v0x5566d580dfd0_37, C4<0000000000000000>, C4<0000000000000000>, C4<0000000000000000>;
v0x5566d580dfd0_38 .array/port v0x5566d580dfd0, 38;
L_0x5566d59a5ac0 .functor BUFZ 16, v0x5566d580dfd0_38, C4<0000000000000000>, C4<0000000000000000>, C4<0000000000000000>;
v0x5566d580dfd0_39 .array/port v0x5566d580dfd0, 39;
L_0x5566d59a5b80 .functor BUFZ 16, v0x5566d580dfd0_39, C4<0000000000000000>, C4<0000000000000000>, C4<0000000000000000>;
v0x5566d580dfd0_40 .array/port v0x5566d580dfd0, 40;
L_0x5566d59a5c40 .functor BUFZ 16, v0x5566d580dfd0_40, C4<0000000000000000>, C4<0000000000000000>, C4<0000000000000000>;
v0x5566d580dfd0_41 .array/port v0x5566d580dfd0, 41;
L_0x5566d59a5d00 .functor BUFZ 16, v0x5566d580dfd0_41, C4<0000000000000000>, C4<0000000000000000>, C4<0000000000000000>;
v0x5566d580dfd0_42 .array/port v0x5566d580dfd0, 42;
L_0x5566d59a5dc0 .functor BUFZ 16, v0x5566d580dfd0_42, C4<0000000000000000>, C4<0000000000000000>, C4<0000000000000000>;
v0x5566d580dfd0_43 .array/port v0x5566d580dfd0, 43;
L_0x5566d59a5e80 .functor BUFZ 16, v0x5566d580dfd0_43, C4<0000000000000000>, C4<0000000000000000>, C4<0000000000000000>;
v0x5566d580dfd0_44 .array/port v0x5566d580dfd0, 44;
L_0x5566d59a5f40 .functor BUFZ 16, v0x5566d580dfd0_44, C4<0000000000000000>, C4<0000000000000000>, C4<0000000000000000>;
v0x5566d580dfd0_45 .array/port v0x5566d580dfd0, 45;
L_0x5566d59a70b0 .functor BUFZ 16, v0x5566d580dfd0_45, C4<0000000000000000>, C4<0000000000000000>, C4<0000000000000000>;
v0x5566d580dfd0_46 .array/port v0x5566d580dfd0, 46;
L_0x5566d59a7170 .functor BUFZ 16, v0x5566d580dfd0_46, C4<0000000000000000>, C4<0000000000000000>, C4<0000000000000000>;
v0x5566d580dfd0_47 .array/port v0x5566d580dfd0, 47;
L_0x5566d59a60e0 .functor BUFZ 16, v0x5566d580dfd0_47, C4<0000000000000000>, C4<0000000000000000>, C4<0000000000000000>;
v0x5566d57af970_0 .array/port v0x5566d57af970, 0;
L_0x5566d59a61a0 .functor BUFZ 16, v0x5566d57af970_0, C4<0000000000000000>, C4<0000000000000000>, C4<0000000000000000>;
v0x5566d57af970_1 .array/port v0x5566d57af970, 1;
L_0x5566d59a6260 .functor BUFZ 16, v0x5566d57af970_1, C4<0000000000000000>, C4<0000000000000000>, C4<0000000000000000>;
v0x5566d57af970_2 .array/port v0x5566d57af970, 2;
L_0x5566d59a6320 .functor BUFZ 16, v0x5566d57af970_2, C4<0000000000000000>, C4<0000000000000000>, C4<0000000000000000>;
v0x5566d57af970_3 .array/port v0x5566d57af970, 3;
L_0x5566d59a63e0 .functor BUFZ 16, v0x5566d57af970_3, C4<0000000000000000>, C4<0000000000000000>, C4<0000000000000000>;
v0x5566d57af970_4 .array/port v0x5566d57af970, 4;
L_0x5566d59a64a0 .functor BUFZ 16, v0x5566d57af970_4, C4<0000000000000000>, C4<0000000000000000>, C4<0000000000000000>;
v0x5566d57af970_5 .array/port v0x5566d57af970, 5;
L_0x5566d59a6560 .functor BUFZ 16, v0x5566d57af970_5, C4<0000000000000000>, C4<0000000000000000>, C4<0000000000000000>;
v0x5566d57af970_6 .array/port v0x5566d57af970, 6;
L_0x5566d59a6620 .functor BUFZ 16, v0x5566d57af970_6, C4<0000000000000000>, C4<0000000000000000>, C4<0000000000000000>;
v0x5566d57af970_7 .array/port v0x5566d57af970, 7;
L_0x5566d59a66e0 .functor BUFZ 16, v0x5566d57af970_7, C4<0000000000000000>, C4<0000000000000000>, C4<0000000000000000>;
v0x5566d57af970_8 .array/port v0x5566d57af970, 8;
L_0x5566d59a67a0 .functor BUFZ 16, v0x5566d57af970_8, C4<0000000000000000>, C4<0000000000000000>, C4<0000000000000000>;
v0x5566d57af970_9 .array/port v0x5566d57af970, 9;
L_0x5566d59a6860 .functor BUFZ 16, v0x5566d57af970_9, C4<0000000000000000>, C4<0000000000000000>, C4<0000000000000000>;
v0x5566d57af970_10 .array/port v0x5566d57af970, 10;
L_0x5566d59a6920 .functor BUFZ 16, v0x5566d57af970_10, C4<0000000000000000>, C4<0000000000000000>, C4<0000000000000000>;
v0x5566d57af970_11 .array/port v0x5566d57af970, 11;
L_0x5566d59a69e0 .functor BUFZ 16, v0x5566d57af970_11, C4<0000000000000000>, C4<0000000000000000>, C4<0000000000000000>;
v0x5566d57af970_12 .array/port v0x5566d57af970, 12;
L_0x5566d59a6aa0 .functor BUFZ 16, v0x5566d57af970_12, C4<0000000000000000>, C4<0000000000000000>, C4<0000000000000000>;
v0x5566d57af970_13 .array/port v0x5566d57af970, 13;
L_0x5566d59a6b60 .functor BUFZ 16, v0x5566d57af970_13, C4<0000000000000000>, C4<0000000000000000>, C4<0000000000000000>;
v0x5566d57af970_14 .array/port v0x5566d57af970, 14;
L_0x5566d59a6c20 .functor BUFZ 16, v0x5566d57af970_14, C4<0000000000000000>, C4<0000000000000000>, C4<0000000000000000>;
v0x5566d57af970_15 .array/port v0x5566d57af970, 15;
L_0x5566d59a6ce0 .functor BUFZ 16, v0x5566d57af970_15, C4<0000000000000000>, C4<0000000000000000>, C4<0000000000000000>;
v0x5566d57af970_16 .array/port v0x5566d57af970, 16;
L_0x5566d59a6da0 .functor BUFZ 16, v0x5566d57af970_16, C4<0000000000000000>, C4<0000000000000000>, C4<0000000000000000>;
v0x5566d57af970_17 .array/port v0x5566d57af970, 17;
L_0x5566d59a6e60 .functor BUFZ 16, v0x5566d57af970_17, C4<0000000000000000>, C4<0000000000000000>, C4<0000000000000000>;
v0x5566d57af970_18 .array/port v0x5566d57af970, 18;
L_0x5566d59a6f20 .functor BUFZ 16, v0x5566d57af970_18, C4<0000000000000000>, C4<0000000000000000>, C4<0000000000000000>;
v0x5566d57af970_19 .array/port v0x5566d57af970, 19;
L_0x5566d59a6fe0 .functor BUFZ 16, v0x5566d57af970_19, C4<0000000000000000>, C4<0000000000000000>, C4<0000000000000000>;
v0x5566d57af970_20 .array/port v0x5566d57af970, 20;
L_0x5566d59a82b0 .functor BUFZ 16, v0x5566d57af970_20, C4<0000000000000000>, C4<0000000000000000>, C4<0000000000000000>;
v0x5566d57af970_21 .array/port v0x5566d57af970, 21;
L_0x5566d59a7230 .functor BUFZ 16, v0x5566d57af970_21, C4<0000000000000000>, C4<0000000000000000>, C4<0000000000000000>;
v0x5566d57af970_22 .array/port v0x5566d57af970, 22;
L_0x5566d59a72f0 .functor BUFZ 16, v0x5566d57af970_22, C4<0000000000000000>, C4<0000000000000000>, C4<0000000000000000>;
v0x5566d57af970_23 .array/port v0x5566d57af970, 23;
L_0x5566d59a73b0 .functor BUFZ 16, v0x5566d57af970_23, C4<0000000000000000>, C4<0000000000000000>, C4<0000000000000000>;
v0x5566d57af970_24 .array/port v0x5566d57af970, 24;
L_0x5566d59a7470 .functor BUFZ 16, v0x5566d57af970_24, C4<0000000000000000>, C4<0000000000000000>, C4<0000000000000000>;
v0x5566d57af970_25 .array/port v0x5566d57af970, 25;
L_0x5566d59a7530 .functor BUFZ 16, v0x5566d57af970_25, C4<0000000000000000>, C4<0000000000000000>, C4<0000000000000000>;
v0x5566d57af970_26 .array/port v0x5566d57af970, 26;
L_0x5566d59a75f0 .functor BUFZ 16, v0x5566d57af970_26, C4<0000000000000000>, C4<0000000000000000>, C4<0000000000000000>;
v0x5566d57af970_27 .array/port v0x5566d57af970, 27;
L_0x5566d59a76b0 .functor BUFZ 16, v0x5566d57af970_27, C4<0000000000000000>, C4<0000000000000000>, C4<0000000000000000>;
v0x5566d57af970_28 .array/port v0x5566d57af970, 28;
L_0x5566d59a7770 .functor BUFZ 16, v0x5566d57af970_28, C4<0000000000000000>, C4<0000000000000000>, C4<0000000000000000>;
v0x5566d57af970_29 .array/port v0x5566d57af970, 29;
L_0x5566d59a7830 .functor BUFZ 16, v0x5566d57af970_29, C4<0000000000000000>, C4<0000000000000000>, C4<0000000000000000>;
v0x5566d57af970_30 .array/port v0x5566d57af970, 30;
L_0x5566d59a78f0 .functor BUFZ 16, v0x5566d57af970_30, C4<0000000000000000>, C4<0000000000000000>, C4<0000000000000000>;
v0x5566d57af970_31 .array/port v0x5566d57af970, 31;
L_0x5566d59a79b0 .functor BUFZ 16, v0x5566d57af970_31, C4<0000000000000000>, C4<0000000000000000>, C4<0000000000000000>;
v0x5566d57af970_32 .array/port v0x5566d57af970, 32;
L_0x5566d59a7a70 .functor BUFZ 16, v0x5566d57af970_32, C4<0000000000000000>, C4<0000000000000000>, C4<0000000000000000>;
v0x5566d57af970_33 .array/port v0x5566d57af970, 33;
L_0x5566d59a7b30 .functor BUFZ 16, v0x5566d57af970_33, C4<0000000000000000>, C4<0000000000000000>, C4<0000000000000000>;
v0x5566d57af970_34 .array/port v0x5566d57af970, 34;
L_0x5566d59a7bf0 .functor BUFZ 16, v0x5566d57af970_34, C4<0000000000000000>, C4<0000000000000000>, C4<0000000000000000>;
v0x5566d57af970_35 .array/port v0x5566d57af970, 35;
L_0x5566d59a7cb0 .functor BUFZ 16, v0x5566d57af970_35, C4<0000000000000000>, C4<0000000000000000>, C4<0000000000000000>;
v0x5566d57af970_36 .array/port v0x5566d57af970, 36;
L_0x5566d59a7d70 .functor BUFZ 16, v0x5566d57af970_36, C4<0000000000000000>, C4<0000000000000000>, C4<0000000000000000>;
v0x5566d57af970_37 .array/port v0x5566d57af970, 37;
L_0x5566d59a7e30 .functor BUFZ 16, v0x5566d57af970_37, C4<0000000000000000>, C4<0000000000000000>, C4<0000000000000000>;
v0x5566d57af970_38 .array/port v0x5566d57af970, 38;
L_0x5566d59a7ef0 .functor BUFZ 16, v0x5566d57af970_38, C4<0000000000000000>, C4<0000000000000000>, C4<0000000000000000>;
v0x5566d57af970_39 .array/port v0x5566d57af970, 39;
L_0x5566d59a7fb0 .functor BUFZ 16, v0x5566d57af970_39, C4<0000000000000000>, C4<0000000000000000>, C4<0000000000000000>;
v0x5566d57af970_40 .array/port v0x5566d57af970, 40;
L_0x5566d59a8070 .functor BUFZ 16, v0x5566d57af970_40, C4<0000000000000000>, C4<0000000000000000>, C4<0000000000000000>;
v0x5566d57af970_41 .array/port v0x5566d57af970, 41;
L_0x5566d59a8130 .functor BUFZ 16, v0x5566d57af970_41, C4<0000000000000000>, C4<0000000000000000>, C4<0000000000000000>;
v0x5566d57af970_42 .array/port v0x5566d57af970, 42;
L_0x5566d59a81f0 .functor BUFZ 16, v0x5566d57af970_42, C4<0000000000000000>, C4<0000000000000000>, C4<0000000000000000>;
v0x5566d57af970_43 .array/port v0x5566d57af970, 43;
L_0x5566d59a94b0 .functor BUFZ 16, v0x5566d57af970_43, C4<0000000000000000>, C4<0000000000000000>, C4<0000000000000000>;
v0x5566d57af970_44 .array/port v0x5566d57af970, 44;
L_0x5566d59a9570 .functor BUFZ 16, v0x5566d57af970_44, C4<0000000000000000>, C4<0000000000000000>, C4<0000000000000000>;
v0x5566d57af970_45 .array/port v0x5566d57af970, 45;
L_0x5566d59a8370 .functor BUFZ 16, v0x5566d57af970_45, C4<0000000000000000>, C4<0000000000000000>, C4<0000000000000000>;
v0x5566d57af970_46 .array/port v0x5566d57af970, 46;
L_0x5566d59a8430 .functor BUFZ 16, v0x5566d57af970_46, C4<0000000000000000>, C4<0000000000000000>, C4<0000000000000000>;
v0x5566d57af970_47 .array/port v0x5566d57af970, 47;
L_0x5566d59a84f0 .functor BUFZ 16, v0x5566d57af970_47, C4<0000000000000000>, C4<0000000000000000>, C4<0000000000000000>;
v0x5566d57af970_48 .array/port v0x5566d57af970, 48;
L_0x5566d59a85b0 .functor BUFZ 16, v0x5566d57af970_48, C4<0000000000000000>, C4<0000000000000000>, C4<0000000000000000>;
v0x5566d57af970_49 .array/port v0x5566d57af970, 49;
L_0x5566d59a8670 .functor BUFZ 16, v0x5566d57af970_49, C4<0000000000000000>, C4<0000000000000000>, C4<0000000000000000>;
v0x5566d57af970_50 .array/port v0x5566d57af970, 50;
L_0x5566d59a8730 .functor BUFZ 16, v0x5566d57af970_50, C4<0000000000000000>, C4<0000000000000000>, C4<0000000000000000>;
v0x5566d57af970_51 .array/port v0x5566d57af970, 51;
L_0x5566d59a87f0 .functor BUFZ 16, v0x5566d57af970_51, C4<0000000000000000>, C4<0000000000000000>, C4<0000000000000000>;
v0x5566d57af970_52 .array/port v0x5566d57af970, 52;
L_0x5566d59a88b0 .functor BUFZ 16, v0x5566d57af970_52, C4<0000000000000000>, C4<0000000000000000>, C4<0000000000000000>;
v0x5566d57af970_53 .array/port v0x5566d57af970, 53;
L_0x5566d59a8970 .functor BUFZ 16, v0x5566d57af970_53, C4<0000000000000000>, C4<0000000000000000>, C4<0000000000000000>;
v0x5566d57af970_54 .array/port v0x5566d57af970, 54;
L_0x5566d59a8a30 .functor BUFZ 16, v0x5566d57af970_54, C4<0000000000000000>, C4<0000000000000000>, C4<0000000000000000>;
v0x5566d57af970_55 .array/port v0x5566d57af970, 55;
L_0x5566d59a8af0 .functor BUFZ 16, v0x5566d57af970_55, C4<0000000000000000>, C4<0000000000000000>, C4<0000000000000000>;
v0x5566d57af970_56 .array/port v0x5566d57af970, 56;
L_0x5566d59a8bb0 .functor BUFZ 16, v0x5566d57af970_56, C4<0000000000000000>, C4<0000000000000000>, C4<0000000000000000>;
v0x5566d57af970_57 .array/port v0x5566d57af970, 57;
L_0x5566d59a8c70 .functor BUFZ 16, v0x5566d57af970_57, C4<0000000000000000>, C4<0000000000000000>, C4<0000000000000000>;
v0x5566d57af970_58 .array/port v0x5566d57af970, 58;
L_0x5566d59a8d30 .functor BUFZ 16, v0x5566d57af970_58, C4<0000000000000000>, C4<0000000000000000>, C4<0000000000000000>;
v0x5566d57af970_59 .array/port v0x5566d57af970, 59;
L_0x5566d59a8df0 .functor BUFZ 16, v0x5566d57af970_59, C4<0000000000000000>, C4<0000000000000000>, C4<0000000000000000>;
v0x5566d57af970_60 .array/port v0x5566d57af970, 60;
L_0x5566d59a8eb0 .functor BUFZ 16, v0x5566d57af970_60, C4<0000000000000000>, C4<0000000000000000>, C4<0000000000000000>;
v0x5566d57af970_61 .array/port v0x5566d57af970, 61;
L_0x5566d59a8f70 .functor BUFZ 16, v0x5566d57af970_61, C4<0000000000000000>, C4<0000000000000000>, C4<0000000000000000>;
v0x5566d57af970_62 .array/port v0x5566d57af970, 62;
L_0x5566d59a9030 .functor BUFZ 16, v0x5566d57af970_62, C4<0000000000000000>, C4<0000000000000000>, C4<0000000000000000>;
v0x5566d57af970_63 .array/port v0x5566d57af970, 63;
L_0x5566d59a90f0 .functor BUFZ 16, v0x5566d57af970_63, C4<0000000000000000>, C4<0000000000000000>, C4<0000000000000000>;
v0x5566d57af970_64 .array/port v0x5566d57af970, 64;
L_0x5566d59a91b0 .functor BUFZ 16, v0x5566d57af970_64, C4<0000000000000000>, C4<0000000000000000>, C4<0000000000000000>;
v0x5566d57af970_65 .array/port v0x5566d57af970, 65;
L_0x5566d59a9270 .functor BUFZ 16, v0x5566d57af970_65, C4<0000000000000000>, C4<0000000000000000>, C4<0000000000000000>;
v0x5566d57af970_66 .array/port v0x5566d57af970, 66;
L_0x5566d59a9330 .functor BUFZ 16, v0x5566d57af970_66, C4<0000000000000000>, C4<0000000000000000>, C4<0000000000000000>;
v0x5566d57af970_67 .array/port v0x5566d57af970, 67;
L_0x5566d59a93f0 .functor BUFZ 16, v0x5566d57af970_67, C4<0000000000000000>, C4<0000000000000000>, C4<0000000000000000>;
v0x5566d57af970_68 .array/port v0x5566d57af970, 68;
L_0x5566d59aa830 .functor BUFZ 16, v0x5566d57af970_68, C4<0000000000000000>, C4<0000000000000000>, C4<0000000000000000>;
v0x5566d57af970_69 .array/port v0x5566d57af970, 69;
L_0x5566d59a9630 .functor BUFZ 16, v0x5566d57af970_69, C4<0000000000000000>, C4<0000000000000000>, C4<0000000000000000>;
v0x5566d57af970_70 .array/port v0x5566d57af970, 70;
L_0x5566d59a96f0 .functor BUFZ 16, v0x5566d57af970_70, C4<0000000000000000>, C4<0000000000000000>, C4<0000000000000000>;
v0x5566d57af970_71 .array/port v0x5566d57af970, 71;
L_0x5566d59a97b0 .functor BUFZ 16, v0x5566d57af970_71, C4<0000000000000000>, C4<0000000000000000>, C4<0000000000000000>;
v0x5566d57af970_72 .array/port v0x5566d57af970, 72;
L_0x5566d59a9870 .functor BUFZ 16, v0x5566d57af970_72, C4<0000000000000000>, C4<0000000000000000>, C4<0000000000000000>;
v0x5566d57af970_73 .array/port v0x5566d57af970, 73;
L_0x5566d59a9930 .functor BUFZ 16, v0x5566d57af970_73, C4<0000000000000000>, C4<0000000000000000>, C4<0000000000000000>;
v0x5566d57af970_74 .array/port v0x5566d57af970, 74;
L_0x5566d59a99f0 .functor BUFZ 16, v0x5566d57af970_74, C4<0000000000000000>, C4<0000000000000000>, C4<0000000000000000>;
v0x5566d57af970_75 .array/port v0x5566d57af970, 75;
L_0x5566d59a9ab0 .functor BUFZ 16, v0x5566d57af970_75, C4<0000000000000000>, C4<0000000000000000>, C4<0000000000000000>;
v0x5566d57af970_76 .array/port v0x5566d57af970, 76;
L_0x5566d59a9b70 .functor BUFZ 16, v0x5566d57af970_76, C4<0000000000000000>, C4<0000000000000000>, C4<0000000000000000>;
v0x5566d57af970_77 .array/port v0x5566d57af970, 77;
L_0x5566d59a9c30 .functor BUFZ 16, v0x5566d57af970_77, C4<0000000000000000>, C4<0000000000000000>, C4<0000000000000000>;
v0x5566d57af970_78 .array/port v0x5566d57af970, 78;
L_0x5566d59a9cf0 .functor BUFZ 16, v0x5566d57af970_78, C4<0000000000000000>, C4<0000000000000000>, C4<0000000000000000>;
v0x5566d57af970_79 .array/port v0x5566d57af970, 79;
L_0x5566d59a9db0 .functor BUFZ 16, v0x5566d57af970_79, C4<0000000000000000>, C4<0000000000000000>, C4<0000000000000000>;
v0x5566d57af970_80 .array/port v0x5566d57af970, 80;
L_0x5566d59a9e70 .functor BUFZ 16, v0x5566d57af970_80, C4<0000000000000000>, C4<0000000000000000>, C4<0000000000000000>;
v0x5566d57af970_81 .array/port v0x5566d57af970, 81;
L_0x5566d59a9f30 .functor BUFZ 16, v0x5566d57af970_81, C4<0000000000000000>, C4<0000000000000000>, C4<0000000000000000>;
v0x5566d57af970_82 .array/port v0x5566d57af970, 82;
L_0x5566d59a9ff0 .functor BUFZ 16, v0x5566d57af970_82, C4<0000000000000000>, C4<0000000000000000>, C4<0000000000000000>;
v0x5566d57af970_83 .array/port v0x5566d57af970, 83;
L_0x5566d59aa0b0 .functor BUFZ 16, v0x5566d57af970_83, C4<0000000000000000>, C4<0000000000000000>, C4<0000000000000000>;
v0x5566d57af970_84 .array/port v0x5566d57af970, 84;
L_0x5566d59aa170 .functor BUFZ 16, v0x5566d57af970_84, C4<0000000000000000>, C4<0000000000000000>, C4<0000000000000000>;
v0x5566d57af970_85 .array/port v0x5566d57af970, 85;
L_0x5566d59aa230 .functor BUFZ 16, v0x5566d57af970_85, C4<0000000000000000>, C4<0000000000000000>, C4<0000000000000000>;
v0x5566d57af970_86 .array/port v0x5566d57af970, 86;
L_0x5566d59aa2f0 .functor BUFZ 16, v0x5566d57af970_86, C4<0000000000000000>, C4<0000000000000000>, C4<0000000000000000>;
v0x5566d57af970_87 .array/port v0x5566d57af970, 87;
L_0x5566d59aa3b0 .functor BUFZ 16, v0x5566d57af970_87, C4<0000000000000000>, C4<0000000000000000>, C4<0000000000000000>;
v0x5566d57af970_88 .array/port v0x5566d57af970, 88;
L_0x5566d59aa470 .functor BUFZ 16, v0x5566d57af970_88, C4<0000000000000000>, C4<0000000000000000>, C4<0000000000000000>;
v0x5566d57af970_89 .array/port v0x5566d57af970, 89;
L_0x5566d59aa530 .functor BUFZ 16, v0x5566d57af970_89, C4<0000000000000000>, C4<0000000000000000>, C4<0000000000000000>;
v0x5566d57af970_90 .array/port v0x5566d57af970, 90;
L_0x5566d59aa5f0 .functor BUFZ 16, v0x5566d57af970_90, C4<0000000000000000>, C4<0000000000000000>, C4<0000000000000000>;
v0x5566d57af970_91 .array/port v0x5566d57af970, 91;
L_0x5566d59aa6b0 .functor BUFZ 16, v0x5566d57af970_91, C4<0000000000000000>, C4<0000000000000000>, C4<0000000000000000>;
v0x5566d57af970_92 .array/port v0x5566d57af970, 92;
L_0x5566d59aa770 .functor BUFZ 16, v0x5566d57af970_92, C4<0000000000000000>, C4<0000000000000000>, C4<0000000000000000>;
v0x5566d57af970_93 .array/port v0x5566d57af970, 93;
L_0x5566d59abbc0 .functor BUFZ 16, v0x5566d57af970_93, C4<0000000000000000>, C4<0000000000000000>, C4<0000000000000000>;
v0x5566d57af970_94 .array/port v0x5566d57af970, 94;
L_0x5566d59abc80 .functor BUFZ 16, v0x5566d57af970_94, C4<0000000000000000>, C4<0000000000000000>, C4<0000000000000000>;
v0x5566d57af970_95 .array/port v0x5566d57af970, 95;
L_0x5566d59aa8f0 .functor BUFZ 16, v0x5566d57af970_95, C4<0000000000000000>, C4<0000000000000000>, C4<0000000000000000>;
v0x5566d57af970_96 .array/port v0x5566d57af970, 96;
L_0x5566d59aa9b0 .functor BUFZ 16, v0x5566d57af970_96, C4<0000000000000000>, C4<0000000000000000>, C4<0000000000000000>;
v0x5566d57af970_97 .array/port v0x5566d57af970, 97;
L_0x5566d59aaa70 .functor BUFZ 16, v0x5566d57af970_97, C4<0000000000000000>, C4<0000000000000000>, C4<0000000000000000>;
v0x5566d57af970_98 .array/port v0x5566d57af970, 98;
L_0x5566d59aab30 .functor BUFZ 16, v0x5566d57af970_98, C4<0000000000000000>, C4<0000000000000000>, C4<0000000000000000>;
v0x5566d57af970_99 .array/port v0x5566d57af970, 99;
L_0x5566d59aabf0 .functor BUFZ 16, v0x5566d57af970_99, C4<0000000000000000>, C4<0000000000000000>, C4<0000000000000000>;
v0x5566d57af970_100 .array/port v0x5566d57af970, 100;
L_0x5566d59aacb0 .functor BUFZ 16, v0x5566d57af970_100, C4<0000000000000000>, C4<0000000000000000>, C4<0000000000000000>;
v0x5566d57af970_101 .array/port v0x5566d57af970, 101;
L_0x5566d59aad70 .functor BUFZ 16, v0x5566d57af970_101, C4<0000000000000000>, C4<0000000000000000>, C4<0000000000000000>;
v0x5566d57af970_102 .array/port v0x5566d57af970, 102;
L_0x5566d59aae30 .functor BUFZ 16, v0x5566d57af970_102, C4<0000000000000000>, C4<0000000000000000>, C4<0000000000000000>;
v0x5566d57af970_103 .array/port v0x5566d57af970, 103;
L_0x5566d59aaef0 .functor BUFZ 16, v0x5566d57af970_103, C4<0000000000000000>, C4<0000000000000000>, C4<0000000000000000>;
v0x5566d57af970_104 .array/port v0x5566d57af970, 104;
L_0x5566d59aafb0 .functor BUFZ 16, v0x5566d57af970_104, C4<0000000000000000>, C4<0000000000000000>, C4<0000000000000000>;
v0x5566d57af970_105 .array/port v0x5566d57af970, 105;
L_0x5566d59ab070 .functor BUFZ 16, v0x5566d57af970_105, C4<0000000000000000>, C4<0000000000000000>, C4<0000000000000000>;
v0x5566d57af970_106 .array/port v0x5566d57af970, 106;
L_0x5566d59ab130 .functor BUFZ 16, v0x5566d57af970_106, C4<0000000000000000>, C4<0000000000000000>, C4<0000000000000000>;
v0x5566d57af970_107 .array/port v0x5566d57af970, 107;
L_0x5566d59ab1f0 .functor BUFZ 16, v0x5566d57af970_107, C4<0000000000000000>, C4<0000000000000000>, C4<0000000000000000>;
v0x5566d57af970_108 .array/port v0x5566d57af970, 108;
L_0x5566d59ab2b0 .functor BUFZ 16, v0x5566d57af970_108, C4<0000000000000000>, C4<0000000000000000>, C4<0000000000000000>;
v0x5566d57af970_109 .array/port v0x5566d57af970, 109;
L_0x5566d59ab370 .functor BUFZ 16, v0x5566d57af970_109, C4<0000000000000000>, C4<0000000000000000>, C4<0000000000000000>;
v0x5566d57af970_110 .array/port v0x5566d57af970, 110;
L_0x5566d59ab430 .functor BUFZ 16, v0x5566d57af970_110, C4<0000000000000000>, C4<0000000000000000>, C4<0000000000000000>;
v0x5566d57af970_111 .array/port v0x5566d57af970, 111;
L_0x5566d59ab4f0 .functor BUFZ 16, v0x5566d57af970_111, C4<0000000000000000>, C4<0000000000000000>, C4<0000000000000000>;
v0x5566d57af970_112 .array/port v0x5566d57af970, 112;
L_0x5566d59ab5b0 .functor BUFZ 16, v0x5566d57af970_112, C4<0000000000000000>, C4<0000000000000000>, C4<0000000000000000>;
v0x5566d57af970_113 .array/port v0x5566d57af970, 113;
L_0x5566d59ab670 .functor BUFZ 16, v0x5566d57af970_113, C4<0000000000000000>, C4<0000000000000000>, C4<0000000000000000>;
v0x5566d57af970_114 .array/port v0x5566d57af970, 114;
L_0x5566d59ab730 .functor BUFZ 16, v0x5566d57af970_114, C4<0000000000000000>, C4<0000000000000000>, C4<0000000000000000>;
v0x5566d57af970_115 .array/port v0x5566d57af970, 115;
L_0x5566d59ab7f0 .functor BUFZ 16, v0x5566d57af970_115, C4<0000000000000000>, C4<0000000000000000>, C4<0000000000000000>;
v0x5566d57af970_116 .array/port v0x5566d57af970, 116;
L_0x5566d59ab8b0 .functor BUFZ 16, v0x5566d57af970_116, C4<0000000000000000>, C4<0000000000000000>, C4<0000000000000000>;
v0x5566d57af970_117 .array/port v0x5566d57af970, 117;
L_0x5566d59ab970 .functor BUFZ 16, v0x5566d57af970_117, C4<0000000000000000>, C4<0000000000000000>, C4<0000000000000000>;
v0x5566d57af970_118 .array/port v0x5566d57af970, 118;
L_0x5566d59aba30 .functor BUFZ 16, v0x5566d57af970_118, C4<0000000000000000>, C4<0000000000000000>, C4<0000000000000000>;
v0x5566d57af970_119 .array/port v0x5566d57af970, 119;
L_0x5566d59abaf0 .functor BUFZ 16, v0x5566d57af970_119, C4<0000000000000000>, C4<0000000000000000>, C4<0000000000000000>;
v0x5566d57af970_120 .array/port v0x5566d57af970, 120;
L_0x5566d59ad0e0 .functor BUFZ 16, v0x5566d57af970_120, C4<0000000000000000>, C4<0000000000000000>, C4<0000000000000000>;
v0x5566d57af970_121 .array/port v0x5566d57af970, 121;
L_0x5566d59abd40 .functor BUFZ 16, v0x5566d57af970_121, C4<0000000000000000>, C4<0000000000000000>, C4<0000000000000000>;
v0x5566d57af970_122 .array/port v0x5566d57af970, 122;
L_0x5566d59abe00 .functor BUFZ 16, v0x5566d57af970_122, C4<0000000000000000>, C4<0000000000000000>, C4<0000000000000000>;
v0x5566d57af970_123 .array/port v0x5566d57af970, 123;
L_0x5566d59abec0 .functor BUFZ 16, v0x5566d57af970_123, C4<0000000000000000>, C4<0000000000000000>, C4<0000000000000000>;
v0x5566d57af970_124 .array/port v0x5566d57af970, 124;
L_0x5566d59abf80 .functor BUFZ 16, v0x5566d57af970_124, C4<0000000000000000>, C4<0000000000000000>, C4<0000000000000000>;
v0x5566d57af970_125 .array/port v0x5566d57af970, 125;
L_0x5566d59ac040 .functor BUFZ 16, v0x5566d57af970_125, C4<0000000000000000>, C4<0000000000000000>, C4<0000000000000000>;
v0x5566d57af970_126 .array/port v0x5566d57af970, 126;
L_0x5566d59ac100 .functor BUFZ 16, v0x5566d57af970_126, C4<0000000000000000>, C4<0000000000000000>, C4<0000000000000000>;
v0x5566d57af970_127 .array/port v0x5566d57af970, 127;
L_0x5566d59ac1c0 .functor BUFZ 16, v0x5566d57af970_127, C4<0000000000000000>, C4<0000000000000000>, C4<0000000000000000>;
v0x5566d57af970_128 .array/port v0x5566d57af970, 128;
L_0x5566d59ac280 .functor BUFZ 16, v0x5566d57af970_128, C4<0000000000000000>, C4<0000000000000000>, C4<0000000000000000>;
v0x5566d57af970_129 .array/port v0x5566d57af970, 129;
L_0x5566d59ac340 .functor BUFZ 16, v0x5566d57af970_129, C4<0000000000000000>, C4<0000000000000000>, C4<0000000000000000>;
v0x5566d57af970_130 .array/port v0x5566d57af970, 130;
L_0x5566d59ac400 .functor BUFZ 16, v0x5566d57af970_130, C4<0000000000000000>, C4<0000000000000000>, C4<0000000000000000>;
v0x5566d57af970_131 .array/port v0x5566d57af970, 131;
L_0x5566d59ac4c0 .functor BUFZ 16, v0x5566d57af970_131, C4<0000000000000000>, C4<0000000000000000>, C4<0000000000000000>;
v0x5566d57af970_132 .array/port v0x5566d57af970, 132;
L_0x5566d59ac580 .functor BUFZ 16, v0x5566d57af970_132, C4<0000000000000000>, C4<0000000000000000>, C4<0000000000000000>;
v0x5566d57af970_133 .array/port v0x5566d57af970, 133;
L_0x5566d59ac640 .functor BUFZ 16, v0x5566d57af970_133, C4<0000000000000000>, C4<0000000000000000>, C4<0000000000000000>;
v0x5566d57af970_134 .array/port v0x5566d57af970, 134;
L_0x5566d59ac700 .functor BUFZ 16, v0x5566d57af970_134, C4<0000000000000000>, C4<0000000000000000>, C4<0000000000000000>;
v0x5566d57af970_135 .array/port v0x5566d57af970, 135;
L_0x5566d59ac7c0 .functor BUFZ 16, v0x5566d57af970_135, C4<0000000000000000>, C4<0000000000000000>, C4<0000000000000000>;
v0x5566d57af970_136 .array/port v0x5566d57af970, 136;
L_0x5566d59ac880 .functor BUFZ 16, v0x5566d57af970_136, C4<0000000000000000>, C4<0000000000000000>, C4<0000000000000000>;
v0x5566d57af970_137 .array/port v0x5566d57af970, 137;
L_0x5566d59ac940 .functor BUFZ 16, v0x5566d57af970_137, C4<0000000000000000>, C4<0000000000000000>, C4<0000000000000000>;
v0x5566d57af970_138 .array/port v0x5566d57af970, 138;
L_0x5566d59aca00 .functor BUFZ 16, v0x5566d57af970_138, C4<0000000000000000>, C4<0000000000000000>, C4<0000000000000000>;
v0x5566d57af970_139 .array/port v0x5566d57af970, 139;
L_0x5566d59acac0 .functor BUFZ 16, v0x5566d57af970_139, C4<0000000000000000>, C4<0000000000000000>, C4<0000000000000000>;
v0x5566d57af970_140 .array/port v0x5566d57af970, 140;
L_0x5566d59acb80 .functor BUFZ 16, v0x5566d57af970_140, C4<0000000000000000>, C4<0000000000000000>, C4<0000000000000000>;
v0x5566d57af970_141 .array/port v0x5566d57af970, 141;
L_0x5566d59acc40 .functor BUFZ 16, v0x5566d57af970_141, C4<0000000000000000>, C4<0000000000000000>, C4<0000000000000000>;
v0x5566d57af970_142 .array/port v0x5566d57af970, 142;
L_0x5566d59acd00 .functor BUFZ 16, v0x5566d57af970_142, C4<0000000000000000>, C4<0000000000000000>, C4<0000000000000000>;
v0x5566d57af970_143 .array/port v0x5566d57af970, 143;
L_0x5566d59acdc0 .functor BUFZ 16, v0x5566d57af970_143, C4<0000000000000000>, C4<0000000000000000>, C4<0000000000000000>;
v0x5566d57af970_144 .array/port v0x5566d57af970, 144;
L_0x5566d59ace80 .functor BUFZ 16, v0x5566d57af970_144, C4<0000000000000000>, C4<0000000000000000>, C4<0000000000000000>;
v0x5566d57af970_145 .array/port v0x5566d57af970, 145;
L_0x5566d59acf40 .functor BUFZ 16, v0x5566d57af970_145, C4<0000000000000000>, C4<0000000000000000>, C4<0000000000000000>;
v0x5566d57af970_146 .array/port v0x5566d57af970, 146;
L_0x5566d59ad000 .functor BUFZ 16, v0x5566d57af970_146, C4<0000000000000000>, C4<0000000000000000>, C4<0000000000000000>;
v0x5566d57af970_147 .array/port v0x5566d57af970, 147;
L_0x5566d59ae620 .functor BUFZ 16, v0x5566d57af970_147, C4<0000000000000000>, C4<0000000000000000>, C4<0000000000000000>;
v0x5566d57af970_148 .array/port v0x5566d57af970, 148;
L_0x5566d59ae6e0 .functor BUFZ 16, v0x5566d57af970_148, C4<0000000000000000>, C4<0000000000000000>, C4<0000000000000000>;
v0x5566d57af970_149 .array/port v0x5566d57af970, 149;
L_0x5566d59ad1a0 .functor BUFZ 16, v0x5566d57af970_149, C4<0000000000000000>, C4<0000000000000000>, C4<0000000000000000>;
v0x5566d57af970_150 .array/port v0x5566d57af970, 150;
L_0x5566d59ad260 .functor BUFZ 16, v0x5566d57af970_150, C4<0000000000000000>, C4<0000000000000000>, C4<0000000000000000>;
v0x5566d57af970_151 .array/port v0x5566d57af970, 151;
L_0x5566d59ad320 .functor BUFZ 16, v0x5566d57af970_151, C4<0000000000000000>, C4<0000000000000000>, C4<0000000000000000>;
v0x5566d57af970_152 .array/port v0x5566d57af970, 152;
L_0x5566d59ad3e0 .functor BUFZ 16, v0x5566d57af970_152, C4<0000000000000000>, C4<0000000000000000>, C4<0000000000000000>;
v0x5566d57af970_153 .array/port v0x5566d57af970, 153;
L_0x5566d59ad4a0 .functor BUFZ 16, v0x5566d57af970_153, C4<0000000000000000>, C4<0000000000000000>, C4<0000000000000000>;
v0x5566d57af970_154 .array/port v0x5566d57af970, 154;
L_0x5566d59ad560 .functor BUFZ 16, v0x5566d57af970_154, C4<0000000000000000>, C4<0000000000000000>, C4<0000000000000000>;
v0x5566d57af970_155 .array/port v0x5566d57af970, 155;
L_0x5566d59ad620 .functor BUFZ 16, v0x5566d57af970_155, C4<0000000000000000>, C4<0000000000000000>, C4<0000000000000000>;
v0x5566d57af970_156 .array/port v0x5566d57af970, 156;
L_0x5566d59ad6e0 .functor BUFZ 16, v0x5566d57af970_156, C4<0000000000000000>, C4<0000000000000000>, C4<0000000000000000>;
v0x5566d57af970_157 .array/port v0x5566d57af970, 157;
L_0x5566d59ad7a0 .functor BUFZ 16, v0x5566d57af970_157, C4<0000000000000000>, C4<0000000000000000>, C4<0000000000000000>;
v0x5566d57af970_158 .array/port v0x5566d57af970, 158;
L_0x5566d59ad860 .functor BUFZ 16, v0x5566d57af970_158, C4<0000000000000000>, C4<0000000000000000>, C4<0000000000000000>;
v0x5566d57af970_159 .array/port v0x5566d57af970, 159;
L_0x5566d59ad920 .functor BUFZ 16, v0x5566d57af970_159, C4<0000000000000000>, C4<0000000000000000>, C4<0000000000000000>;
v0x5566d57af970_160 .array/port v0x5566d57af970, 160;
L_0x5566d59ad9e0 .functor BUFZ 16, v0x5566d57af970_160, C4<0000000000000000>, C4<0000000000000000>, C4<0000000000000000>;
v0x5566d57af970_161 .array/port v0x5566d57af970, 161;
L_0x5566d59adaa0 .functor BUFZ 16, v0x5566d57af970_161, C4<0000000000000000>, C4<0000000000000000>, C4<0000000000000000>;
v0x5566d57af970_162 .array/port v0x5566d57af970, 162;
L_0x5566d59adb60 .functor BUFZ 16, v0x5566d57af970_162, C4<0000000000000000>, C4<0000000000000000>, C4<0000000000000000>;
v0x5566d57af970_163 .array/port v0x5566d57af970, 163;
L_0x5566d59adc20 .functor BUFZ 16, v0x5566d57af970_163, C4<0000000000000000>, C4<0000000000000000>, C4<0000000000000000>;
v0x5566d57af970_164 .array/port v0x5566d57af970, 164;
L_0x5566d59adce0 .functor BUFZ 16, v0x5566d57af970_164, C4<0000000000000000>, C4<0000000000000000>, C4<0000000000000000>;
v0x5566d57af970_165 .array/port v0x5566d57af970, 165;
L_0x5566d59adda0 .functor BUFZ 16, v0x5566d57af970_165, C4<0000000000000000>, C4<0000000000000000>, C4<0000000000000000>;
v0x5566d57af970_166 .array/port v0x5566d57af970, 166;
L_0x5566d59ade60 .functor BUFZ 16, v0x5566d57af970_166, C4<0000000000000000>, C4<0000000000000000>, C4<0000000000000000>;
v0x5566d57af970_167 .array/port v0x5566d57af970, 167;
L_0x5566d59adf20 .functor BUFZ 16, v0x5566d57af970_167, C4<0000000000000000>, C4<0000000000000000>, C4<0000000000000000>;
v0x5566d57af970_168 .array/port v0x5566d57af970, 168;
L_0x5566d59adfe0 .functor BUFZ 16, v0x5566d57af970_168, C4<0000000000000000>, C4<0000000000000000>, C4<0000000000000000>;
v0x5566d57af970_169 .array/port v0x5566d57af970, 169;
L_0x5566d59ae0a0 .functor BUFZ 16, v0x5566d57af970_169, C4<0000000000000000>, C4<0000000000000000>, C4<0000000000000000>;
v0x5566d57af970_170 .array/port v0x5566d57af970, 170;
L_0x5566d59ae160 .functor BUFZ 16, v0x5566d57af970_170, C4<0000000000000000>, C4<0000000000000000>, C4<0000000000000000>;
v0x5566d57af970_171 .array/port v0x5566d57af970, 171;
L_0x5566d59ae220 .functor BUFZ 16, v0x5566d57af970_171, C4<0000000000000000>, C4<0000000000000000>, C4<0000000000000000>;
v0x5566d57af970_172 .array/port v0x5566d57af970, 172;
L_0x5566d59ae2e0 .functor BUFZ 16, v0x5566d57af970_172, C4<0000000000000000>, C4<0000000000000000>, C4<0000000000000000>;
v0x5566d57af970_173 .array/port v0x5566d57af970, 173;
L_0x5566d59ae3a0 .functor BUFZ 16, v0x5566d57af970_173, C4<0000000000000000>, C4<0000000000000000>, C4<0000000000000000>;
v0x5566d57af970_174 .array/port v0x5566d57af970, 174;
L_0x5566d59ae460 .functor BUFZ 16, v0x5566d57af970_174, C4<0000000000000000>, C4<0000000000000000>, C4<0000000000000000>;
v0x5566d57af970_175 .array/port v0x5566d57af970, 175;
L_0x5566d59ae520 .functor BUFZ 16, v0x5566d57af970_175, C4<0000000000000000>, C4<0000000000000000>, C4<0000000000000000>;
v0x5566d57af970_176 .array/port v0x5566d57af970, 176;
L_0x5566d59afd00 .functor BUFZ 16, v0x5566d57af970_176, C4<0000000000000000>, C4<0000000000000000>, C4<0000000000000000>;
v0x5566d57af970_177 .array/port v0x5566d57af970, 177;
L_0x5566d59ae7a0 .functor BUFZ 16, v0x5566d57af970_177, C4<0000000000000000>, C4<0000000000000000>, C4<0000000000000000>;
v0x5566d57af970_178 .array/port v0x5566d57af970, 178;
L_0x5566d59ae860 .functor BUFZ 16, v0x5566d57af970_178, C4<0000000000000000>, C4<0000000000000000>, C4<0000000000000000>;
v0x5566d57af970_179 .array/port v0x5566d57af970, 179;
L_0x5566d59ae920 .functor BUFZ 16, v0x5566d57af970_179, C4<0000000000000000>, C4<0000000000000000>, C4<0000000000000000>;
v0x5566d57af970_180 .array/port v0x5566d57af970, 180;
L_0x5566d59ae9e0 .functor BUFZ 16, v0x5566d57af970_180, C4<0000000000000000>, C4<0000000000000000>, C4<0000000000000000>;
v0x5566d57af970_181 .array/port v0x5566d57af970, 181;
L_0x5566d59aeaa0 .functor BUFZ 16, v0x5566d57af970_181, C4<0000000000000000>, C4<0000000000000000>, C4<0000000000000000>;
v0x5566d57af970_182 .array/port v0x5566d57af970, 182;
L_0x5566d59aeb60 .functor BUFZ 16, v0x5566d57af970_182, C4<0000000000000000>, C4<0000000000000000>, C4<0000000000000000>;
v0x5566d57af970_183 .array/port v0x5566d57af970, 183;
L_0x5566d59aec20 .functor BUFZ 16, v0x5566d57af970_183, C4<0000000000000000>, C4<0000000000000000>, C4<0000000000000000>;
v0x5566d57af970_184 .array/port v0x5566d57af970, 184;
L_0x5566d59aece0 .functor BUFZ 16, v0x5566d57af970_184, C4<0000000000000000>, C4<0000000000000000>, C4<0000000000000000>;
v0x5566d57af970_185 .array/port v0x5566d57af970, 185;
L_0x5566d59aeda0 .functor BUFZ 16, v0x5566d57af970_185, C4<0000000000000000>, C4<0000000000000000>, C4<0000000000000000>;
v0x5566d57af970_186 .array/port v0x5566d57af970, 186;
L_0x5566d59aee60 .functor BUFZ 16, v0x5566d57af970_186, C4<0000000000000000>, C4<0000000000000000>, C4<0000000000000000>;
v0x5566d57af970_187 .array/port v0x5566d57af970, 187;
L_0x5566d59aef20 .functor BUFZ 16, v0x5566d57af970_187, C4<0000000000000000>, C4<0000000000000000>, C4<0000000000000000>;
v0x5566d57af970_188 .array/port v0x5566d57af970, 188;
L_0x5566d59aefe0 .functor BUFZ 16, v0x5566d57af970_188, C4<0000000000000000>, C4<0000000000000000>, C4<0000000000000000>;
v0x5566d57af970_189 .array/port v0x5566d57af970, 189;
L_0x5566d59af0a0 .functor BUFZ 16, v0x5566d57af970_189, C4<0000000000000000>, C4<0000000000000000>, C4<0000000000000000>;
v0x5566d57af970_190 .array/port v0x5566d57af970, 190;
L_0x5566d59af160 .functor BUFZ 16, v0x5566d57af970_190, C4<0000000000000000>, C4<0000000000000000>, C4<0000000000000000>;
v0x5566d57af970_191 .array/port v0x5566d57af970, 191;
L_0x5566d59af220 .functor BUFZ 16, v0x5566d57af970_191, C4<0000000000000000>, C4<0000000000000000>, C4<0000000000000000>;
v0x5566d57af970_192 .array/port v0x5566d57af970, 192;
L_0x5566d59af2e0 .functor BUFZ 16, v0x5566d57af970_192, C4<0000000000000000>, C4<0000000000000000>, C4<0000000000000000>;
v0x5566d57af970_193 .array/port v0x5566d57af970, 193;
L_0x5566d59af3a0 .functor BUFZ 16, v0x5566d57af970_193, C4<0000000000000000>, C4<0000000000000000>, C4<0000000000000000>;
v0x5566d57af970_194 .array/port v0x5566d57af970, 194;
L_0x5566d59af460 .functor BUFZ 16, v0x5566d57af970_194, C4<0000000000000000>, C4<0000000000000000>, C4<0000000000000000>;
v0x5566d57af970_195 .array/port v0x5566d57af970, 195;
L_0x5566d59af520 .functor BUFZ 16, v0x5566d57af970_195, C4<0000000000000000>, C4<0000000000000000>, C4<0000000000000000>;
v0x5566d57af970_196 .array/port v0x5566d57af970, 196;
L_0x5566d59af5e0 .functor BUFZ 16, v0x5566d57af970_196, C4<0000000000000000>, C4<0000000000000000>, C4<0000000000000000>;
v0x5566d57af970_197 .array/port v0x5566d57af970, 197;
L_0x5566d59af6a0 .functor BUFZ 16, v0x5566d57af970_197, C4<0000000000000000>, C4<0000000000000000>, C4<0000000000000000>;
v0x5566d57af970_198 .array/port v0x5566d57af970, 198;
L_0x5566d59af760 .functor BUFZ 16, v0x5566d57af970_198, C4<0000000000000000>, C4<0000000000000000>, C4<0000000000000000>;
v0x5566d57af970_199 .array/port v0x5566d57af970, 199;
L_0x5566d59af820 .functor BUFZ 16, v0x5566d57af970_199, C4<0000000000000000>, C4<0000000000000000>, C4<0000000000000000>;
v0x5566d57af970_200 .array/port v0x5566d57af970, 200;
L_0x5566d59af8e0 .functor BUFZ 16, v0x5566d57af970_200, C4<0000000000000000>, C4<0000000000000000>, C4<0000000000000000>;
v0x5566d57af970_201 .array/port v0x5566d57af970, 201;
L_0x5566d59af9a0 .functor BUFZ 16, v0x5566d57af970_201, C4<0000000000000000>, C4<0000000000000000>, C4<0000000000000000>;
v0x5566d57af970_202 .array/port v0x5566d57af970, 202;
L_0x5566d59afa60 .functor BUFZ 16, v0x5566d57af970_202, C4<0000000000000000>, C4<0000000000000000>, C4<0000000000000000>;
v0x5566d57af970_203 .array/port v0x5566d57af970, 203;
L_0x5566d59afb20 .functor BUFZ 16, v0x5566d57af970_203, C4<0000000000000000>, C4<0000000000000000>, C4<0000000000000000>;
v0x5566d57af970_204 .array/port v0x5566d57af970, 204;
L_0x5566d59afbe0 .functor BUFZ 16, v0x5566d57af970_204, C4<0000000000000000>, C4<0000000000000000>, C4<0000000000000000>;
v0x5566d57af970_205 .array/port v0x5566d57af970, 205;
L_0x5566d59b1410 .functor BUFZ 16, v0x5566d57af970_205, C4<0000000000000000>, C4<0000000000000000>, C4<0000000000000000>;
v0x5566d57af970_206 .array/port v0x5566d57af970, 206;
L_0x5566d59b1480 .functor BUFZ 16, v0x5566d57af970_206, C4<0000000000000000>, C4<0000000000000000>, C4<0000000000000000>;
v0x5566d57af970_207 .array/port v0x5566d57af970, 207;
L_0x5566d59afdc0 .functor BUFZ 16, v0x5566d57af970_207, C4<0000000000000000>, C4<0000000000000000>, C4<0000000000000000>;
v0x5566d57af970_208 .array/port v0x5566d57af970, 208;
L_0x5566d59afe80 .functor BUFZ 16, v0x5566d57af970_208, C4<0000000000000000>, C4<0000000000000000>, C4<0000000000000000>;
v0x5566d57af970_209 .array/port v0x5566d57af970, 209;
L_0x5566d59aff40 .functor BUFZ 16, v0x5566d57af970_209, C4<0000000000000000>, C4<0000000000000000>, C4<0000000000000000>;
v0x5566d57af970_210 .array/port v0x5566d57af970, 210;
L_0x5566d59b0000 .functor BUFZ 16, v0x5566d57af970_210, C4<0000000000000000>, C4<0000000000000000>, C4<0000000000000000>;
v0x5566d57af970_211 .array/port v0x5566d57af970, 211;
L_0x5566d59b00c0 .functor BUFZ 16, v0x5566d57af970_211, C4<0000000000000000>, C4<0000000000000000>, C4<0000000000000000>;
v0x5566d57af970_212 .array/port v0x5566d57af970, 212;
L_0x5566d59b0180 .functor BUFZ 16, v0x5566d57af970_212, C4<0000000000000000>, C4<0000000000000000>, C4<0000000000000000>;
v0x5566d57af970_213 .array/port v0x5566d57af970, 213;
L_0x5566d59b0240 .functor BUFZ 16, v0x5566d57af970_213, C4<0000000000000000>, C4<0000000000000000>, C4<0000000000000000>;
v0x5566d57af970_214 .array/port v0x5566d57af970, 214;
L_0x5566d59b0300 .functor BUFZ 16, v0x5566d57af970_214, C4<0000000000000000>, C4<0000000000000000>, C4<0000000000000000>;
v0x5566d57af970_215 .array/port v0x5566d57af970, 215;
L_0x5566d59b03c0 .functor BUFZ 16, v0x5566d57af970_215, C4<0000000000000000>, C4<0000000000000000>, C4<0000000000000000>;
v0x5566d57af970_216 .array/port v0x5566d57af970, 216;
L_0x5566d59b0480 .functor BUFZ 16, v0x5566d57af970_216, C4<0000000000000000>, C4<0000000000000000>, C4<0000000000000000>;
v0x5566d57af970_217 .array/port v0x5566d57af970, 217;
L_0x5566d59b0540 .functor BUFZ 16, v0x5566d57af970_217, C4<0000000000000000>, C4<0000000000000000>, C4<0000000000000000>;
v0x5566d57af970_218 .array/port v0x5566d57af970, 218;
L_0x5566d59b0600 .functor BUFZ 16, v0x5566d57af970_218, C4<0000000000000000>, C4<0000000000000000>, C4<0000000000000000>;
v0x5566d57af970_219 .array/port v0x5566d57af970, 219;
L_0x5566d59b06c0 .functor BUFZ 16, v0x5566d57af970_219, C4<0000000000000000>, C4<0000000000000000>, C4<0000000000000000>;
v0x5566d57af970_220 .array/port v0x5566d57af970, 220;
L_0x5566d59b0780 .functor BUFZ 16, v0x5566d57af970_220, C4<0000000000000000>, C4<0000000000000000>, C4<0000000000000000>;
v0x5566d57af970_221 .array/port v0x5566d57af970, 221;
L_0x5566d59b0840 .functor BUFZ 16, v0x5566d57af970_221, C4<0000000000000000>, C4<0000000000000000>, C4<0000000000000000>;
v0x5566d57af970_222 .array/port v0x5566d57af970, 222;
L_0x5566d59b0900 .functor BUFZ 16, v0x5566d57af970_222, C4<0000000000000000>, C4<0000000000000000>, C4<0000000000000000>;
v0x5566d57af970_223 .array/port v0x5566d57af970, 223;
L_0x5566d59b09c0 .functor BUFZ 16, v0x5566d57af970_223, C4<0000000000000000>, C4<0000000000000000>, C4<0000000000000000>;
v0x5566d57af970_224 .array/port v0x5566d57af970, 224;
L_0x5566d59b0a80 .functor BUFZ 16, v0x5566d57af970_224, C4<0000000000000000>, C4<0000000000000000>, C4<0000000000000000>;
v0x5566d57af970_225 .array/port v0x5566d57af970, 225;
L_0x5566d59b0b40 .functor BUFZ 16, v0x5566d57af970_225, C4<0000000000000000>, C4<0000000000000000>, C4<0000000000000000>;
v0x5566d57af970_226 .array/port v0x5566d57af970, 226;
L_0x5566d59b0c00 .functor BUFZ 16, v0x5566d57af970_226, C4<0000000000000000>, C4<0000000000000000>, C4<0000000000000000>;
v0x5566d57af970_227 .array/port v0x5566d57af970, 227;
L_0x5566d59b0cc0 .functor BUFZ 16, v0x5566d57af970_227, C4<0000000000000000>, C4<0000000000000000>, C4<0000000000000000>;
v0x5566d57af970_228 .array/port v0x5566d57af970, 228;
L_0x5566d59b0d80 .functor BUFZ 16, v0x5566d57af970_228, C4<0000000000000000>, C4<0000000000000000>, C4<0000000000000000>;
v0x5566d57af970_229 .array/port v0x5566d57af970, 229;
L_0x5566d59b0e40 .functor BUFZ 16, v0x5566d57af970_229, C4<0000000000000000>, C4<0000000000000000>, C4<0000000000000000>;
v0x5566d57af970_230 .array/port v0x5566d57af970, 230;
L_0x5566d59b0f00 .functor BUFZ 16, v0x5566d57af970_230, C4<0000000000000000>, C4<0000000000000000>, C4<0000000000000000>;
v0x5566d57af970_231 .array/port v0x5566d57af970, 231;
L_0x5566d59b0fc0 .functor BUFZ 16, v0x5566d57af970_231, C4<0000000000000000>, C4<0000000000000000>, C4<0000000000000000>;
v0x5566d57af970_232 .array/port v0x5566d57af970, 232;
L_0x5566d59b1080 .functor BUFZ 16, v0x5566d57af970_232, C4<0000000000000000>, C4<0000000000000000>, C4<0000000000000000>;
v0x5566d57af970_233 .array/port v0x5566d57af970, 233;
L_0x5566d59b1140 .functor BUFZ 16, v0x5566d57af970_233, C4<0000000000000000>, C4<0000000000000000>, C4<0000000000000000>;
v0x5566d57af970_234 .array/port v0x5566d57af970, 234;
L_0x5566d59b1200 .functor BUFZ 16, v0x5566d57af970_234, C4<0000000000000000>, C4<0000000000000000>, C4<0000000000000000>;
v0x5566d57af970_235 .array/port v0x5566d57af970, 235;
L_0x5566d59b12c0 .functor BUFZ 16, v0x5566d57af970_235, C4<0000000000000000>, C4<0000000000000000>, C4<0000000000000000>;
v0x5566d57af970_236 .array/port v0x5566d57af970, 236;
L_0x5566d59b1380 .functor BUFZ 16, v0x5566d57af970_236, C4<0000000000000000>, C4<0000000000000000>, C4<0000000000000000>;
v0x5566d57af970_237 .array/port v0x5566d57af970, 237;
L_0x5566d59b1540 .functor BUFZ 16, v0x5566d57af970_237, C4<0000000000000000>, C4<0000000000000000>, C4<0000000000000000>;
v0x5566d57af970_238 .array/port v0x5566d57af970, 238;
L_0x5566d59b1600 .functor BUFZ 16, v0x5566d57af970_238, C4<0000000000000000>, C4<0000000000000000>, C4<0000000000000000>;
v0x5566d57af970_239 .array/port v0x5566d57af970, 239;
L_0x5566d59b16c0 .functor BUFZ 16, v0x5566d57af970_239, C4<0000000000000000>, C4<0000000000000000>, C4<0000000000000000>;
v0x5566d57af970_240 .array/port v0x5566d57af970, 240;
L_0x5566d59b1780 .functor BUFZ 16, v0x5566d57af970_240, C4<0000000000000000>, C4<0000000000000000>, C4<0000000000000000>;
v0x5566d57af970_241 .array/port v0x5566d57af970, 241;
L_0x5566d59b1840 .functor BUFZ 16, v0x5566d57af970_241, C4<0000000000000000>, C4<0000000000000000>, C4<0000000000000000>;
v0x5566d57af970_242 .array/port v0x5566d57af970, 242;
L_0x5566d59b1900 .functor BUFZ 16, v0x5566d57af970_242, C4<0000000000000000>, C4<0000000000000000>, C4<0000000000000000>;
v0x5566d57af970_243 .array/port v0x5566d57af970, 243;
L_0x5566d59b19c0 .functor BUFZ 16, v0x5566d57af970_243, C4<0000000000000000>, C4<0000000000000000>, C4<0000000000000000>;
v0x5566d57af970_244 .array/port v0x5566d57af970, 244;
L_0x5566d59b1a80 .functor BUFZ 16, v0x5566d57af970_244, C4<0000000000000000>, C4<0000000000000000>, C4<0000000000000000>;
v0x5566d57af970_245 .array/port v0x5566d57af970, 245;
L_0x5566d59b1b40 .functor BUFZ 16, v0x5566d57af970_245, C4<0000000000000000>, C4<0000000000000000>, C4<0000000000000000>;
v0x5566d57af970_246 .array/port v0x5566d57af970, 246;
L_0x5566d59b1c00 .functor BUFZ 16, v0x5566d57af970_246, C4<0000000000000000>, C4<0000000000000000>, C4<0000000000000000>;
v0x5566d57af970_247 .array/port v0x5566d57af970, 247;
L_0x5566d59b1cc0 .functor BUFZ 16, v0x5566d57af970_247, C4<0000000000000000>, C4<0000000000000000>, C4<0000000000000000>;
v0x5566d57af970_248 .array/port v0x5566d57af970, 248;
L_0x5566d59b1d80 .functor BUFZ 16, v0x5566d57af970_248, C4<0000000000000000>, C4<0000000000000000>, C4<0000000000000000>;
v0x5566d57af970_249 .array/port v0x5566d57af970, 249;
L_0x5566d59b1e40 .functor BUFZ 16, v0x5566d57af970_249, C4<0000000000000000>, C4<0000000000000000>, C4<0000000000000000>;
v0x5566d57af970_250 .array/port v0x5566d57af970, 250;
L_0x5566d59b1f00 .functor BUFZ 16, v0x5566d57af970_250, C4<0000000000000000>, C4<0000000000000000>, C4<0000000000000000>;
v0x5566d57af970_251 .array/port v0x5566d57af970, 251;
L_0x5566d59b1fc0 .functor BUFZ 16, v0x5566d57af970_251, C4<0000000000000000>, C4<0000000000000000>, C4<0000000000000000>;
v0x5566d57af970_252 .array/port v0x5566d57af970, 252;
L_0x5566d59b2080 .functor BUFZ 16, v0x5566d57af970_252, C4<0000000000000000>, C4<0000000000000000>, C4<0000000000000000>;
v0x5566d57af970_253 .array/port v0x5566d57af970, 253;
L_0x5566d59b2140 .functor BUFZ 16, v0x5566d57af970_253, C4<0000000000000000>, C4<0000000000000000>, C4<0000000000000000>;
v0x5566d57af970_254 .array/port v0x5566d57af970, 254;
L_0x5566d59b2200 .functor BUFZ 16, v0x5566d57af970_254, C4<0000000000000000>, C4<0000000000000000>, C4<0000000000000000>;
v0x5566d57af970_255 .array/port v0x5566d57af970, 255;
L_0x5566d59b22c0 .functor BUFZ 16, v0x5566d57af970_255, C4<0000000000000000>, C4<0000000000000000>, C4<0000000000000000>;
L_0x5566d59b2380 .functor BUFZ 16, v0x5566d5729290_0, C4<0000000000000000>, C4<0000000000000000>, C4<0000000000000000>;
L_0x5566d59b2440 .functor BUFZ 16, v0x5566d572d8b0_0, C4<0000000000000000>, C4<0000000000000000>, C4<0000000000000000>;
L_0x5566d59b2500 .functor BUFZ 16, v0x5566d5733050_0, C4<0000000000000000>, C4<0000000000000000>, C4<0000000000000000>;
L_0x5566d59b25c0 .functor BUFZ 16, v0x5566d5737690_0, C4<0000000000000000>, C4<0000000000000000>, C4<0000000000000000>;
L_0x5566d59b2680 .functor BUFZ 16, v0x5566d573bd60_0, C4<0000000000000000>, C4<0000000000000000>, C4<0000000000000000>;
L_0x5566d59b2740 .functor BUFZ 16, v0x5566d57414a0_0, C4<0000000000000000>, C4<0000000000000000>, C4<0000000000000000>;
L_0x5566d59b2800 .functor BUFZ 16, v0x5566d5745ae0_0, C4<0000000000000000>, C4<0000000000000000>, C4<0000000000000000>;
L_0x5566d59b28c0 .functor BUFZ 16, v0x5566d574a1d0_0, C4<0000000000000000>, C4<0000000000000000>, C4<0000000000000000>;
L_0x5566d59b2980 .functor BUFZ 16, v0x5566d574e810_0, C4<0000000000000000>, C4<0000000000000000>, C4<0000000000000000>;
L_0x5566d59b2a40 .functor BUFZ 16, v0x5566d5753f30_0, C4<0000000000000000>, C4<0000000000000000>, C4<0000000000000000>;
L_0x5566d59b2b00 .functor BUFZ 16, v0x5566d57585f0_0, C4<0000000000000000>, C4<0000000000000000>, C4<0000000000000000>;
L_0x5566d59b2bc0 .functor BUFZ 16, v0x5566d575dd40_0, C4<0000000000000000>, C4<0000000000000000>, C4<0000000000000000>;
L_0x5566d59b4510 .functor BUFZ 16, v0x5566d5762400_0, C4<0000000000000000>, C4<0000000000000000>, C4<0000000000000000>;
L_0x5566d59b2cd0 .functor BUFZ 16, v0x5566d5767b50_0, C4<0000000000000000>, C4<0000000000000000>, C4<0000000000000000>;
L_0x5566d59b2d90 .functor BUFZ 16, v0x5566d576c240_0, C4<0000000000000000>, C4<0000000000000000>, C4<0000000000000000>;
L_0x5566d59b2e50 .functor BUFZ 16, v0x5566d57719a0_0, C4<0000000000000000>, C4<0000000000000000>, C4<0000000000000000>;
L_0x5566d59b2f10 .functor BUFZ 16, v0x5566d57782c0_0, C4<0000000000000000>, C4<0000000000000000>, C4<0000000000000000>;
L_0x5566d59b2fd0 .functor BUFZ 16, v0x5566d577c980_0, C4<0000000000000000>, C4<0000000000000000>, C4<0000000000000000>;
L_0x5566d59b3090 .functor BUFZ 16, v0x5566d57820d0_0, C4<0000000000000000>, C4<0000000000000000>, C4<0000000000000000>;
L_0x5566d59b3150 .functor BUFZ 16, v0x5566d5786770_0, C4<0000000000000000>, C4<0000000000000000>, C4<0000000000000000>;
L_0x5566d59b3210 .functor BUFZ 16, v0x5566d578bf60_0, C4<0000000000000000>, C4<0000000000000000>, C4<0000000000000000>;
L_0x5566d59b32d0 .functor BUFZ 16, v0x5566d57916b0_0, C4<0000000000000000>, C4<0000000000000000>, C4<0000000000000000>;
L_0x5566d59b3390 .functor BUFZ 16, v0x5566d5795d70_0, C4<0000000000000000>, C4<0000000000000000>, C4<0000000000000000>;
L_0x5566d59b3450 .functor BUFZ 16, v0x5566d579b4c0_0, C4<0000000000000000>, C4<0000000000000000>, C4<0000000000000000>;
L_0x5566d59b3510 .functor BUFZ 16, v0x5566d57a0c90_0, C4<0000000000000000>, C4<0000000000000000>, C4<0000000000000000>;
L_0x5566d59b35d0 .functor BUFZ 16, v0x5566d57a5310_0, C4<0000000000000000>, C4<0000000000000000>, C4<0000000000000000>;
L_0x5566d59b3690 .functor BUFZ 16, v0x5566d57aaaa0_0, C4<0000000000000000>, C4<0000000000000000>, C4<0000000000000000>;
L_0x5566d59b3750 .functor BUFZ 16, v0x5566d57af160_0, C4<0000000000000000>, C4<0000000000000000>, C4<0000000000000000>;
L_0x5566d59b3810 .functor BUFZ 16, v0x5566d57b48b0_0, C4<0000000000000000>, C4<0000000000000000>, C4<0000000000000000>;
L_0x5566d59b38d0 .functor BUFZ 16, v0x5566d57b8f70_0, C4<0000000000000000>, C4<0000000000000000>, C4<0000000000000000>;
L_0x5566d59b3990 .functor BUFZ 16, v0x5566d57be6c0_0, C4<0000000000000000>, C4<0000000000000000>, C4<0000000000000000>;
L_0x5566d59b3a50 .functor BUFZ 16, v0x5566d57c2d80_0, C4<0000000000000000>, C4<0000000000000000>, C4<0000000000000000>;
L_0x5566d59b3b10 .functor BUFZ 16, v0x5566d57c9660_0, C4<0000000000000000>, C4<0000000000000000>, C4<0000000000000000>;
L_0x5566d59b3bd0 .functor BUFZ 16, v0x5566d57cdd50_0, C4<0000000000000000>, C4<0000000000000000>, C4<0000000000000000>;
L_0x5566d59b3c90 .functor BUFZ 16, v0x5566d57d3490_0, C4<0000000000000000>, C4<0000000000000000>, C4<0000000000000000>;
L_0x5566d59b3d50 .functor BUFZ 16, v0x5566d57d8c40_0, C4<0000000000000000>, C4<0000000000000000>, C4<0000000000000000>;
L_0x5566d59b3e10 .functor BUFZ 16, v0x5566d57dd330_0, C4<0000000000000000>, C4<0000000000000000>, C4<0000000000000000>;
L_0x5566d59b3ed0 .functor BUFZ 16, v0x5566d57e2a70_0, C4<0000000000000000>, C4<0000000000000000>, C4<0000000000000000>;
L_0x5566d59b3f90 .functor BUFZ 16, v0x5566d57e7140_0, C4<0000000000000000>, C4<0000000000000000>, C4<0000000000000000>;
L_0x5566d59b4050 .functor BUFZ 16, v0x5566d57ec880_0, C4<0000000000000000>, C4<0000000000000000>, C4<0000000000000000>;
L_0x5566d59b4110 .functor BUFZ 16, v0x5566d57f2030_0, C4<0000000000000000>, C4<0000000000000000>, C4<0000000000000000>;
L_0x5566d59b41d0 .functor BUFZ 16, v0x5566d57f66f0_0, C4<0000000000000000>, C4<0000000000000000>, C4<0000000000000000>;
L_0x5566d59b4290 .functor BUFZ 16, v0x5566d57fbe40_0, C4<0000000000000000>, C4<0000000000000000>, C4<0000000000000000>;
L_0x5566d59b4350 .functor BUFZ 16, v0x5566d5800500_0, C4<0000000000000000>, C4<0000000000000000>, C4<0000000000000000>;
L_0x5566d59b4410 .functor BUFZ 16, v0x5566d5805c50_0, C4<0000000000000000>, C4<0000000000000000>, C4<0000000000000000>;
L_0x5566d59b5f20 .functor BUFZ 16, v0x5566d580a340_0, C4<0000000000000000>, C4<0000000000000000>, C4<0000000000000000>;
L_0x5566d59b5fe0 .functor BUFZ 16, v0x5566d580faa0_0, C4<0000000000000000>, C4<0000000000000000>, C4<0000000000000000>;
L_0x5566d59b45d0 .functor BUFZ 16, v0x5566d5815230_0, C4<0000000000000000>, C4<0000000000000000>, C4<0000000000000000>;
L_0x5566d59b4690 .functor BUFZ 16, v0x5566d581bb90_0, C4<0000000000000000>, C4<0000000000000000>, C4<0000000000000000>;
L_0x5566d59b4750 .functor BUFZ 16, v0x5566d58201d0_0, C4<0000000000000000>, C4<0000000000000000>, C4<0000000000000000>;
L_0x5566d59b4810 .functor BUFZ 16, v0x5566d5711720_0, C4<0000000000000000>, C4<0000000000000000>, C4<0000000000000000>;
L_0x5566d59b48d0 .functor BUFZ 16, v0x5566d5716e10_0, C4<0000000000000000>, C4<0000000000000000>, C4<0000000000000000>;
L_0x5566d59b4990 .functor BUFZ 16, v0x5566d571b4c0_0, C4<0000000000000000>, C4<0000000000000000>, C4<0000000000000000>;
L_0x5566d59b4a50 .functor BUFZ 16, v0x5566d5720b90_0, C4<0000000000000000>, C4<0000000000000000>, C4<0000000000000000>;
L_0x5566d59b4b10 .functor BUFZ 16, v0x5566d5725190_0, C4<0000000000000000>, C4<0000000000000000>, C4<0000000000000000>;
L_0x5566d59b4bd0 .functor BUFZ 16, v0x5566d5729810_0, C4<0000000000000000>, C4<0000000000000000>, C4<0000000000000000>;
L_0x5566d59b4c90 .functor BUFZ 16, v0x5566d57d2760_0, C4<0000000000000000>, C4<0000000000000000>, C4<0000000000000000>;
L_0x5566d59b4d50 .functor BUFZ 16, v0x5566d57d8020_0, C4<0000000000000000>, C4<0000000000000000>, C4<0000000000000000>;
L_0x5566d59b4e10 .functor BUFZ 16, v0x5566d57de910_0, C4<0000000000000000>, C4<0000000000000000>, C4<0000000000000000>;
L_0x5566d59b4ed0 .functor BUFZ 16, v0x5566d57e51f0_0, C4<0000000000000000>, C4<0000000000000000>, C4<0000000000000000>;
L_0x5566d59b4f90 .functor BUFZ 16, v0x5566d57eaa90_0, C4<0000000000000000>, C4<0000000000000000>, C4<0000000000000000>;
L_0x5566d59b5050 .functor BUFZ 16, v0x5566d57f13a0_0, C4<0000000000000000>, C4<0000000000000000>, C4<0000000000000000>;
L_0x5566d59b5110 .functor BUFZ 16, v0x5566d57f7c80_0, C4<0000000000000000>, C4<0000000000000000>, C4<0000000000000000>;
L_0x5566d59b51d0 .functor BUFZ 16, v0x5566d57fd520_0, C4<0000000000000000>, C4<0000000000000000>, C4<0000000000000000>;
L_0x5566d59b5290 .functor BUFZ 16, v0x5566d58060d0_0, C4<0000000000000000>, C4<0000000000000000>, C4<0000000000000000>;
L_0x5566d59b5350 .functor BUFZ 16, v0x5566d580ca30_0, C4<0000000000000000>, C4<0000000000000000>, C4<0000000000000000>;
L_0x5566d59b5410 .functor BUFZ 16, v0x5566d5812280_0, C4<0000000000000000>, C4<0000000000000000>, C4<0000000000000000>;
L_0x5566d59b54d0 .functor BUFZ 16, v0x5566d5818b60_0, C4<0000000000000000>, C4<0000000000000000>, C4<0000000000000000>;
L_0x5566d59b5590 .functor BUFZ 16, v0x5566d581f4c0_0, C4<0000000000000000>, C4<0000000000000000>, C4<0000000000000000>;
L_0x5566d59b5650 .functor BUFZ 16, v0x5566d55e9400_0, C4<0000000000000000>, C4<0000000000000000>, C4<0000000000000000>;
L_0x5566d59b5710 .functor BUFZ 16, v0x5566d559b510_0, C4<0000000000000000>, C4<0000000000000000>, C4<0000000000000000>;
L_0x5566d59b57d0 .functor BUFZ 16, v0x5566d58dc400_0, C4<0000000000000000>, C4<0000000000000000>, C4<0000000000000000>;
L_0x5566d59b5890 .functor BUFZ 16, v0x5566d58dcd40_0, C4<0000000000000000>, C4<0000000000000000>, C4<0000000000000000>;
L_0x5566d59b5950 .functor BUFZ 16, v0x5566d58dd640_0, C4<0000000000000000>, C4<0000000000000000>, C4<0000000000000000>;
L_0x5566d59b5a10 .functor BUFZ 16, v0x5566d58ddf40_0, C4<0000000000000000>, C4<0000000000000000>, C4<0000000000000000>;
L_0x5566d59b5ad0 .functor BUFZ 16, v0x5566d58de840_0, C4<0000000000000000>, C4<0000000000000000>, C4<0000000000000000>;
L_0x5566d59b5b90 .functor BUFZ 16, v0x5566d58df140_0, C4<0000000000000000>, C4<0000000000000000>, C4<0000000000000000>;
L_0x5566d59b5c50 .functor BUFZ 16, v0x5566d58dfa40_0, C4<0000000000000000>, C4<0000000000000000>, C4<0000000000000000>;
L_0x5566d59b5d10 .functor BUFZ 16, v0x5566d58e0340_0, C4<0000000000000000>, C4<0000000000000000>, C4<0000000000000000>;
L_0x5566d59b5dd0 .functor BUFZ 16, v0x5566d58e0c40_0, C4<0000000000000000>, C4<0000000000000000>, C4<0000000000000000>;
L_0x5566d59b5e90 .functor BUFZ 16, v0x5566d58e1820_0, C4<0000000000000000>, C4<0000000000000000>, C4<0000000000000000>;
L_0x5566d59b60a0 .functor BUFZ 16, v0x5566d58e2120_0, C4<0000000000000000>, C4<0000000000000000>, C4<0000000000000000>;
L_0x5566d59b6160 .functor BUFZ 16, v0x5566d58e2a30_0, C4<0000000000000000>, C4<0000000000000000>, C4<0000000000000000>;
L_0x5566d59b6220 .functor BUFZ 16, v0x5566d58e3330_0, C4<0000000000000000>, C4<0000000000000000>, C4<0000000000000000>;
L_0x5566d59b62e0 .functor BUFZ 16, v0x5566d58e3c80_0, C4<0000000000000000>, C4<0000000000000000>, C4<0000000000000000>;
L_0x5566d59b63a0 .functor BUFZ 16, v0x5566d58e4550_0, C4<0000000000000000>, C4<0000000000000000>, C4<0000000000000000>;
L_0x5566d59b6460 .functor BUFZ 16, v0x5566d58e4e50_0, C4<0000000000000000>, C4<0000000000000000>, C4<0000000000000000>;
L_0x5566d59b6520 .functor BUFZ 16, v0x5566d58e5750_0, C4<0000000000000000>, C4<0000000000000000>, C4<0000000000000000>;
L_0x5566d59b65e0 .functor BUFZ 16, v0x5566d58e6090_0, C4<0000000000000000>, C4<0000000000000000>, C4<0000000000000000>;
L_0x5566d59b66a0 .functor BUFZ 16, v0x5566d58e6990_0, C4<0000000000000000>, C4<0000000000000000>, C4<0000000000000000>;
L_0x5566d59b6760 .functor BUFZ 16, v0x5566d58e7290_0, C4<0000000000000000>, C4<0000000000000000>, C4<0000000000000000>;
L_0x5566d59b6820 .functor BUFZ 16, v0x5566d58e7b90_0, C4<0000000000000000>, C4<0000000000000000>, C4<0000000000000000>;
L_0x5566d59b68e0 .functor BUFZ 16, v0x5566d58e8490_0, C4<0000000000000000>, C4<0000000000000000>, C4<0000000000000000>;
L_0x5566d59b69a0 .functor BUFZ 16, v0x5566d58e8d90_0, C4<0000000000000000>, C4<0000000000000000>, C4<0000000000000000>;
L_0x5566d59b6a60 .functor BUFZ 16, v0x5566d58e9690_0, C4<0000000000000000>, C4<0000000000000000>, C4<0000000000000000>;
L_0x5566d59b6b20 .functor BUFZ 16, v0x5566d58e9f90_0, C4<0000000000000000>, C4<0000000000000000>, C4<0000000000000000>;
L_0x5566d59b6be0 .functor BUFZ 16, v0x5566d58eab70_0, C4<0000000000000000>, C4<0000000000000000>, C4<0000000000000000>;
L_0x5566d59b6ca0 .functor BUFZ 16, v0x5566d58eb470_0, C4<0000000000000000>, C4<0000000000000000>, C4<0000000000000000>;
L_0x5566d59b6d60 .functor BUFZ 16, v0x5566d58ebd80_0, C4<0000000000000000>, C4<0000000000000000>, C4<0000000000000000>;
L_0x5566d59b6e20 .functor BUFZ 16, v0x5566d58ec680_0, C4<0000000000000000>, C4<0000000000000000>, C4<0000000000000000>;
L_0x5566d59b6ee0 .functor BUFZ 16, v0x5566d58ecfd0_0, C4<0000000000000000>, C4<0000000000000000>, C4<0000000000000000>;
L_0x5566d59b6fa0 .functor BUFZ 16, v0x5566d58ed8a0_0, C4<0000000000000000>, C4<0000000000000000>, C4<0000000000000000>;
L_0x5566d59b7060 .functor BUFZ 16, v0x5566d58ee1a0_0, C4<0000000000000000>, C4<0000000000000000>, C4<0000000000000000>;
L_0x5566d59b7120 .functor BUFZ 16, v0x5566d58eeaa0_0, C4<0000000000000000>, C4<0000000000000000>, C4<0000000000000000>;
L_0x5566d59b71e0 .functor BUFZ 16, v0x5566d58ef3e0_0, C4<0000000000000000>, C4<0000000000000000>, C4<0000000000000000>;
L_0x5566d59b72a0 .functor BUFZ 16, v0x5566d58efce0_0, C4<0000000000000000>, C4<0000000000000000>, C4<0000000000000000>;
L_0x5566d59b7360 .functor BUFZ 16, v0x5566d58f05e0_0, C4<0000000000000000>, C4<0000000000000000>, C4<0000000000000000>;
L_0x5566d59b7420 .functor BUFZ 16, v0x5566d58f0ee0_0, C4<0000000000000000>, C4<0000000000000000>, C4<0000000000000000>;
L_0x5566d59b74e0 .functor BUFZ 16, v0x5566d58f17e0_0, C4<0000000000000000>, C4<0000000000000000>, C4<0000000000000000>;
L_0x5566d59b75a0 .functor BUFZ 16, v0x5566d58f20e0_0, C4<0000000000000000>, C4<0000000000000000>, C4<0000000000000000>;
L_0x5566d59b7660 .functor BUFZ 16, v0x5566d58f29e0_0, C4<0000000000000000>, C4<0000000000000000>, C4<0000000000000000>;
L_0x5566d59b7720 .functor BUFZ 16, v0x5566d58f32e0_0, C4<0000000000000000>, C4<0000000000000000>, C4<0000000000000000>;
L_0x5566d59b77e0 .functor BUFZ 16, v0x5566d58f3ec0_0, C4<0000000000000000>, C4<0000000000000000>, C4<0000000000000000>;
L_0x5566d59b78a0 .functor BUFZ 16, v0x5566d58f47c0_0, C4<0000000000000000>, C4<0000000000000000>, C4<0000000000000000>;
L_0x5566d59b7960 .functor BUFZ 16, v0x5566d58f50d0_0, C4<0000000000000000>, C4<0000000000000000>, C4<0000000000000000>;
L_0x5566d59b7a20 .functor BUFZ 16, v0x5566d58f59d0_0, C4<0000000000000000>, C4<0000000000000000>, C4<0000000000000000>;
L_0x5566d59b96d0 .functor BUFZ 16, v0x5566d58f6320_0, C4<0000000000000000>, C4<0000000000000000>, C4<0000000000000000>;
L_0x5566d59b7b50 .functor BUFZ 16, v0x5566d58f6bf0_0, C4<0000000000000000>, C4<0000000000000000>, C4<0000000000000000>;
L_0x5566d59b7c10 .functor BUFZ 16, v0x5566d58f74f0_0, C4<0000000000000000>, C4<0000000000000000>, C4<0000000000000000>;
L_0x5566d59b7cd0 .functor BUFZ 16, v0x5566d58f7df0_0, C4<0000000000000000>, C4<0000000000000000>, C4<0000000000000000>;
L_0x5566d59b7d90 .functor BUFZ 16, v0x5566d58f8730_0, C4<0000000000000000>, C4<0000000000000000>, C4<0000000000000000>;
L_0x5566d59b7e50 .functor BUFZ 16, v0x5566d58f9030_0, C4<0000000000000000>, C4<0000000000000000>, C4<0000000000000000>;
L_0x5566d59b7f10 .functor BUFZ 16, v0x5566d58f9930_0, C4<0000000000000000>, C4<0000000000000000>, C4<0000000000000000>;
L_0x5566d59b7fd0 .functor BUFZ 16, v0x5566d58fa230_0, C4<0000000000000000>, C4<0000000000000000>, C4<0000000000000000>;
L_0x5566d59b8090 .functor BUFZ 16, v0x5566d58fab30_0, C4<0000000000000000>, C4<0000000000000000>, C4<0000000000000000>;
L_0x5566d59b8150 .functor BUFZ 16, v0x5566d58fb430_0, C4<0000000000000000>, C4<0000000000000000>, C4<0000000000000000>;
L_0x5566d59b8210 .functor BUFZ 16, v0x5566d58fbd30_0, C4<0000000000000000>, C4<0000000000000000>, C4<0000000000000000>;
L_0x5566d59b82d0 .functor BUFZ 16, v0x5566d58fc630_0, C4<0000000000000000>, C4<0000000000000000>, C4<0000000000000000>;
L_0x5566d59b8390 .functor BUFZ 16, v0x5566d58fd210_0, C4<0000000000000000>, C4<0000000000000000>, C4<0000000000000000>;
L_0x5566d59b8450 .functor BUFZ 16, v0x5566d58fdb10_0, C4<0000000000000000>, C4<0000000000000000>, C4<0000000000000000>;
L_0x5566d59b8510 .functor BUFZ 16, v0x5566d58fe420_0, C4<0000000000000000>, C4<0000000000000000>, C4<0000000000000000>;
L_0x5566d59b85d0 .functor BUFZ 16, v0x5566d58fed20_0, C4<0000000000000000>, C4<0000000000000000>, C4<0000000000000000>;
L_0x5566d59b8690 .functor BUFZ 16, v0x5566d58ff670_0, C4<0000000000000000>, C4<0000000000000000>, C4<0000000000000000>;
L_0x5566d59b8750 .functor BUFZ 16, v0x5566d58fff40_0, C4<0000000000000000>, C4<0000000000000000>, C4<0000000000000000>;
L_0x5566d59b8810 .functor BUFZ 16, v0x5566d5900840_0, C4<0000000000000000>, C4<0000000000000000>, C4<0000000000000000>;
L_0x5566d59b88d0 .functor BUFZ 16, v0x5566d5901140_0, C4<0000000000000000>, C4<0000000000000000>, C4<0000000000000000>;
L_0x5566d59b8990 .functor BUFZ 16, v0x5566d5901a80_0, C4<0000000000000000>, C4<0000000000000000>, C4<0000000000000000>;
L_0x5566d59b8a50 .functor BUFZ 16, v0x5566d5902380_0, C4<0000000000000000>, C4<0000000000000000>, C4<0000000000000000>;
L_0x5566d59b8b10 .functor BUFZ 16, v0x5566d5902c80_0, C4<0000000000000000>, C4<0000000000000000>, C4<0000000000000000>;
L_0x5566d59b8bd0 .functor BUFZ 16, v0x5566d5903580_0, C4<0000000000000000>, C4<0000000000000000>, C4<0000000000000000>;
L_0x5566d59b8c90 .functor BUFZ 16, v0x5566d5903e80_0, C4<0000000000000000>, C4<0000000000000000>, C4<0000000000000000>;
L_0x5566d59b8d50 .functor BUFZ 16, v0x5566d5904780_0, C4<0000000000000000>, C4<0000000000000000>, C4<0000000000000000>;
L_0x5566d59b8e10 .functor BUFZ 16, v0x5566d5905080_0, C4<0000000000000000>, C4<0000000000000000>, C4<0000000000000000>;
L_0x5566d59b8ed0 .functor BUFZ 16, v0x5566d5905980_0, C4<0000000000000000>, C4<0000000000000000>, C4<0000000000000000>;
L_0x5566d59b8f90 .functor BUFZ 16, v0x5566d5906560_0, C4<0000000000000000>, C4<0000000000000000>, C4<0000000000000000>;
L_0x5566d59b9050 .functor BUFZ 16, v0x5566d5906e60_0, C4<0000000000000000>, C4<0000000000000000>, C4<0000000000000000>;
L_0x5566d59b9110 .functor BUFZ 16, v0x5566d5907770_0, C4<0000000000000000>, C4<0000000000000000>, C4<0000000000000000>;
L_0x5566d59b91d0 .functor BUFZ 16, v0x5566d5908070_0, C4<0000000000000000>, C4<0000000000000000>, C4<0000000000000000>;
L_0x5566d59b9290 .functor BUFZ 16, v0x5566d59089c0_0, C4<0000000000000000>, C4<0000000000000000>, C4<0000000000000000>;
L_0x5566d59b9350 .functor BUFZ 16, v0x5566d5909290_0, C4<0000000000000000>, C4<0000000000000000>, C4<0000000000000000>;
L_0x5566d59b9410 .functor BUFZ 16, v0x5566d5909b90_0, C4<0000000000000000>, C4<0000000000000000>, C4<0000000000000000>;
L_0x5566d59b94d0 .functor BUFZ 16, v0x5566d590a490_0, C4<0000000000000000>, C4<0000000000000000>, C4<0000000000000000>;
L_0x5566d59b9590 .functor BUFZ 16, v0x5566d590add0_0, C4<0000000000000000>, C4<0000000000000000>, C4<0000000000000000>;
L_0x5566d59b9650 .functor BUFZ 16, v0x5566d590b6d0_0, C4<0000000000000000>, C4<0000000000000000>, C4<0000000000000000>;
L_0x5566d59bb490 .functor BUFZ 16, v0x5566d590bfd0_0, C4<0000000000000000>, C4<0000000000000000>, C4<0000000000000000>;
L_0x5566d59b9790 .functor BUFZ 16, v0x5566d590c8d0_0, C4<0000000000000000>, C4<0000000000000000>, C4<0000000000000000>;
L_0x5566d59b9850 .functor BUFZ 16, v0x5566d590d1d0_0, C4<0000000000000000>, C4<0000000000000000>, C4<0000000000000000>;
L_0x5566d59b9910 .functor BUFZ 16, v0x5566d590dad0_0, C4<0000000000000000>, C4<0000000000000000>, C4<0000000000000000>;
L_0x5566d59b99d0 .functor BUFZ 16, v0x5566d590e3d0_0, C4<0000000000000000>, C4<0000000000000000>, C4<0000000000000000>;
L_0x5566d59b9a90 .functor BUFZ 16, v0x5566d590ecd0_0, C4<0000000000000000>, C4<0000000000000000>, C4<0000000000000000>;
L_0x5566d59b9b50 .functor BUFZ 16, v0x5566d590f8b0_0, C4<0000000000000000>, C4<0000000000000000>, C4<0000000000000000>;
L_0x5566d59b9c10 .functor BUFZ 16, v0x5566d59101b0_0, C4<0000000000000000>, C4<0000000000000000>, C4<0000000000000000>;
L_0x5566d59b9cd0 .functor BUFZ 16, v0x5566d5910ac0_0, C4<0000000000000000>, C4<0000000000000000>, C4<0000000000000000>;
L_0x5566d59b9d90 .functor BUFZ 16, v0x5566d59113c0_0, C4<0000000000000000>, C4<0000000000000000>, C4<0000000000000000>;
L_0x5566d59b9e50 .functor BUFZ 16, v0x5566d5911d10_0, C4<0000000000000000>, C4<0000000000000000>, C4<0000000000000000>;
L_0x5566d59b9f10 .functor BUFZ 16, v0x5566d59125e0_0, C4<0000000000000000>, C4<0000000000000000>, C4<0000000000000000>;
L_0x5566d59b9fd0 .functor BUFZ 16, v0x5566d5912ee0_0, C4<0000000000000000>, C4<0000000000000000>, C4<0000000000000000>;
L_0x5566d59ba090 .functor BUFZ 16, v0x5566d59137e0_0, C4<0000000000000000>, C4<0000000000000000>, C4<0000000000000000>;
L_0x5566d59ba150 .functor BUFZ 16, v0x5566d5914120_0, C4<0000000000000000>, C4<0000000000000000>, C4<0000000000000000>;
L_0x5566d59ba210 .functor BUFZ 16, v0x5566d5914a20_0, C4<0000000000000000>, C4<0000000000000000>, C4<0000000000000000>;
L_0x5566d59ba2d0 .functor BUFZ 16, v0x5566d5915320_0, C4<0000000000000000>, C4<0000000000000000>, C4<0000000000000000>;
L_0x5566d59ba390 .functor BUFZ 16, v0x5566d5915c20_0, C4<0000000000000000>, C4<0000000000000000>, C4<0000000000000000>;
L_0x5566d59ba450 .functor BUFZ 16, v0x5566d5916520_0, C4<0000000000000000>, C4<0000000000000000>, C4<0000000000000000>;
L_0x5566d59ba510 .functor BUFZ 16, v0x5566d5916e20_0, C4<0000000000000000>, C4<0000000000000000>, C4<0000000000000000>;
L_0x5566d59ba5d0 .functor BUFZ 16, v0x5566d5917720_0, C4<0000000000000000>, C4<0000000000000000>, C4<0000000000000000>;
L_0x5566d59ba690 .functor BUFZ 16, v0x5566d5918020_0, C4<0000000000000000>, C4<0000000000000000>, C4<0000000000000000>;
L_0x5566d59ba750 .functor BUFZ 16, v0x5566d5918c00_0, C4<0000000000000000>, C4<0000000000000000>, C4<0000000000000000>;
L_0x5566d59ba810 .functor BUFZ 16, v0x5566d5919500_0, C4<0000000000000000>, C4<0000000000000000>, C4<0000000000000000>;
L_0x5566d59ba8d0 .functor BUFZ 16, v0x5566d5919e10_0, C4<0000000000000000>, C4<0000000000000000>, C4<0000000000000000>;
L_0x5566d59ba990 .functor BUFZ 16, v0x5566d591a710_0, C4<0000000000000000>, C4<0000000000000000>, C4<0000000000000000>;
L_0x5566d59baa50 .functor BUFZ 16, v0x5566d591b060_0, C4<0000000000000000>, C4<0000000000000000>, C4<0000000000000000>;
L_0x5566d59bab10 .functor BUFZ 16, v0x5566d591b930_0, C4<0000000000000000>, C4<0000000000000000>, C4<0000000000000000>;
L_0x5566d59babd0 .functor BUFZ 16, v0x5566d591c230_0, C4<0000000000000000>, C4<0000000000000000>, C4<0000000000000000>;
L_0x5566d59bac90 .functor BUFZ 16, v0x5566d591cb30_0, C4<0000000000000000>, C4<0000000000000000>, C4<0000000000000000>;
L_0x5566d59bad50 .functor BUFZ 16, v0x5566d591d3e0_0, C4<0000000000000000>, C4<0000000000000000>, C4<0000000000000000>;
L_0x5566d59bae10 .functor BUFZ 16, v0x5566d591dce0_0, C4<0000000000000000>, C4<0000000000000000>, C4<0000000000000000>;
L_0x5566d59baed0 .functor BUFZ 16, v0x5566d591e5e0_0, C4<0000000000000000>, C4<0000000000000000>, C4<0000000000000000>;
L_0x5566d59baf90 .functor BUFZ 16, v0x5566d591eee0_0, C4<0000000000000000>, C4<0000000000000000>, C4<0000000000000000>;
L_0x5566d59bb050 .functor BUFZ 16, v0x5566d591f7e0_0, C4<0000000000000000>, C4<0000000000000000>, C4<0000000000000000>;
L_0x5566d59bb110 .functor BUFZ 16, v0x5566d59200e0_0, C4<0000000000000000>, C4<0000000000000000>, C4<0000000000000000>;
L_0x5566d59bb1d0 .functor BUFZ 16, v0x5566d59209e0_0, C4<0000000000000000>, C4<0000000000000000>, C4<0000000000000000>;
L_0x5566d59bb290 .functor BUFZ 16, v0x5566d59212e0_0, C4<0000000000000000>, C4<0000000000000000>, C4<0000000000000000>;
L_0x5566d59bb350 .functor BUFZ 16, v0x5566d5921ec0_0, C4<0000000000000000>, C4<0000000000000000>, C4<0000000000000000>;
L_0x5566d59bd340 .functor BUFZ 16, v0x5566d59227c0_0, C4<0000000000000000>, C4<0000000000000000>, C4<0000000000000000>;
L_0x5566d59bd400 .functor BUFZ 16, v0x5566d59230d0_0, C4<0000000000000000>, C4<0000000000000000>, C4<0000000000000000>;
L_0x5566d59bb550 .functor BUFZ 16, v0x5566d59239d0_0, C4<0000000000000000>, C4<0000000000000000>, C4<0000000000000000>;
L_0x5566d59bb610 .functor BUFZ 16, v0x5566d5924320_0, C4<0000000000000000>, C4<0000000000000000>, C4<0000000000000000>;
L_0x5566d59bb6d0 .functor BUFZ 16, v0x5566d5924bf0_0, C4<0000000000000000>, C4<0000000000000000>, C4<0000000000000000>;
L_0x5566d59bb790 .functor BUFZ 16, v0x5566d59254f0_0, C4<0000000000000000>, C4<0000000000000000>, C4<0000000000000000>;
L_0x5566d59bb850 .functor BUFZ 16, v0x5566d5925df0_0, C4<0000000000000000>, C4<0000000000000000>, C4<0000000000000000>;
L_0x5566d59bb910 .functor BUFZ 16, v0x5566d5926730_0, C4<0000000000000000>, C4<0000000000000000>, C4<0000000000000000>;
L_0x5566d59bb9d0 .functor BUFZ 16, v0x5566d5927030_0, C4<0000000000000000>, C4<0000000000000000>, C4<0000000000000000>;
L_0x5566d59bba90 .functor BUFZ 16, v0x5566d5927930_0, C4<0000000000000000>, C4<0000000000000000>, C4<0000000000000000>;
L_0x5566d59bbb50 .functor BUFZ 16, v0x5566d5928230_0, C4<0000000000000000>, C4<0000000000000000>, C4<0000000000000000>;
L_0x5566d59bbc10 .functor BUFZ 16, v0x5566d5928b30_0, C4<0000000000000000>, C4<0000000000000000>, C4<0000000000000000>;
L_0x5566d59bbcd0 .functor BUFZ 16, v0x5566d5929430_0, C4<0000000000000000>, C4<0000000000000000>, C4<0000000000000000>;
L_0x5566d59bbd90 .functor BUFZ 16, v0x5566d5929d30_0, C4<0000000000000000>, C4<0000000000000000>, C4<0000000000000000>;
L_0x5566d59bbe50 .functor BUFZ 16, v0x5566d592a630_0, C4<0000000000000000>, C4<0000000000000000>, C4<0000000000000000>;
L_0x5566d59bbf10 .functor BUFZ 16, v0x5566d592b210_0, C4<0000000000000000>, C4<0000000000000000>, C4<0000000000000000>;
L_0x5566d59bbfd0 .functor BUFZ 16, v0x5566d592bb10_0, C4<0000000000000000>, C4<0000000000000000>, C4<0000000000000000>;
L_0x5566d59bc090 .functor BUFZ 16, v0x5566d592c420_0, C4<0000000000000000>, C4<0000000000000000>, C4<0000000000000000>;
L_0x5566d59bc150 .functor BUFZ 16, v0x5566d592cd20_0, C4<0000000000000000>, C4<0000000000000000>, C4<0000000000000000>;
L_0x5566d59bc210 .functor BUFZ 16, v0x5566d592d670_0, C4<0000000000000000>, C4<0000000000000000>, C4<0000000000000000>;
L_0x5566d59bc2d0 .functor BUFZ 16, v0x5566d592df40_0, C4<0000000000000000>, C4<0000000000000000>, C4<0000000000000000>;
L_0x5566d59bc390 .functor BUFZ 16, v0x5566d592e840_0, C4<0000000000000000>, C4<0000000000000000>, C4<0000000000000000>;
L_0x5566d59bc450 .functor BUFZ 16, v0x5566d592f140_0, C4<0000000000000000>, C4<0000000000000000>, C4<0000000000000000>;
L_0x5566d59bc510 .functor BUFZ 16, v0x5566d592fa80_0, C4<0000000000000000>, C4<0000000000000000>, C4<0000000000000000>;
L_0x5566d59bc5d0 .functor BUFZ 16, v0x5566d5930380_0, C4<0000000000000000>, C4<0000000000000000>, C4<0000000000000000>;
L_0x5566d59bc690 .functor BUFZ 16, v0x5566d5930c80_0, C4<0000000000000000>, C4<0000000000000000>, C4<0000000000000000>;
L_0x5566d59bc750 .functor BUFZ 16, v0x5566d5931580_0, C4<0000000000000000>, C4<0000000000000000>, C4<0000000000000000>;
L_0x5566d59bc810 .functor BUFZ 16, v0x5566d5931e80_0, C4<0000000000000000>, C4<0000000000000000>, C4<0000000000000000>;
L_0x5566d59bc8d0 .functor BUFZ 16, v0x5566d5932780_0, C4<0000000000000000>, C4<0000000000000000>, C4<0000000000000000>;
L_0x5566d59bc990 .functor BUFZ 16, v0x5566d5933080_0, C4<0000000000000000>, C4<0000000000000000>, C4<0000000000000000>;
L_0x5566d59bca50 .functor BUFZ 16, v0x5566d5933980_0, C4<0000000000000000>, C4<0000000000000000>, C4<0000000000000000>;
L_0x5566d59bcb10 .functor BUFZ 16, v0x5566d5934560_0, C4<0000000000000000>, C4<0000000000000000>, C4<0000000000000000>;
L_0x5566d59bcbd0 .functor BUFZ 16, v0x5566d5934e60_0, C4<0000000000000000>, C4<0000000000000000>, C4<0000000000000000>;
L_0x5566d59bcc90 .functor BUFZ 16, v0x5566d5935770_0, C4<0000000000000000>, C4<0000000000000000>, C4<0000000000000000>;
L_0x5566d59bcd50 .functor BUFZ 16, v0x5566d5936070_0, C4<0000000000000000>, C4<0000000000000000>, C4<0000000000000000>;
L_0x5566d59bce10 .functor BUFZ 16, v0x5566d59369c0_0, C4<0000000000000000>, C4<0000000000000000>, C4<0000000000000000>;
L_0x5566d59bced0 .functor BUFZ 16, v0x5566d5937290_0, C4<0000000000000000>, C4<0000000000000000>, C4<0000000000000000>;
L_0x5566d59bcf90 .functor BUFZ 16, v0x5566d5937b90_0, C4<0000000000000000>, C4<0000000000000000>, C4<0000000000000000>;
L_0x5566d59bd050 .functor BUFZ 16, v0x5566d5938490_0, C4<0000000000000000>, C4<0000000000000000>, C4<0000000000000000>;
L_0x5566d59bd110 .functor BUFZ 16, v0x5566d5938dd0_0, C4<0000000000000000>, C4<0000000000000000>, C4<0000000000000000>;
L_0x5566d59bd1d0 .functor BUFZ 16, v0x5566d59396d0_0, C4<0000000000000000>, C4<0000000000000000>, C4<0000000000000000>;
L_0x5566d59bd290 .functor BUFZ 16, v0x5566d5939fd0_0, C4<0000000000000000>, C4<0000000000000000>, C4<0000000000000000>;
L_0x5566d59bd4c0 .functor BUFZ 16, v0x5566d593a8d0_0, C4<0000000000000000>, C4<0000000000000000>, C4<0000000000000000>;
L_0x5566d59bd580 .functor BUFZ 16, v0x5566d593b1d0_0, C4<0000000000000000>, C4<0000000000000000>, C4<0000000000000000>;
L_0x5566d59bd640 .functor BUFZ 16, v0x5566d593bad0_0, C4<0000000000000000>, C4<0000000000000000>, C4<0000000000000000>;
L_0x5566d59bd700 .functor BUFZ 16, v0x5566d593c3d0_0, C4<0000000000000000>, C4<0000000000000000>, C4<0000000000000000>;
L_0x5566d59bd7c0 .functor BUFZ 16, v0x5566d593ccd0_0, C4<0000000000000000>, C4<0000000000000000>, C4<0000000000000000>;
L_0x5566d59bd880 .functor BUFZ 16, v0x5566d593d8b0_0, C4<0000000000000000>, C4<0000000000000000>, C4<0000000000000000>;
L_0x5566d59bd940 .functor BUFZ 16, v0x5566d593e1b0_0, C4<0000000000000000>, C4<0000000000000000>, C4<0000000000000000>;
L_0x5566d59bda00 .functor BUFZ 16, v0x5566d593eac0_0, C4<0000000000000000>, C4<0000000000000000>, C4<0000000000000000>;
L_0x5566d59bdac0 .functor BUFZ 16, v0x5566d593f3c0_0, C4<0000000000000000>, C4<0000000000000000>, C4<0000000000000000>;
L_0x5566d59bdb80 .functor BUFZ 16, v0x5566d593fd10_0, C4<0000000000000000>, C4<0000000000000000>, C4<0000000000000000>;
L_0x5566d59bdc40 .functor BUFZ 16, v0x5566d59405e0_0, C4<0000000000000000>, C4<0000000000000000>, C4<0000000000000000>;
L_0x5566d59bdd00 .functor BUFZ 16, v0x5566d5940ee0_0, C4<0000000000000000>, C4<0000000000000000>, C4<0000000000000000>;
L_0x5566d59bddc0 .functor BUFZ 16, v0x5566d59417e0_0, C4<0000000000000000>, C4<0000000000000000>, C4<0000000000000000>;
L_0x5566d59bde80 .functor BUFZ 16, v0x5566d5942120_0, C4<0000000000000000>, C4<0000000000000000>, C4<0000000000000000>;
L_0x5566d59bdf40 .functor BUFZ 16, v0x5566d5942a20_0, C4<0000000000000000>, C4<0000000000000000>, C4<0000000000000000>;
L_0x5566d59be000 .functor BUFZ 16, v0x5566d5943320_0, C4<0000000000000000>, C4<0000000000000000>, C4<0000000000000000>;
L_0x5566d59be0c0 .functor BUFZ 16, v0x5566d5943c20_0, C4<0000000000000000>, C4<0000000000000000>, C4<0000000000000000>;
L_0x5566d59be180 .functor BUFZ 16, v0x5566d5944520_0, C4<0000000000000000>, C4<0000000000000000>, C4<0000000000000000>;
L_0x5566d59be240 .functor BUFZ 16, v0x5566d5944e20_0, C4<0000000000000000>, C4<0000000000000000>, C4<0000000000000000>;
L_0x5566d59be300 .functor BUFZ 16, v0x5566d5945720_0, C4<0000000000000000>, C4<0000000000000000>, C4<0000000000000000>;
L_0x5566d59be3c0 .functor BUFZ 16, v0x5566d5946020_0, C4<0000000000000000>, C4<0000000000000000>, C4<0000000000000000>;
v0x5566d5947840_0 .array/port v0x5566d5947840, 0;
L_0x5566d59c8f70 .functor BUFZ 16, v0x5566d5947840_0, C4<0000000000000000>, C4<0000000000000000>, C4<0000000000000000>;
v0x5566d5947840_1 .array/port v0x5566d5947840, 1;
L_0x5566d59c9060 .functor BUFZ 16, v0x5566d5947840_1, C4<0000000000000000>, C4<0000000000000000>, C4<0000000000000000>;
v0x5566d5947840_2 .array/port v0x5566d5947840, 2;
L_0x5566d59c9120 .functor BUFZ 16, v0x5566d5947840_2, C4<0000000000000000>, C4<0000000000000000>, C4<0000000000000000>;
v0x5566d5947840_3 .array/port v0x5566d5947840, 3;
L_0x5566d59c91e0 .functor BUFZ 16, v0x5566d5947840_3, C4<0000000000000000>, C4<0000000000000000>, C4<0000000000000000>;
v0x5566d5947840_4 .array/port v0x5566d5947840, 4;
L_0x5566d59c92a0 .functor BUFZ 16, v0x5566d5947840_4, C4<0000000000000000>, C4<0000000000000000>, C4<0000000000000000>;
v0x5566d5947840_5 .array/port v0x5566d5947840, 5;
L_0x5566d59c9360 .functor BUFZ 16, v0x5566d5947840_5, C4<0000000000000000>, C4<0000000000000000>, C4<0000000000000000>;
v0x5566d5947840_6 .array/port v0x5566d5947840, 6;
L_0x5566d59c9420 .functor BUFZ 16, v0x5566d5947840_6, C4<0000000000000000>, C4<0000000000000000>, C4<0000000000000000>;
v0x5566d5947840_7 .array/port v0x5566d5947840, 7;
L_0x5566d59c94e0 .functor BUFZ 16, v0x5566d5947840_7, C4<0000000000000000>, C4<0000000000000000>, C4<0000000000000000>;
v0x5566d5947840_8 .array/port v0x5566d5947840, 8;
L_0x5566d59c95a0 .functor BUFZ 16, v0x5566d5947840_8, C4<0000000000000000>, C4<0000000000000000>, C4<0000000000000000>;
v0x5566d5947840_9 .array/port v0x5566d5947840, 9;
L_0x5566d59c9660 .functor BUFZ 16, v0x5566d5947840_9, C4<0000000000000000>, C4<0000000000000000>, C4<0000000000000000>;
v0x5566d5947840_10 .array/port v0x5566d5947840, 10;
L_0x5566d59c9720 .functor BUFZ 16, v0x5566d5947840_10, C4<0000000000000000>, C4<0000000000000000>, C4<0000000000000000>;
v0x5566d5947840_11 .array/port v0x5566d5947840, 11;
L_0x5566d59c97e0 .functor BUFZ 16, v0x5566d5947840_11, C4<0000000000000000>, C4<0000000000000000>, C4<0000000000000000>;
v0x5566d5947840_12 .array/port v0x5566d5947840, 12;
L_0x5566d59c98a0 .functor BUFZ 16, v0x5566d5947840_12, C4<0000000000000000>, C4<0000000000000000>, C4<0000000000000000>;
v0x5566d5947840_13 .array/port v0x5566d5947840, 13;
L_0x5566d59c9960 .functor BUFZ 16, v0x5566d5947840_13, C4<0000000000000000>, C4<0000000000000000>, C4<0000000000000000>;
v0x5566d5947840_14 .array/port v0x5566d5947840, 14;
L_0x5566d59c9a20 .functor BUFZ 16, v0x5566d5947840_14, C4<0000000000000000>, C4<0000000000000000>, C4<0000000000000000>;
v0x5566d5947840_15 .array/port v0x5566d5947840, 15;
L_0x5566d59c9ae0 .functor BUFZ 16, v0x5566d5947840_15, C4<0000000000000000>, C4<0000000000000000>, C4<0000000000000000>;
v0x5566d5947840_16 .array/port v0x5566d5947840, 16;
L_0x5566d59c9ba0 .functor BUFZ 16, v0x5566d5947840_16, C4<0000000000000000>, C4<0000000000000000>, C4<0000000000000000>;
v0x5566d5947840_17 .array/port v0x5566d5947840, 17;
L_0x5566d59c9c60 .functor BUFZ 16, v0x5566d5947840_17, C4<0000000000000000>, C4<0000000000000000>, C4<0000000000000000>;
v0x5566d5947840_18 .array/port v0x5566d5947840, 18;
L_0x5566d59c9d20 .functor BUFZ 16, v0x5566d5947840_18, C4<0000000000000000>, C4<0000000000000000>, C4<0000000000000000>;
v0x5566d5947840_19 .array/port v0x5566d5947840, 19;
L_0x5566d59c9de0 .functor BUFZ 16, v0x5566d5947840_19, C4<0000000000000000>, C4<0000000000000000>, C4<0000000000000000>;
v0x5566d5947840_20 .array/port v0x5566d5947840, 20;
L_0x5566d59c9ea0 .functor BUFZ 16, v0x5566d5947840_20, C4<0000000000000000>, C4<0000000000000000>, C4<0000000000000000>;
v0x5566d5947840_21 .array/port v0x5566d5947840, 21;
L_0x5566d59c9f60 .functor BUFZ 16, v0x5566d5947840_21, C4<0000000000000000>, C4<0000000000000000>, C4<0000000000000000>;
v0x5566d5947840_22 .array/port v0x5566d5947840, 22;
L_0x5566d59ca020 .functor BUFZ 16, v0x5566d5947840_22, C4<0000000000000000>, C4<0000000000000000>, C4<0000000000000000>;
v0x5566d5947840_23 .array/port v0x5566d5947840, 23;
L_0x5566d59ca0e0 .functor BUFZ 16, v0x5566d5947840_23, C4<0000000000000000>, C4<0000000000000000>, C4<0000000000000000>;
v0x5566d5947840_24 .array/port v0x5566d5947840, 24;
L_0x5566d59ca1a0 .functor BUFZ 16, v0x5566d5947840_24, C4<0000000000000000>, C4<0000000000000000>, C4<0000000000000000>;
v0x5566d5947840_25 .array/port v0x5566d5947840, 25;
L_0x5566d59ca260 .functor BUFZ 16, v0x5566d5947840_25, C4<0000000000000000>, C4<0000000000000000>, C4<0000000000000000>;
v0x5566d5947840_26 .array/port v0x5566d5947840, 26;
L_0x5566d59ca320 .functor BUFZ 16, v0x5566d5947840_26, C4<0000000000000000>, C4<0000000000000000>, C4<0000000000000000>;
v0x5566d5947840_27 .array/port v0x5566d5947840, 27;
L_0x5566d59ca3e0 .functor BUFZ 16, v0x5566d5947840_27, C4<0000000000000000>, C4<0000000000000000>, C4<0000000000000000>;
v0x5566d5947840_28 .array/port v0x5566d5947840, 28;
L_0x5566d59ca4a0 .functor BUFZ 16, v0x5566d5947840_28, C4<0000000000000000>, C4<0000000000000000>, C4<0000000000000000>;
v0x5566d5947840_29 .array/port v0x5566d5947840, 29;
L_0x5566d59ca560 .functor BUFZ 16, v0x5566d5947840_29, C4<0000000000000000>, C4<0000000000000000>, C4<0000000000000000>;
v0x5566d5947840_30 .array/port v0x5566d5947840, 30;
L_0x5566d59ca620 .functor BUFZ 16, v0x5566d5947840_30, C4<0000000000000000>, C4<0000000000000000>, C4<0000000000000000>;
v0x5566d5947840_31 .array/port v0x5566d5947840, 31;
L_0x5566d59ca6e0 .functor BUFZ 16, v0x5566d5947840_31, C4<0000000000000000>, C4<0000000000000000>, C4<0000000000000000>;
v0x5566d5947840_32 .array/port v0x5566d5947840, 32;
L_0x5566d59ca7a0 .functor BUFZ 16, v0x5566d5947840_32, C4<0000000000000000>, C4<0000000000000000>, C4<0000000000000000>;
v0x5566d5947840_33 .array/port v0x5566d5947840, 33;
L_0x5566d59ca860 .functor BUFZ 16, v0x5566d5947840_33, C4<0000000000000000>, C4<0000000000000000>, C4<0000000000000000>;
v0x5566d5947840_34 .array/port v0x5566d5947840, 34;
L_0x5566d59ca920 .functor BUFZ 16, v0x5566d5947840_34, C4<0000000000000000>, C4<0000000000000000>, C4<0000000000000000>;
v0x5566d5947840_35 .array/port v0x5566d5947840, 35;
L_0x5566d59ca9e0 .functor BUFZ 16, v0x5566d5947840_35, C4<0000000000000000>, C4<0000000000000000>, C4<0000000000000000>;
v0x5566d5947840_36 .array/port v0x5566d5947840, 36;
L_0x5566d59caaa0 .functor BUFZ 16, v0x5566d5947840_36, C4<0000000000000000>, C4<0000000000000000>, C4<0000000000000000>;
v0x5566d5947840_37 .array/port v0x5566d5947840, 37;
L_0x5566d59cab60 .functor BUFZ 16, v0x5566d5947840_37, C4<0000000000000000>, C4<0000000000000000>, C4<0000000000000000>;
v0x5566d5947840_38 .array/port v0x5566d5947840, 38;
L_0x5566d5949f50 .functor BUFZ 16, v0x5566d5947840_38, C4<0000000000000000>, C4<0000000000000000>, C4<0000000000000000>;
v0x5566d5947840_39 .array/port v0x5566d5947840, 39;
L_0x5566d594a010 .functor BUFZ 16, v0x5566d5947840_39, C4<0000000000000000>, C4<0000000000000000>, C4<0000000000000000>;
v0x5566d5947840_40 .array/port v0x5566d5947840, 40;
L_0x5566d59cd670 .functor BUFZ 16, v0x5566d5947840_40, C4<0000000000000000>, C4<0000000000000000>, C4<0000000000000000>;
v0x5566d5947840_41 .array/port v0x5566d5947840, 41;
L_0x5566d59cad50 .functor BUFZ 16, v0x5566d5947840_41, C4<0000000000000000>, C4<0000000000000000>, C4<0000000000000000>;
v0x5566d5947840_42 .array/port v0x5566d5947840, 42;
L_0x5566d59cae10 .functor BUFZ 16, v0x5566d5947840_42, C4<0000000000000000>, C4<0000000000000000>, C4<0000000000000000>;
v0x5566d5947840_43 .array/port v0x5566d5947840, 43;
L_0x5566d59caed0 .functor BUFZ 16, v0x5566d5947840_43, C4<0000000000000000>, C4<0000000000000000>, C4<0000000000000000>;
v0x5566d5947840_44 .array/port v0x5566d5947840, 44;
L_0x5566d59caf90 .functor BUFZ 16, v0x5566d5947840_44, C4<0000000000000000>, C4<0000000000000000>, C4<0000000000000000>;
v0x5566d5947840_45 .array/port v0x5566d5947840, 45;
L_0x5566d59cb050 .functor BUFZ 16, v0x5566d5947840_45, C4<0000000000000000>, C4<0000000000000000>, C4<0000000000000000>;
v0x5566d5947840_46 .array/port v0x5566d5947840, 46;
L_0x5566d59cb110 .functor BUFZ 16, v0x5566d5947840_46, C4<0000000000000000>, C4<0000000000000000>, C4<0000000000000000>;
v0x5566d5947840_47 .array/port v0x5566d5947840, 47;
L_0x5566d59cb1d0 .functor BUFZ 16, v0x5566d5947840_47, C4<0000000000000000>, C4<0000000000000000>, C4<0000000000000000>;
v0x5566d5947840_48 .array/port v0x5566d5947840, 48;
L_0x5566d59cb290 .functor BUFZ 16, v0x5566d5947840_48, C4<0000000000000000>, C4<0000000000000000>, C4<0000000000000000>;
v0x5566d5947840_49 .array/port v0x5566d5947840, 49;
L_0x5566d59cb350 .functor BUFZ 16, v0x5566d5947840_49, C4<0000000000000000>, C4<0000000000000000>, C4<0000000000000000>;
v0x5566d5947840_50 .array/port v0x5566d5947840, 50;
L_0x5566d59cb410 .functor BUFZ 16, v0x5566d5947840_50, C4<0000000000000000>, C4<0000000000000000>, C4<0000000000000000>;
v0x5566d5947840_51 .array/port v0x5566d5947840, 51;
L_0x5566d59cb4d0 .functor BUFZ 16, v0x5566d5947840_51, C4<0000000000000000>, C4<0000000000000000>, C4<0000000000000000>;
v0x5566d5947840_52 .array/port v0x5566d5947840, 52;
L_0x5566d59cb590 .functor BUFZ 16, v0x5566d5947840_52, C4<0000000000000000>, C4<0000000000000000>, C4<0000000000000000>;
v0x5566d5947840_53 .array/port v0x5566d5947840, 53;
L_0x5566d59cb650 .functor BUFZ 16, v0x5566d5947840_53, C4<0000000000000000>, C4<0000000000000000>, C4<0000000000000000>;
v0x5566d5947840_54 .array/port v0x5566d5947840, 54;
L_0x5566d59cb710 .functor BUFZ 16, v0x5566d5947840_54, C4<0000000000000000>, C4<0000000000000000>, C4<0000000000000000>;
v0x5566d5947840_55 .array/port v0x5566d5947840, 55;
L_0x5566d59cb7d0 .functor BUFZ 16, v0x5566d5947840_55, C4<0000000000000000>, C4<0000000000000000>, C4<0000000000000000>;
v0x5566d5947840_56 .array/port v0x5566d5947840, 56;
L_0x5566d59cb890 .functor BUFZ 16, v0x5566d5947840_56, C4<0000000000000000>, C4<0000000000000000>, C4<0000000000000000>;
v0x5566d5947840_57 .array/port v0x5566d5947840, 57;
L_0x5566d59cb950 .functor BUFZ 16, v0x5566d5947840_57, C4<0000000000000000>, C4<0000000000000000>, C4<0000000000000000>;
v0x5566d5947840_58 .array/port v0x5566d5947840, 58;
L_0x5566d59cba10 .functor BUFZ 16, v0x5566d5947840_58, C4<0000000000000000>, C4<0000000000000000>, C4<0000000000000000>;
v0x5566d5947840_59 .array/port v0x5566d5947840, 59;
L_0x5566d59cbad0 .functor BUFZ 16, v0x5566d5947840_59, C4<0000000000000000>, C4<0000000000000000>, C4<0000000000000000>;
v0x5566d5947840_60 .array/port v0x5566d5947840, 60;
L_0x5566d59cbb90 .functor BUFZ 16, v0x5566d5947840_60, C4<0000000000000000>, C4<0000000000000000>, C4<0000000000000000>;
v0x5566d5947840_61 .array/port v0x5566d5947840, 61;
L_0x5566d59cbc50 .functor BUFZ 16, v0x5566d5947840_61, C4<0000000000000000>, C4<0000000000000000>, C4<0000000000000000>;
v0x5566d5947840_62 .array/port v0x5566d5947840, 62;
L_0x5566d59cbd10 .functor BUFZ 16, v0x5566d5947840_62, C4<0000000000000000>, C4<0000000000000000>, C4<0000000000000000>;
v0x5566d5947840_63 .array/port v0x5566d5947840, 63;
L_0x5566d59cbdd0 .functor BUFZ 16, v0x5566d5947840_63, C4<0000000000000000>, C4<0000000000000000>, C4<0000000000000000>;
v0x5566d5947840_64 .array/port v0x5566d5947840, 64;
L_0x5566d59cbe90 .functor BUFZ 16, v0x5566d5947840_64, C4<0000000000000000>, C4<0000000000000000>, C4<0000000000000000>;
v0x5566d5947840_65 .array/port v0x5566d5947840, 65;
L_0x5566d59cbf50 .functor BUFZ 16, v0x5566d5947840_65, C4<0000000000000000>, C4<0000000000000000>, C4<0000000000000000>;
v0x5566d5947840_66 .array/port v0x5566d5947840, 66;
L_0x5566d59cc010 .functor BUFZ 16, v0x5566d5947840_66, C4<0000000000000000>, C4<0000000000000000>, C4<0000000000000000>;
v0x5566d5947840_67 .array/port v0x5566d5947840, 67;
L_0x5566d59cc0d0 .functor BUFZ 16, v0x5566d5947840_67, C4<0000000000000000>, C4<0000000000000000>, C4<0000000000000000>;
v0x5566d5947840_68 .array/port v0x5566d5947840, 68;
L_0x5566d59cc190 .functor BUFZ 16, v0x5566d5947840_68, C4<0000000000000000>, C4<0000000000000000>, C4<0000000000000000>;
v0x5566d5947840_69 .array/port v0x5566d5947840, 69;
L_0x5566d59cc250 .functor BUFZ 16, v0x5566d5947840_69, C4<0000000000000000>, C4<0000000000000000>, C4<0000000000000000>;
v0x5566d5947840_70 .array/port v0x5566d5947840, 70;
L_0x5566d59cc310 .functor BUFZ 16, v0x5566d5947840_70, C4<0000000000000000>, C4<0000000000000000>, C4<0000000000000000>;
v0x5566d5947840_71 .array/port v0x5566d5947840, 71;
L_0x5566d59cc3d0 .functor BUFZ 16, v0x5566d5947840_71, C4<0000000000000000>, C4<0000000000000000>, C4<0000000000000000>;
v0x5566d5947840_72 .array/port v0x5566d5947840, 72;
L_0x5566d59cc490 .functor BUFZ 16, v0x5566d5947840_72, C4<0000000000000000>, C4<0000000000000000>, C4<0000000000000000>;
v0x5566d5947840_73 .array/port v0x5566d5947840, 73;
L_0x5566d59cc550 .functor BUFZ 16, v0x5566d5947840_73, C4<0000000000000000>, C4<0000000000000000>, C4<0000000000000000>;
v0x5566d5947840_74 .array/port v0x5566d5947840, 74;
L_0x5566d59cc610 .functor BUFZ 16, v0x5566d5947840_74, C4<0000000000000000>, C4<0000000000000000>, C4<0000000000000000>;
v0x5566d5947840_75 .array/port v0x5566d5947840, 75;
L_0x5566d59cc6d0 .functor BUFZ 16, v0x5566d5947840_75, C4<0000000000000000>, C4<0000000000000000>, C4<0000000000000000>;
v0x5566d5947840_76 .array/port v0x5566d5947840, 76;
L_0x5566d59cc790 .functor BUFZ 16, v0x5566d5947840_76, C4<0000000000000000>, C4<0000000000000000>, C4<0000000000000000>;
v0x5566d5947840_77 .array/port v0x5566d5947840, 77;
L_0x5566d59cc850 .functor BUFZ 16, v0x5566d5947840_77, C4<0000000000000000>, C4<0000000000000000>, C4<0000000000000000>;
v0x5566d5947840_78 .array/port v0x5566d5947840, 78;
L_0x5566d59cc910 .functor BUFZ 16, v0x5566d5947840_78, C4<0000000000000000>, C4<0000000000000000>, C4<0000000000000000>;
v0x5566d5947840_79 .array/port v0x5566d5947840, 79;
L_0x5566d59cc9d0 .functor BUFZ 16, v0x5566d5947840_79, C4<0000000000000000>, C4<0000000000000000>, C4<0000000000000000>;
v0x5566d5947840_80 .array/port v0x5566d5947840, 80;
L_0x5566d59cca90 .functor BUFZ 16, v0x5566d5947840_80, C4<0000000000000000>, C4<0000000000000000>, C4<0000000000000000>;
v0x5566d5947840_81 .array/port v0x5566d5947840, 81;
L_0x5566d59ccb50 .functor BUFZ 16, v0x5566d5947840_81, C4<0000000000000000>, C4<0000000000000000>, C4<0000000000000000>;
v0x5566d5947840_82 .array/port v0x5566d5947840, 82;
L_0x5566d59ccc10 .functor BUFZ 16, v0x5566d5947840_82, C4<0000000000000000>, C4<0000000000000000>, C4<0000000000000000>;
v0x5566d5947840_83 .array/port v0x5566d5947840, 83;
L_0x5566d59cccd0 .functor BUFZ 16, v0x5566d5947840_83, C4<0000000000000000>, C4<0000000000000000>, C4<0000000000000000>;
v0x5566d5947840_84 .array/port v0x5566d5947840, 84;
L_0x5566d59ccd90 .functor BUFZ 16, v0x5566d5947840_84, C4<0000000000000000>, C4<0000000000000000>, C4<0000000000000000>;
v0x5566d5947840_85 .array/port v0x5566d5947840, 85;
L_0x5566d59cce50 .functor BUFZ 16, v0x5566d5947840_85, C4<0000000000000000>, C4<0000000000000000>, C4<0000000000000000>;
v0x5566d5947840_86 .array/port v0x5566d5947840, 86;
L_0x5566d59ccf10 .functor BUFZ 16, v0x5566d5947840_86, C4<0000000000000000>, C4<0000000000000000>, C4<0000000000000000>;
v0x5566d5947840_87 .array/port v0x5566d5947840, 87;
L_0x5566d59ccfd0 .functor BUFZ 16, v0x5566d5947840_87, C4<0000000000000000>, C4<0000000000000000>, C4<0000000000000000>;
v0x5566d5947840_88 .array/port v0x5566d5947840, 88;
L_0x5566d59cd090 .functor BUFZ 16, v0x5566d5947840_88, C4<0000000000000000>, C4<0000000000000000>, C4<0000000000000000>;
v0x5566d5947840_89 .array/port v0x5566d5947840, 89;
L_0x5566d59cd150 .functor BUFZ 16, v0x5566d5947840_89, C4<0000000000000000>, C4<0000000000000000>, C4<0000000000000000>;
v0x5566d5947840_90 .array/port v0x5566d5947840, 90;
L_0x5566d59cd210 .functor BUFZ 16, v0x5566d5947840_90, C4<0000000000000000>, C4<0000000000000000>, C4<0000000000000000>;
v0x5566d5947840_91 .array/port v0x5566d5947840, 91;
L_0x5566d59cd2d0 .functor BUFZ 16, v0x5566d5947840_91, C4<0000000000000000>, C4<0000000000000000>, C4<0000000000000000>;
v0x5566d5947840_92 .array/port v0x5566d5947840, 92;
L_0x5566d59cd390 .functor BUFZ 16, v0x5566d5947840_92, C4<0000000000000000>, C4<0000000000000000>, C4<0000000000000000>;
v0x5566d5947840_93 .array/port v0x5566d5947840, 93;
L_0x5566d59cd450 .functor BUFZ 16, v0x5566d5947840_93, C4<0000000000000000>, C4<0000000000000000>, C4<0000000000000000>;
v0x5566d5947840_94 .array/port v0x5566d5947840, 94;
L_0x5566d59cd510 .functor BUFZ 16, v0x5566d5947840_94, C4<0000000000000000>, C4<0000000000000000>, C4<0000000000000000>;
v0x5566d5947840_95 .array/port v0x5566d5947840, 95;
L_0x5566d59cd5d0 .functor BUFZ 16, v0x5566d5947840_95, C4<0000000000000000>, C4<0000000000000000>, C4<0000000000000000>;
v0x5566d5947840_96 .array/port v0x5566d5947840, 96;
L_0x5566d59d0210 .functor BUFZ 16, v0x5566d5947840_96, C4<0000000000000000>, C4<0000000000000000>, C4<0000000000000000>;
v0x5566d5947840_97 .array/port v0x5566d5947840, 97;
L_0x5566d59cd6e0 .functor BUFZ 16, v0x5566d5947840_97, C4<0000000000000000>, C4<0000000000000000>, C4<0000000000000000>;
v0x5566d5947840_98 .array/port v0x5566d5947840, 98;
L_0x5566d59cd7a0 .functor BUFZ 16, v0x5566d5947840_98, C4<0000000000000000>, C4<0000000000000000>, C4<0000000000000000>;
v0x5566d5947840_99 .array/port v0x5566d5947840, 99;
L_0x5566d59cd860 .functor BUFZ 16, v0x5566d5947840_99, C4<0000000000000000>, C4<0000000000000000>, C4<0000000000000000>;
v0x5566d5947840_100 .array/port v0x5566d5947840, 100;
L_0x5566d59cd920 .functor BUFZ 16, v0x5566d5947840_100, C4<0000000000000000>, C4<0000000000000000>, C4<0000000000000000>;
v0x5566d5947840_101 .array/port v0x5566d5947840, 101;
L_0x5566d59cd9e0 .functor BUFZ 16, v0x5566d5947840_101, C4<0000000000000000>, C4<0000000000000000>, C4<0000000000000000>;
v0x5566d5947840_102 .array/port v0x5566d5947840, 102;
L_0x5566d59cdaa0 .functor BUFZ 16, v0x5566d5947840_102, C4<0000000000000000>, C4<0000000000000000>, C4<0000000000000000>;
v0x5566d5947840_103 .array/port v0x5566d5947840, 103;
L_0x5566d59cdb60 .functor BUFZ 16, v0x5566d5947840_103, C4<0000000000000000>, C4<0000000000000000>, C4<0000000000000000>;
v0x5566d5947840_104 .array/port v0x5566d5947840, 104;
L_0x5566d59cdc20 .functor BUFZ 16, v0x5566d5947840_104, C4<0000000000000000>, C4<0000000000000000>, C4<0000000000000000>;
v0x5566d5947840_105 .array/port v0x5566d5947840, 105;
L_0x5566d59cdce0 .functor BUFZ 16, v0x5566d5947840_105, C4<0000000000000000>, C4<0000000000000000>, C4<0000000000000000>;
v0x5566d5947840_106 .array/port v0x5566d5947840, 106;
L_0x5566d59cdda0 .functor BUFZ 16, v0x5566d5947840_106, C4<0000000000000000>, C4<0000000000000000>, C4<0000000000000000>;
v0x5566d5947840_107 .array/port v0x5566d5947840, 107;
L_0x5566d59cde60 .functor BUFZ 16, v0x5566d5947840_107, C4<0000000000000000>, C4<0000000000000000>, C4<0000000000000000>;
v0x5566d5947840_108 .array/port v0x5566d5947840, 108;
L_0x5566d59cdf20 .functor BUFZ 16, v0x5566d5947840_108, C4<0000000000000000>, C4<0000000000000000>, C4<0000000000000000>;
v0x5566d5947840_109 .array/port v0x5566d5947840, 109;
L_0x5566d59cdfe0 .functor BUFZ 16, v0x5566d5947840_109, C4<0000000000000000>, C4<0000000000000000>, C4<0000000000000000>;
v0x5566d5947840_110 .array/port v0x5566d5947840, 110;
L_0x5566d59ce0a0 .functor BUFZ 16, v0x5566d5947840_110, C4<0000000000000000>, C4<0000000000000000>, C4<0000000000000000>;
v0x5566d5947840_111 .array/port v0x5566d5947840, 111;
L_0x5566d59ce160 .functor BUFZ 16, v0x5566d5947840_111, C4<0000000000000000>, C4<0000000000000000>, C4<0000000000000000>;
v0x5566d5947840_112 .array/port v0x5566d5947840, 112;
L_0x5566d59ce220 .functor BUFZ 16, v0x5566d5947840_112, C4<0000000000000000>, C4<0000000000000000>, C4<0000000000000000>;
v0x5566d5947840_113 .array/port v0x5566d5947840, 113;
L_0x5566d59ce2e0 .functor BUFZ 16, v0x5566d5947840_113, C4<0000000000000000>, C4<0000000000000000>, C4<0000000000000000>;
v0x5566d5947840_114 .array/port v0x5566d5947840, 114;
L_0x5566d59ce3a0 .functor BUFZ 16, v0x5566d5947840_114, C4<0000000000000000>, C4<0000000000000000>, C4<0000000000000000>;
v0x5566d5947840_115 .array/port v0x5566d5947840, 115;
L_0x5566d59ce460 .functor BUFZ 16, v0x5566d5947840_115, C4<0000000000000000>, C4<0000000000000000>, C4<0000000000000000>;
v0x5566d5947840_116 .array/port v0x5566d5947840, 116;
L_0x5566d59ce520 .functor BUFZ 16, v0x5566d5947840_116, C4<0000000000000000>, C4<0000000000000000>, C4<0000000000000000>;
v0x5566d5947840_117 .array/port v0x5566d5947840, 117;
L_0x5566d59ce5e0 .functor BUFZ 16, v0x5566d5947840_117, C4<0000000000000000>, C4<0000000000000000>, C4<0000000000000000>;
v0x5566d5947840_118 .array/port v0x5566d5947840, 118;
L_0x5566d59ce6a0 .functor BUFZ 16, v0x5566d5947840_118, C4<0000000000000000>, C4<0000000000000000>, C4<0000000000000000>;
v0x5566d5947840_119 .array/port v0x5566d5947840, 119;
L_0x5566d59ce760 .functor BUFZ 16, v0x5566d5947840_119, C4<0000000000000000>, C4<0000000000000000>, C4<0000000000000000>;
v0x5566d5947840_120 .array/port v0x5566d5947840, 120;
L_0x5566d59ce820 .functor BUFZ 16, v0x5566d5947840_120, C4<0000000000000000>, C4<0000000000000000>, C4<0000000000000000>;
v0x5566d5947840_121 .array/port v0x5566d5947840, 121;
L_0x5566d59ce8e0 .functor BUFZ 16, v0x5566d5947840_121, C4<0000000000000000>, C4<0000000000000000>, C4<0000000000000000>;
v0x5566d5947840_122 .array/port v0x5566d5947840, 122;
L_0x5566d59ce9a0 .functor BUFZ 16, v0x5566d5947840_122, C4<0000000000000000>, C4<0000000000000000>, C4<0000000000000000>;
v0x5566d5947840_123 .array/port v0x5566d5947840, 123;
L_0x5566d59cea60 .functor BUFZ 16, v0x5566d5947840_123, C4<0000000000000000>, C4<0000000000000000>, C4<0000000000000000>;
v0x5566d5947840_124 .array/port v0x5566d5947840, 124;
L_0x5566d59ceb20 .functor BUFZ 16, v0x5566d5947840_124, C4<0000000000000000>, C4<0000000000000000>, C4<0000000000000000>;
v0x5566d5947840_125 .array/port v0x5566d5947840, 125;
L_0x5566d59cebe0 .functor BUFZ 16, v0x5566d5947840_125, C4<0000000000000000>, C4<0000000000000000>, C4<0000000000000000>;
v0x5566d5947840_126 .array/port v0x5566d5947840, 126;
L_0x5566d59ceca0 .functor BUFZ 16, v0x5566d5947840_126, C4<0000000000000000>, C4<0000000000000000>, C4<0000000000000000>;
v0x5566d5947840_127 .array/port v0x5566d5947840, 127;
L_0x5566d59ced60 .functor BUFZ 16, v0x5566d5947840_127, C4<0000000000000000>, C4<0000000000000000>, C4<0000000000000000>;
v0x5566d5947840_128 .array/port v0x5566d5947840, 128;
L_0x5566d59cee20 .functor BUFZ 16, v0x5566d5947840_128, C4<0000000000000000>, C4<0000000000000000>, C4<0000000000000000>;
v0x5566d5947840_129 .array/port v0x5566d5947840, 129;
L_0x5566d59ceee0 .functor BUFZ 16, v0x5566d5947840_129, C4<0000000000000000>, C4<0000000000000000>, C4<0000000000000000>;
v0x5566d5947840_130 .array/port v0x5566d5947840, 130;
L_0x5566d59cefa0 .functor BUFZ 16, v0x5566d5947840_130, C4<0000000000000000>, C4<0000000000000000>, C4<0000000000000000>;
v0x5566d5947840_131 .array/port v0x5566d5947840, 131;
L_0x5566d59cf060 .functor BUFZ 16, v0x5566d5947840_131, C4<0000000000000000>, C4<0000000000000000>, C4<0000000000000000>;
v0x5566d5947840_132 .array/port v0x5566d5947840, 132;
L_0x5566d59cf120 .functor BUFZ 16, v0x5566d5947840_132, C4<0000000000000000>, C4<0000000000000000>, C4<0000000000000000>;
v0x5566d5947840_133 .array/port v0x5566d5947840, 133;
L_0x5566d59cf1e0 .functor BUFZ 16, v0x5566d5947840_133, C4<0000000000000000>, C4<0000000000000000>, C4<0000000000000000>;
v0x5566d5947840_134 .array/port v0x5566d5947840, 134;
L_0x5566d59cf2a0 .functor BUFZ 16, v0x5566d5947840_134, C4<0000000000000000>, C4<0000000000000000>, C4<0000000000000000>;
v0x5566d5947840_135 .array/port v0x5566d5947840, 135;
L_0x5566d59cf360 .functor BUFZ 16, v0x5566d5947840_135, C4<0000000000000000>, C4<0000000000000000>, C4<0000000000000000>;
v0x5566d5947840_136 .array/port v0x5566d5947840, 136;
L_0x5566d59cf420 .functor BUFZ 16, v0x5566d5947840_136, C4<0000000000000000>, C4<0000000000000000>, C4<0000000000000000>;
v0x5566d5947840_137 .array/port v0x5566d5947840, 137;
L_0x5566d59cf4e0 .functor BUFZ 16, v0x5566d5947840_137, C4<0000000000000000>, C4<0000000000000000>, C4<0000000000000000>;
v0x5566d5947840_138 .array/port v0x5566d5947840, 138;
L_0x5566d59cf5a0 .functor BUFZ 16, v0x5566d5947840_138, C4<0000000000000000>, C4<0000000000000000>, C4<0000000000000000>;
v0x5566d5947840_139 .array/port v0x5566d5947840, 139;
L_0x5566d59cf660 .functor BUFZ 16, v0x5566d5947840_139, C4<0000000000000000>, C4<0000000000000000>, C4<0000000000000000>;
v0x5566d5947840_140 .array/port v0x5566d5947840, 140;
L_0x5566d59cf720 .functor BUFZ 16, v0x5566d5947840_140, C4<0000000000000000>, C4<0000000000000000>, C4<0000000000000000>;
v0x5566d5947840_141 .array/port v0x5566d5947840, 141;
L_0x5566d59cf7e0 .functor BUFZ 16, v0x5566d5947840_141, C4<0000000000000000>, C4<0000000000000000>, C4<0000000000000000>;
v0x5566d5947840_142 .array/port v0x5566d5947840, 142;
L_0x5566d59cf8a0 .functor BUFZ 16, v0x5566d5947840_142, C4<0000000000000000>, C4<0000000000000000>, C4<0000000000000000>;
v0x5566d5947840_143 .array/port v0x5566d5947840, 143;
L_0x5566d59cf960 .functor BUFZ 16, v0x5566d5947840_143, C4<0000000000000000>, C4<0000000000000000>, C4<0000000000000000>;
v0x5566d5947840_144 .array/port v0x5566d5947840, 144;
L_0x5566d59cfa20 .functor BUFZ 16, v0x5566d5947840_144, C4<0000000000000000>, C4<0000000000000000>, C4<0000000000000000>;
v0x5566d5947840_145 .array/port v0x5566d5947840, 145;
L_0x5566d59cfae0 .functor BUFZ 16, v0x5566d5947840_145, C4<0000000000000000>, C4<0000000000000000>, C4<0000000000000000>;
v0x5566d5947840_146 .array/port v0x5566d5947840, 146;
L_0x5566d59cfba0 .functor BUFZ 16, v0x5566d5947840_146, C4<0000000000000000>, C4<0000000000000000>, C4<0000000000000000>;
v0x5566d5947840_147 .array/port v0x5566d5947840, 147;
L_0x5566d59cfc60 .functor BUFZ 16, v0x5566d5947840_147, C4<0000000000000000>, C4<0000000000000000>, C4<0000000000000000>;
v0x5566d5947840_148 .array/port v0x5566d5947840, 148;
L_0x5566d59cfd20 .functor BUFZ 16, v0x5566d5947840_148, C4<0000000000000000>, C4<0000000000000000>, C4<0000000000000000>;
v0x5566d5947840_149 .array/port v0x5566d5947840, 149;
L_0x5566d59cfde0 .functor BUFZ 16, v0x5566d5947840_149, C4<0000000000000000>, C4<0000000000000000>, C4<0000000000000000>;
v0x5566d5947840_150 .array/port v0x5566d5947840, 150;
L_0x5566d59cfea0 .functor BUFZ 16, v0x5566d5947840_150, C4<0000000000000000>, C4<0000000000000000>, C4<0000000000000000>;
v0x5566d5947840_151 .array/port v0x5566d5947840, 151;
L_0x5566d59cff60 .functor BUFZ 16, v0x5566d5947840_151, C4<0000000000000000>, C4<0000000000000000>, C4<0000000000000000>;
v0x5566d5947840_152 .array/port v0x5566d5947840, 152;
L_0x5566d59d0020 .functor BUFZ 16, v0x5566d5947840_152, C4<0000000000000000>, C4<0000000000000000>, C4<0000000000000000>;
v0x5566d5947840_153 .array/port v0x5566d5947840, 153;
L_0x5566d59d00e0 .functor BUFZ 16, v0x5566d5947840_153, C4<0000000000000000>, C4<0000000000000000>, C4<0000000000000000>;
v0x5566d5947840_154 .array/port v0x5566d5947840, 154;
L_0x5566d59d2f80 .functor BUFZ 16, v0x5566d5947840_154, C4<0000000000000000>, C4<0000000000000000>, C4<0000000000000000>;
v0x5566d5947840_155 .array/port v0x5566d5947840, 155;
L_0x5566d59d02d0 .functor BUFZ 16, v0x5566d5947840_155, C4<0000000000000000>, C4<0000000000000000>, C4<0000000000000000>;
v0x5566d5947840_156 .array/port v0x5566d5947840, 156;
L_0x5566d59d0390 .functor BUFZ 16, v0x5566d5947840_156, C4<0000000000000000>, C4<0000000000000000>, C4<0000000000000000>;
v0x5566d5947840_157 .array/port v0x5566d5947840, 157;
L_0x5566d59d0450 .functor BUFZ 16, v0x5566d5947840_157, C4<0000000000000000>, C4<0000000000000000>, C4<0000000000000000>;
v0x5566d5947840_158 .array/port v0x5566d5947840, 158;
L_0x5566d59d0510 .functor BUFZ 16, v0x5566d5947840_158, C4<0000000000000000>, C4<0000000000000000>, C4<0000000000000000>;
v0x5566d5947840_159 .array/port v0x5566d5947840, 159;
L_0x5566d59d05d0 .functor BUFZ 16, v0x5566d5947840_159, C4<0000000000000000>, C4<0000000000000000>, C4<0000000000000000>;
v0x5566d5947840_160 .array/port v0x5566d5947840, 160;
L_0x5566d59d0690 .functor BUFZ 16, v0x5566d5947840_160, C4<0000000000000000>, C4<0000000000000000>, C4<0000000000000000>;
v0x5566d5947840_161 .array/port v0x5566d5947840, 161;
L_0x5566d59d0750 .functor BUFZ 16, v0x5566d5947840_161, C4<0000000000000000>, C4<0000000000000000>, C4<0000000000000000>;
v0x5566d5947840_162 .array/port v0x5566d5947840, 162;
L_0x5566d59d0810 .functor BUFZ 16, v0x5566d5947840_162, C4<0000000000000000>, C4<0000000000000000>, C4<0000000000000000>;
v0x5566d5947840_163 .array/port v0x5566d5947840, 163;
L_0x5566d59d08d0 .functor BUFZ 16, v0x5566d5947840_163, C4<0000000000000000>, C4<0000000000000000>, C4<0000000000000000>;
v0x5566d5947840_164 .array/port v0x5566d5947840, 164;
L_0x5566d59d0990 .functor BUFZ 16, v0x5566d5947840_164, C4<0000000000000000>, C4<0000000000000000>, C4<0000000000000000>;
v0x5566d5947840_165 .array/port v0x5566d5947840, 165;
L_0x5566d59d0a50 .functor BUFZ 16, v0x5566d5947840_165, C4<0000000000000000>, C4<0000000000000000>, C4<0000000000000000>;
v0x5566d5947840_166 .array/port v0x5566d5947840, 166;
L_0x5566d59d0b10 .functor BUFZ 16, v0x5566d5947840_166, C4<0000000000000000>, C4<0000000000000000>, C4<0000000000000000>;
v0x5566d5947840_167 .array/port v0x5566d5947840, 167;
L_0x5566d59d0bd0 .functor BUFZ 16, v0x5566d5947840_167, C4<0000000000000000>, C4<0000000000000000>, C4<0000000000000000>;
v0x5566d5947840_168 .array/port v0x5566d5947840, 168;
L_0x5566d59d0c90 .functor BUFZ 16, v0x5566d5947840_168, C4<0000000000000000>, C4<0000000000000000>, C4<0000000000000000>;
v0x5566d5947840_169 .array/port v0x5566d5947840, 169;
L_0x5566d59d0d50 .functor BUFZ 16, v0x5566d5947840_169, C4<0000000000000000>, C4<0000000000000000>, C4<0000000000000000>;
v0x5566d5947840_170 .array/port v0x5566d5947840, 170;
L_0x5566d59d0e10 .functor BUFZ 16, v0x5566d5947840_170, C4<0000000000000000>, C4<0000000000000000>, C4<0000000000000000>;
v0x5566d5947840_171 .array/port v0x5566d5947840, 171;
L_0x5566d59d0ed0 .functor BUFZ 16, v0x5566d5947840_171, C4<0000000000000000>, C4<0000000000000000>, C4<0000000000000000>;
v0x5566d5947840_172 .array/port v0x5566d5947840, 172;
L_0x5566d59d0f90 .functor BUFZ 16, v0x5566d5947840_172, C4<0000000000000000>, C4<0000000000000000>, C4<0000000000000000>;
v0x5566d5947840_173 .array/port v0x5566d5947840, 173;
L_0x5566d59d1050 .functor BUFZ 16, v0x5566d5947840_173, C4<0000000000000000>, C4<0000000000000000>, C4<0000000000000000>;
v0x5566d5947840_174 .array/port v0x5566d5947840, 174;
L_0x5566d59d1110 .functor BUFZ 16, v0x5566d5947840_174, C4<0000000000000000>, C4<0000000000000000>, C4<0000000000000000>;
v0x5566d5947840_175 .array/port v0x5566d5947840, 175;
L_0x5566d59d11d0 .functor BUFZ 16, v0x5566d5947840_175, C4<0000000000000000>, C4<0000000000000000>, C4<0000000000000000>;
v0x5566d5947840_176 .array/port v0x5566d5947840, 176;
L_0x5566d59d1290 .functor BUFZ 16, v0x5566d5947840_176, C4<0000000000000000>, C4<0000000000000000>, C4<0000000000000000>;
v0x5566d5947840_177 .array/port v0x5566d5947840, 177;
L_0x5566d59d1350 .functor BUFZ 16, v0x5566d5947840_177, C4<0000000000000000>, C4<0000000000000000>, C4<0000000000000000>;
v0x5566d5947840_178 .array/port v0x5566d5947840, 178;
L_0x5566d59d1410 .functor BUFZ 16, v0x5566d5947840_178, C4<0000000000000000>, C4<0000000000000000>, C4<0000000000000000>;
v0x5566d5947840_179 .array/port v0x5566d5947840, 179;
L_0x5566d59d14d0 .functor BUFZ 16, v0x5566d5947840_179, C4<0000000000000000>, C4<0000000000000000>, C4<0000000000000000>;
v0x5566d5947840_180 .array/port v0x5566d5947840, 180;
L_0x5566d59d1590 .functor BUFZ 16, v0x5566d5947840_180, C4<0000000000000000>, C4<0000000000000000>, C4<0000000000000000>;
v0x5566d5947840_181 .array/port v0x5566d5947840, 181;
L_0x5566d59d1650 .functor BUFZ 16, v0x5566d5947840_181, C4<0000000000000000>, C4<0000000000000000>, C4<0000000000000000>;
v0x5566d5947840_182 .array/port v0x5566d5947840, 182;
L_0x5566d59d1710 .functor BUFZ 16, v0x5566d5947840_182, C4<0000000000000000>, C4<0000000000000000>, C4<0000000000000000>;
v0x5566d5947840_183 .array/port v0x5566d5947840, 183;
L_0x5566d59d17d0 .functor BUFZ 16, v0x5566d5947840_183, C4<0000000000000000>, C4<0000000000000000>, C4<0000000000000000>;
v0x5566d5947840_184 .array/port v0x5566d5947840, 184;
L_0x5566d59d1890 .functor BUFZ 16, v0x5566d5947840_184, C4<0000000000000000>, C4<0000000000000000>, C4<0000000000000000>;
v0x5566d5947840_185 .array/port v0x5566d5947840, 185;
L_0x5566d59d1950 .functor BUFZ 16, v0x5566d5947840_185, C4<0000000000000000>, C4<0000000000000000>, C4<0000000000000000>;
v0x5566d5947840_186 .array/port v0x5566d5947840, 186;
L_0x5566d59d1a10 .functor BUFZ 16, v0x5566d5947840_186, C4<0000000000000000>, C4<0000000000000000>, C4<0000000000000000>;
v0x5566d5947840_187 .array/port v0x5566d5947840, 187;
L_0x5566d59d1ad0 .functor BUFZ 16, v0x5566d5947840_187, C4<0000000000000000>, C4<0000000000000000>, C4<0000000000000000>;
v0x5566d5947840_188 .array/port v0x5566d5947840, 188;
L_0x5566d59d1b90 .functor BUFZ 16, v0x5566d5947840_188, C4<0000000000000000>, C4<0000000000000000>, C4<0000000000000000>;
v0x5566d5947840_189 .array/port v0x5566d5947840, 189;
L_0x5566d59d1c50 .functor BUFZ 16, v0x5566d5947840_189, C4<0000000000000000>, C4<0000000000000000>, C4<0000000000000000>;
v0x5566d5947840_190 .array/port v0x5566d5947840, 190;
L_0x5566d59d1d10 .functor BUFZ 16, v0x5566d5947840_190, C4<0000000000000000>, C4<0000000000000000>, C4<0000000000000000>;
v0x5566d5947840_191 .array/port v0x5566d5947840, 191;
L_0x5566d59d1dd0 .functor BUFZ 16, v0x5566d5947840_191, C4<0000000000000000>, C4<0000000000000000>, C4<0000000000000000>;
v0x5566d5947840_192 .array/port v0x5566d5947840, 192;
L_0x5566d59d1e90 .functor BUFZ 16, v0x5566d5947840_192, C4<0000000000000000>, C4<0000000000000000>, C4<0000000000000000>;
v0x5566d5947840_193 .array/port v0x5566d5947840, 193;
L_0x5566d59d1f50 .functor BUFZ 16, v0x5566d5947840_193, C4<0000000000000000>, C4<0000000000000000>, C4<0000000000000000>;
v0x5566d5947840_194 .array/port v0x5566d5947840, 194;
L_0x5566d59d2010 .functor BUFZ 16, v0x5566d5947840_194, C4<0000000000000000>, C4<0000000000000000>, C4<0000000000000000>;
v0x5566d5947840_195 .array/port v0x5566d5947840, 195;
L_0x5566d59d20d0 .functor BUFZ 16, v0x5566d5947840_195, C4<0000000000000000>, C4<0000000000000000>, C4<0000000000000000>;
v0x5566d5947840_196 .array/port v0x5566d5947840, 196;
L_0x5566d59d2190 .functor BUFZ 16, v0x5566d5947840_196, C4<0000000000000000>, C4<0000000000000000>, C4<0000000000000000>;
v0x5566d5947840_197 .array/port v0x5566d5947840, 197;
L_0x5566d59d2250 .functor BUFZ 16, v0x5566d5947840_197, C4<0000000000000000>, C4<0000000000000000>, C4<0000000000000000>;
v0x5566d5947840_198 .array/port v0x5566d5947840, 198;
L_0x5566d59d2310 .functor BUFZ 16, v0x5566d5947840_198, C4<0000000000000000>, C4<0000000000000000>, C4<0000000000000000>;
v0x5566d5947840_199 .array/port v0x5566d5947840, 199;
L_0x5566d59d23d0 .functor BUFZ 16, v0x5566d5947840_199, C4<0000000000000000>, C4<0000000000000000>, C4<0000000000000000>;
v0x5566d5947840_200 .array/port v0x5566d5947840, 200;
L_0x5566d59d2490 .functor BUFZ 16, v0x5566d5947840_200, C4<0000000000000000>, C4<0000000000000000>, C4<0000000000000000>;
v0x5566d5947840_201 .array/port v0x5566d5947840, 201;
L_0x5566d59d2550 .functor BUFZ 16, v0x5566d5947840_201, C4<0000000000000000>, C4<0000000000000000>, C4<0000000000000000>;
v0x5566d5947840_202 .array/port v0x5566d5947840, 202;
L_0x5566d59d2610 .functor BUFZ 16, v0x5566d5947840_202, C4<0000000000000000>, C4<0000000000000000>, C4<0000000000000000>;
v0x5566d5947840_203 .array/port v0x5566d5947840, 203;
L_0x5566d59d26d0 .functor BUFZ 16, v0x5566d5947840_203, C4<0000000000000000>, C4<0000000000000000>, C4<0000000000000000>;
v0x5566d5947840_204 .array/port v0x5566d5947840, 204;
L_0x5566d59d2790 .functor BUFZ 16, v0x5566d5947840_204, C4<0000000000000000>, C4<0000000000000000>, C4<0000000000000000>;
v0x5566d5947840_205 .array/port v0x5566d5947840, 205;
L_0x5566d59d2850 .functor BUFZ 16, v0x5566d5947840_205, C4<0000000000000000>, C4<0000000000000000>, C4<0000000000000000>;
v0x5566d5947840_206 .array/port v0x5566d5947840, 206;
L_0x5566d59d2910 .functor BUFZ 16, v0x5566d5947840_206, C4<0000000000000000>, C4<0000000000000000>, C4<0000000000000000>;
v0x5566d5947840_207 .array/port v0x5566d5947840, 207;
L_0x5566d59d29d0 .functor BUFZ 16, v0x5566d5947840_207, C4<0000000000000000>, C4<0000000000000000>, C4<0000000000000000>;
v0x5566d5947840_208 .array/port v0x5566d5947840, 208;
L_0x5566d59d2a90 .functor BUFZ 16, v0x5566d5947840_208, C4<0000000000000000>, C4<0000000000000000>, C4<0000000000000000>;
v0x5566d5947840_209 .array/port v0x5566d5947840, 209;
L_0x5566d59d2b50 .functor BUFZ 16, v0x5566d5947840_209, C4<0000000000000000>, C4<0000000000000000>, C4<0000000000000000>;
v0x5566d5947840_210 .array/port v0x5566d5947840, 210;
L_0x5566d59d2c10 .functor BUFZ 16, v0x5566d5947840_210, C4<0000000000000000>, C4<0000000000000000>, C4<0000000000000000>;
v0x5566d5947840_211 .array/port v0x5566d5947840, 211;
L_0x5566d59d2cd0 .functor BUFZ 16, v0x5566d5947840_211, C4<0000000000000000>, C4<0000000000000000>, C4<0000000000000000>;
v0x5566d5947840_212 .array/port v0x5566d5947840, 212;
L_0x5566d59d2d90 .functor BUFZ 16, v0x5566d5947840_212, C4<0000000000000000>, C4<0000000000000000>, C4<0000000000000000>;
v0x5566d5947840_213 .array/port v0x5566d5947840, 213;
L_0x5566d59d2e50 .functor BUFZ 16, v0x5566d5947840_213, C4<0000000000000000>, C4<0000000000000000>, C4<0000000000000000>;
v0x5566d5947840_214 .array/port v0x5566d5947840, 214;
L_0x5566d59d2f10 .functor BUFZ 16, v0x5566d5947840_214, C4<0000000000000000>, C4<0000000000000000>, C4<0000000000000000>;
v0x5566d5947840_215 .array/port v0x5566d5947840, 215;
L_0x5566d59d3040 .functor BUFZ 16, v0x5566d5947840_215, C4<0000000000000000>, C4<0000000000000000>, C4<0000000000000000>;
v0x5566d5947840_216 .array/port v0x5566d5947840, 216;
L_0x5566d59d3100 .functor BUFZ 16, v0x5566d5947840_216, C4<0000000000000000>, C4<0000000000000000>, C4<0000000000000000>;
v0x5566d5947840_217 .array/port v0x5566d5947840, 217;
L_0x5566d59d31c0 .functor BUFZ 16, v0x5566d5947840_217, C4<0000000000000000>, C4<0000000000000000>, C4<0000000000000000>;
v0x5566d5947840_218 .array/port v0x5566d5947840, 218;
L_0x5566d59d3280 .functor BUFZ 16, v0x5566d5947840_218, C4<0000000000000000>, C4<0000000000000000>, C4<0000000000000000>;
v0x5566d5947840_219 .array/port v0x5566d5947840, 219;
L_0x5566d59d3340 .functor BUFZ 16, v0x5566d5947840_219, C4<0000000000000000>, C4<0000000000000000>, C4<0000000000000000>;
v0x5566d5947840_220 .array/port v0x5566d5947840, 220;
L_0x5566d59d3400 .functor BUFZ 16, v0x5566d5947840_220, C4<0000000000000000>, C4<0000000000000000>, C4<0000000000000000>;
v0x5566d5947840_221 .array/port v0x5566d5947840, 221;
L_0x5566d59d34c0 .functor BUFZ 16, v0x5566d5947840_221, C4<0000000000000000>, C4<0000000000000000>, C4<0000000000000000>;
v0x5566d5947840_222 .array/port v0x5566d5947840, 222;
L_0x5566d59d3580 .functor BUFZ 16, v0x5566d5947840_222, C4<0000000000000000>, C4<0000000000000000>, C4<0000000000000000>;
v0x5566d5947840_223 .array/port v0x5566d5947840, 223;
L_0x5566d59d3640 .functor BUFZ 16, v0x5566d5947840_223, C4<0000000000000000>, C4<0000000000000000>, C4<0000000000000000>;
v0x5566d5947840_224 .array/port v0x5566d5947840, 224;
L_0x5566d59d3700 .functor BUFZ 16, v0x5566d5947840_224, C4<0000000000000000>, C4<0000000000000000>, C4<0000000000000000>;
v0x5566d5947840_225 .array/port v0x5566d5947840, 225;
L_0x5566d59d37c0 .functor BUFZ 16, v0x5566d5947840_225, C4<0000000000000000>, C4<0000000000000000>, C4<0000000000000000>;
v0x5566d5947840_226 .array/port v0x5566d5947840, 226;
L_0x5566d59d3880 .functor BUFZ 16, v0x5566d5947840_226, C4<0000000000000000>, C4<0000000000000000>, C4<0000000000000000>;
v0x5566d5947840_227 .array/port v0x5566d5947840, 227;
L_0x5566d59d3940 .functor BUFZ 16, v0x5566d5947840_227, C4<0000000000000000>, C4<0000000000000000>, C4<0000000000000000>;
v0x5566d5947840_228 .array/port v0x5566d5947840, 228;
L_0x5566d59d3a00 .functor BUFZ 16, v0x5566d5947840_228, C4<0000000000000000>, C4<0000000000000000>, C4<0000000000000000>;
v0x5566d5947840_229 .array/port v0x5566d5947840, 229;
L_0x5566d59d3ac0 .functor BUFZ 16, v0x5566d5947840_229, C4<0000000000000000>, C4<0000000000000000>, C4<0000000000000000>;
v0x5566d5947840_230 .array/port v0x5566d5947840, 230;
L_0x5566d59d3b80 .functor BUFZ 16, v0x5566d5947840_230, C4<0000000000000000>, C4<0000000000000000>, C4<0000000000000000>;
v0x5566d5947840_231 .array/port v0x5566d5947840, 231;
L_0x5566d59d3c40 .functor BUFZ 16, v0x5566d5947840_231, C4<0000000000000000>, C4<0000000000000000>, C4<0000000000000000>;
v0x5566d5947840_232 .array/port v0x5566d5947840, 232;
L_0x5566d59d3d00 .functor BUFZ 16, v0x5566d5947840_232, C4<0000000000000000>, C4<0000000000000000>, C4<0000000000000000>;
v0x5566d5947840_233 .array/port v0x5566d5947840, 233;
L_0x5566d59d3dc0 .functor BUFZ 16, v0x5566d5947840_233, C4<0000000000000000>, C4<0000000000000000>, C4<0000000000000000>;
v0x5566d5947840_234 .array/port v0x5566d5947840, 234;
L_0x5566d59d3e80 .functor BUFZ 16, v0x5566d5947840_234, C4<0000000000000000>, C4<0000000000000000>, C4<0000000000000000>;
v0x5566d5947840_235 .array/port v0x5566d5947840, 235;
L_0x5566d59d3f40 .functor BUFZ 16, v0x5566d5947840_235, C4<0000000000000000>, C4<0000000000000000>, C4<0000000000000000>;
v0x5566d5947840_236 .array/port v0x5566d5947840, 236;
L_0x5566d59d4000 .functor BUFZ 16, v0x5566d5947840_236, C4<0000000000000000>, C4<0000000000000000>, C4<0000000000000000>;
v0x5566d5947840_237 .array/port v0x5566d5947840, 237;
L_0x5566d59d40c0 .functor BUFZ 16, v0x5566d5947840_237, C4<0000000000000000>, C4<0000000000000000>, C4<0000000000000000>;
v0x5566d5947840_238 .array/port v0x5566d5947840, 238;
L_0x5566d59d4180 .functor BUFZ 16, v0x5566d5947840_238, C4<0000000000000000>, C4<0000000000000000>, C4<0000000000000000>;
v0x5566d5947840_239 .array/port v0x5566d5947840, 239;
L_0x5566d59d4240 .functor BUFZ 16, v0x5566d5947840_239, C4<0000000000000000>, C4<0000000000000000>, C4<0000000000000000>;
v0x5566d5947840_240 .array/port v0x5566d5947840, 240;
L_0x5566d59d4300 .functor BUFZ 16, v0x5566d5947840_240, C4<0000000000000000>, C4<0000000000000000>, C4<0000000000000000>;
v0x5566d5947840_241 .array/port v0x5566d5947840, 241;
L_0x5566d59d43c0 .functor BUFZ 16, v0x5566d5947840_241, C4<0000000000000000>, C4<0000000000000000>, C4<0000000000000000>;
v0x5566d5947840_242 .array/port v0x5566d5947840, 242;
L_0x5566d59d4480 .functor BUFZ 16, v0x5566d5947840_242, C4<0000000000000000>, C4<0000000000000000>, C4<0000000000000000>;
v0x5566d5947840_243 .array/port v0x5566d5947840, 243;
L_0x5566d59d4540 .functor BUFZ 16, v0x5566d5947840_243, C4<0000000000000000>, C4<0000000000000000>, C4<0000000000000000>;
v0x5566d5947840_244 .array/port v0x5566d5947840, 244;
L_0x5566d59d4600 .functor BUFZ 16, v0x5566d5947840_244, C4<0000000000000000>, C4<0000000000000000>, C4<0000000000000000>;
v0x5566d5947840_245 .array/port v0x5566d5947840, 245;
L_0x5566d59d46c0 .functor BUFZ 16, v0x5566d5947840_245, C4<0000000000000000>, C4<0000000000000000>, C4<0000000000000000>;
v0x5566d5947840_246 .array/port v0x5566d5947840, 246;
L_0x5566d59d4780 .functor BUFZ 16, v0x5566d5947840_246, C4<0000000000000000>, C4<0000000000000000>, C4<0000000000000000>;
v0x5566d5947840_247 .array/port v0x5566d5947840, 247;
L_0x5566d59d4840 .functor BUFZ 16, v0x5566d5947840_247, C4<0000000000000000>, C4<0000000000000000>, C4<0000000000000000>;
v0x5566d5947840_248 .array/port v0x5566d5947840, 248;
L_0x5566d59d4900 .functor BUFZ 16, v0x5566d5947840_248, C4<0000000000000000>, C4<0000000000000000>, C4<0000000000000000>;
v0x5566d5947840_249 .array/port v0x5566d5947840, 249;
L_0x5566d59d49c0 .functor BUFZ 16, v0x5566d5947840_249, C4<0000000000000000>, C4<0000000000000000>, C4<0000000000000000>;
v0x5566d5947840_250 .array/port v0x5566d5947840, 250;
L_0x5566d59d4a80 .functor BUFZ 16, v0x5566d5947840_250, C4<0000000000000000>, C4<0000000000000000>, C4<0000000000000000>;
v0x5566d5947840_251 .array/port v0x5566d5947840, 251;
L_0x5566d59d4b40 .functor BUFZ 16, v0x5566d5947840_251, C4<0000000000000000>, C4<0000000000000000>, C4<0000000000000000>;
v0x5566d5947840_252 .array/port v0x5566d5947840, 252;
L_0x5566d59d4c00 .functor BUFZ 16, v0x5566d5947840_252, C4<0000000000000000>, C4<0000000000000000>, C4<0000000000000000>;
v0x5566d5947840_253 .array/port v0x5566d5947840, 253;
L_0x5566d59d4cc0 .functor BUFZ 16, v0x5566d5947840_253, C4<0000000000000000>, C4<0000000000000000>, C4<0000000000000000>;
v0x5566d5947840_254 .array/port v0x5566d5947840, 254;
L_0x5566d59d4d80 .functor BUFZ 16, v0x5566d5947840_254, C4<0000000000000000>, C4<0000000000000000>, C4<0000000000000000>;
v0x5566d5947840_255 .array/port v0x5566d5947840, 255;
L_0x5566d59d4e40 .functor BUFZ 16, v0x5566d5947840_255, C4<0000000000000000>, C4<0000000000000000>, C4<0000000000000000>;
v0x5566d5950bd0_0 .array/port v0x5566d5950bd0, 0;
L_0x5566d59d4f00 .functor BUFZ 16, v0x5566d5950bd0_0, C4<0000000000000000>, C4<0000000000000000>, C4<0000000000000000>;
v0x5566d5950bd0_1 .array/port v0x5566d5950bd0, 1;
L_0x5566d59d4fc0 .functor BUFZ 16, v0x5566d5950bd0_1, C4<0000000000000000>, C4<0000000000000000>, C4<0000000000000000>;
v0x5566d5950bd0_2 .array/port v0x5566d5950bd0, 2;
L_0x5566d59d5080 .functor BUFZ 16, v0x5566d5950bd0_2, C4<0000000000000000>, C4<0000000000000000>, C4<0000000000000000>;
v0x5566d5950bd0_3 .array/port v0x5566d5950bd0, 3;
L_0x5566d59d5140 .functor BUFZ 16, v0x5566d5950bd0_3, C4<0000000000000000>, C4<0000000000000000>, C4<0000000000000000>;
v0x5566d5950bd0_4 .array/port v0x5566d5950bd0, 4;
L_0x5566d59d5200 .functor BUFZ 16, v0x5566d5950bd0_4, C4<0000000000000000>, C4<0000000000000000>, C4<0000000000000000>;
v0x5566d5950bd0_5 .array/port v0x5566d5950bd0, 5;
L_0x5566d59d52c0 .functor BUFZ 16, v0x5566d5950bd0_5, C4<0000000000000000>, C4<0000000000000000>, C4<0000000000000000>;
v0x5566d5950bd0_6 .array/port v0x5566d5950bd0, 6;
L_0x5566d59d5380 .functor BUFZ 16, v0x5566d5950bd0_6, C4<0000000000000000>, C4<0000000000000000>, C4<0000000000000000>;
v0x5566d5950bd0_7 .array/port v0x5566d5950bd0, 7;
L_0x5566d59d5440 .functor BUFZ 16, v0x5566d5950bd0_7, C4<0000000000000000>, C4<0000000000000000>, C4<0000000000000000>;
v0x5566d5950bd0_8 .array/port v0x5566d5950bd0, 8;
L_0x5566d59d5500 .functor BUFZ 16, v0x5566d5950bd0_8, C4<0000000000000000>, C4<0000000000000000>, C4<0000000000000000>;
v0x5566d5950bd0_9 .array/port v0x5566d5950bd0, 9;
L_0x5566d59d55c0 .functor BUFZ 16, v0x5566d5950bd0_9, C4<0000000000000000>, C4<0000000000000000>, C4<0000000000000000>;
v0x5566d5950bd0_10 .array/port v0x5566d5950bd0, 10;
L_0x5566d59d5680 .functor BUFZ 16, v0x5566d5950bd0_10, C4<0000000000000000>, C4<0000000000000000>, C4<0000000000000000>;
v0x5566d5950bd0_11 .array/port v0x5566d5950bd0, 11;
L_0x5566d59d5740 .functor BUFZ 16, v0x5566d5950bd0_11, C4<0000000000000000>, C4<0000000000000000>, C4<0000000000000000>;
v0x5566d5950bd0_12 .array/port v0x5566d5950bd0, 12;
L_0x5566d59d5800 .functor BUFZ 16, v0x5566d5950bd0_12, C4<0000000000000000>, C4<0000000000000000>, C4<0000000000000000>;
v0x5566d5950bd0_13 .array/port v0x5566d5950bd0, 13;
L_0x5566d59d58c0 .functor BUFZ 16, v0x5566d5950bd0_13, C4<0000000000000000>, C4<0000000000000000>, C4<0000000000000000>;
v0x5566d5950bd0_14 .array/port v0x5566d5950bd0, 14;
L_0x5566d59d5980 .functor BUFZ 16, v0x5566d5950bd0_14, C4<0000000000000000>, C4<0000000000000000>, C4<0000000000000000>;
v0x5566d5950bd0_15 .array/port v0x5566d5950bd0, 15;
L_0x5566d59d5a40 .functor BUFZ 16, v0x5566d5950bd0_15, C4<0000000000000000>, C4<0000000000000000>, C4<0000000000000000>;
v0x5566d5950bd0_16 .array/port v0x5566d5950bd0, 16;
L_0x5566d59d5b00 .functor BUFZ 16, v0x5566d5950bd0_16, C4<0000000000000000>, C4<0000000000000000>, C4<0000000000000000>;
v0x5566d5950bd0_17 .array/port v0x5566d5950bd0, 17;
L_0x5566d59d5bc0 .functor BUFZ 16, v0x5566d5950bd0_17, C4<0000000000000000>, C4<0000000000000000>, C4<0000000000000000>;
v0x5566d5950bd0_18 .array/port v0x5566d5950bd0, 18;
L_0x5566d59d5c80 .functor BUFZ 16, v0x5566d5950bd0_18, C4<0000000000000000>, C4<0000000000000000>, C4<0000000000000000>;
v0x5566d5950bd0_19 .array/port v0x5566d5950bd0, 19;
L_0x5566d59d5d40 .functor BUFZ 16, v0x5566d5950bd0_19, C4<0000000000000000>, C4<0000000000000000>, C4<0000000000000000>;
v0x5566d5950bd0_20 .array/port v0x5566d5950bd0, 20;
L_0x5566d59d5e00 .functor BUFZ 16, v0x5566d5950bd0_20, C4<0000000000000000>, C4<0000000000000000>, C4<0000000000000000>;
v0x5566d5950bd0_21 .array/port v0x5566d5950bd0, 21;
L_0x5566d59d8fb0 .functor BUFZ 16, v0x5566d5950bd0_21, C4<0000000000000000>, C4<0000000000000000>, C4<0000000000000000>;
v0x5566d5950bd0_22 .array/port v0x5566d5950bd0, 22;
L_0x5566d59d9070 .functor BUFZ 16, v0x5566d5950bd0_22, C4<0000000000000000>, C4<0000000000000000>, C4<0000000000000000>;
v0x5566d5950bd0_23 .array/port v0x5566d5950bd0, 23;
L_0x5566d59d5f20 .functor BUFZ 16, v0x5566d5950bd0_23, C4<0000000000000000>, C4<0000000000000000>, C4<0000000000000000>;
v0x5566d5950bd0_24 .array/port v0x5566d5950bd0, 24;
L_0x5566d59d5fe0 .functor BUFZ 16, v0x5566d5950bd0_24, C4<0000000000000000>, C4<0000000000000000>, C4<0000000000000000>;
v0x5566d5950bd0_25 .array/port v0x5566d5950bd0, 25;
L_0x5566d59d60a0 .functor BUFZ 16, v0x5566d5950bd0_25, C4<0000000000000000>, C4<0000000000000000>, C4<0000000000000000>;
v0x5566d5950bd0_26 .array/port v0x5566d5950bd0, 26;
L_0x5566d59d6160 .functor BUFZ 16, v0x5566d5950bd0_26, C4<0000000000000000>, C4<0000000000000000>, C4<0000000000000000>;
v0x5566d5950bd0_27 .array/port v0x5566d5950bd0, 27;
L_0x5566d59d6220 .functor BUFZ 16, v0x5566d5950bd0_27, C4<0000000000000000>, C4<0000000000000000>, C4<0000000000000000>;
v0x5566d5950bd0_28 .array/port v0x5566d5950bd0, 28;
L_0x5566d59d62e0 .functor BUFZ 16, v0x5566d5950bd0_28, C4<0000000000000000>, C4<0000000000000000>, C4<0000000000000000>;
v0x5566d5950bd0_29 .array/port v0x5566d5950bd0, 29;
L_0x5566d59d63a0 .functor BUFZ 16, v0x5566d5950bd0_29, C4<0000000000000000>, C4<0000000000000000>, C4<0000000000000000>;
v0x5566d5950bd0_30 .array/port v0x5566d5950bd0, 30;
L_0x5566d59d6460 .functor BUFZ 16, v0x5566d5950bd0_30, C4<0000000000000000>, C4<0000000000000000>, C4<0000000000000000>;
v0x5566d5950bd0_31 .array/port v0x5566d5950bd0, 31;
L_0x5566d59d6520 .functor BUFZ 16, v0x5566d5950bd0_31, C4<0000000000000000>, C4<0000000000000000>, C4<0000000000000000>;
v0x5566d5950bd0_32 .array/port v0x5566d5950bd0, 32;
L_0x5566d59d65e0 .functor BUFZ 16, v0x5566d5950bd0_32, C4<0000000000000000>, C4<0000000000000000>, C4<0000000000000000>;
v0x5566d5950bd0_33 .array/port v0x5566d5950bd0, 33;
L_0x5566d59d66a0 .functor BUFZ 16, v0x5566d5950bd0_33, C4<0000000000000000>, C4<0000000000000000>, C4<0000000000000000>;
v0x5566d5950bd0_34 .array/port v0x5566d5950bd0, 34;
L_0x5566d59d6760 .functor BUFZ 16, v0x5566d5950bd0_34, C4<0000000000000000>, C4<0000000000000000>, C4<0000000000000000>;
v0x5566d5950bd0_35 .array/port v0x5566d5950bd0, 35;
L_0x5566d59d6820 .functor BUFZ 16, v0x5566d5950bd0_35, C4<0000000000000000>, C4<0000000000000000>, C4<0000000000000000>;
v0x5566d5950bd0_36 .array/port v0x5566d5950bd0, 36;
L_0x5566d59d68e0 .functor BUFZ 16, v0x5566d5950bd0_36, C4<0000000000000000>, C4<0000000000000000>, C4<0000000000000000>;
v0x5566d5950bd0_37 .array/port v0x5566d5950bd0, 37;
L_0x5566d59d69a0 .functor BUFZ 16, v0x5566d5950bd0_37, C4<0000000000000000>, C4<0000000000000000>, C4<0000000000000000>;
v0x5566d5950bd0_38 .array/port v0x5566d5950bd0, 38;
L_0x5566d59d6a60 .functor BUFZ 16, v0x5566d5950bd0_38, C4<0000000000000000>, C4<0000000000000000>, C4<0000000000000000>;
v0x5566d5950bd0_39 .array/port v0x5566d5950bd0, 39;
L_0x5566d59d6b20 .functor BUFZ 16, v0x5566d5950bd0_39, C4<0000000000000000>, C4<0000000000000000>, C4<0000000000000000>;
v0x5566d5950bd0_40 .array/port v0x5566d5950bd0, 40;
L_0x5566d59d6be0 .functor BUFZ 16, v0x5566d5950bd0_40, C4<0000000000000000>, C4<0000000000000000>, C4<0000000000000000>;
v0x5566d5950bd0_41 .array/port v0x5566d5950bd0, 41;
L_0x5566d59d6ca0 .functor BUFZ 16, v0x5566d5950bd0_41, C4<0000000000000000>, C4<0000000000000000>, C4<0000000000000000>;
v0x5566d5950bd0_42 .array/port v0x5566d5950bd0, 42;
L_0x5566d59d6d60 .functor BUFZ 16, v0x5566d5950bd0_42, C4<0000000000000000>, C4<0000000000000000>, C4<0000000000000000>;
v0x5566d5950bd0_43 .array/port v0x5566d5950bd0, 43;
L_0x5566d59d6e20 .functor BUFZ 16, v0x5566d5950bd0_43, C4<0000000000000000>, C4<0000000000000000>, C4<0000000000000000>;
v0x5566d5950bd0_44 .array/port v0x5566d5950bd0, 44;
L_0x5566d59d6ee0 .functor BUFZ 16, v0x5566d5950bd0_44, C4<0000000000000000>, C4<0000000000000000>, C4<0000000000000000>;
v0x5566d5950bd0_45 .array/port v0x5566d5950bd0, 45;
L_0x5566d59d6fa0 .functor BUFZ 16, v0x5566d5950bd0_45, C4<0000000000000000>, C4<0000000000000000>, C4<0000000000000000>;
v0x5566d5950bd0_46 .array/port v0x5566d5950bd0, 46;
L_0x5566d59d7060 .functor BUFZ 16, v0x5566d5950bd0_46, C4<0000000000000000>, C4<0000000000000000>, C4<0000000000000000>;
v0x5566d5950bd0_47 .array/port v0x5566d5950bd0, 47;
L_0x5566d59d7120 .functor BUFZ 16, v0x5566d5950bd0_47, C4<0000000000000000>, C4<0000000000000000>, C4<0000000000000000>;
v0x5566d59514a0 .array "K_vector", 47 0;
v0x5566d59514a0_0 .net/s v0x5566d59514a0 0, 15 0, v0x5566d5820a60_0; 1 drivers
v0x5566d59514a0_1 .net/s v0x5566d59514a0 1, 15 0, v0x5566d5820a60_1; 1 drivers
v0x5566d59514a0_2 .net/s v0x5566d59514a0 2, 15 0, v0x5566d5820a60_2; 1 drivers
v0x5566d59514a0_3 .net/s v0x5566d59514a0 3, 15 0, v0x5566d5820a60_3; 1 drivers
v0x5566d59514a0_4 .net/s v0x5566d59514a0 4, 15 0, v0x5566d5820a60_4; 1 drivers
v0x5566d59514a0_5 .net/s v0x5566d59514a0 5, 15 0, v0x5566d5820a60_5; 1 drivers
v0x5566d59514a0_6 .net/s v0x5566d59514a0 6, 15 0, v0x5566d5820a60_6; 1 drivers
v0x5566d59514a0_7 .net/s v0x5566d59514a0 7, 15 0, v0x5566d5820a60_7; 1 drivers
v0x5566d59514a0_8 .net/s v0x5566d59514a0 8, 15 0, v0x5566d5820a60_8; 1 drivers
v0x5566d59514a0_9 .net/s v0x5566d59514a0 9, 15 0, v0x5566d5820a60_9; 1 drivers
v0x5566d59514a0_10 .net/s v0x5566d59514a0 10, 15 0, v0x5566d5820a60_10; 1 drivers
v0x5566d59514a0_11 .net/s v0x5566d59514a0 11, 15 0, v0x5566d5820a60_11; 1 drivers
v0x5566d59514a0_12 .net/s v0x5566d59514a0 12, 15 0, v0x5566d5820a60_12; 1 drivers
v0x5566d59514a0_13 .net/s v0x5566d59514a0 13, 15 0, v0x5566d5820a60_13; 1 drivers
v0x5566d59514a0_14 .net/s v0x5566d59514a0 14, 15 0, v0x5566d5820a60_14; 1 drivers
v0x5566d59514a0_15 .net/s v0x5566d59514a0 15, 15 0, v0x5566d5820a60_15; 1 drivers
v0x5566d59514a0_16 .net/s v0x5566d59514a0 16, 15 0, v0x5566d5820a60_16; 1 drivers
v0x5566d59514a0_17 .net/s v0x5566d59514a0 17, 15 0, v0x5566d5820a60_17; 1 drivers
v0x5566d59514a0_18 .net/s v0x5566d59514a0 18, 15 0, v0x5566d5820a60_18; 1 drivers
v0x5566d59514a0_19 .net/s v0x5566d59514a0 19, 15 0, v0x5566d5820a60_19; 1 drivers
v0x5566d59514a0_20 .net/s v0x5566d59514a0 20, 15 0, v0x5566d5820a60_20; 1 drivers
v0x5566d59514a0_21 .net/s v0x5566d59514a0 21, 15 0, v0x5566d5820a60_21; 1 drivers
v0x5566d59514a0_22 .net/s v0x5566d59514a0 22, 15 0, v0x5566d5820a60_22; 1 drivers
v0x5566d59514a0_23 .net/s v0x5566d59514a0 23, 15 0, v0x5566d5820a60_23; 1 drivers
v0x5566d59514a0_24 .net/s v0x5566d59514a0 24, 15 0, v0x5566d5820a60_24; 1 drivers
v0x5566d59514a0_25 .net/s v0x5566d59514a0 25, 15 0, v0x5566d5820a60_25; 1 drivers
v0x5566d59514a0_26 .net/s v0x5566d59514a0 26, 15 0, v0x5566d5820a60_26; 1 drivers
v0x5566d59514a0_27 .net/s v0x5566d59514a0 27, 15 0, v0x5566d5820a60_27; 1 drivers
v0x5566d59514a0_28 .net/s v0x5566d59514a0 28, 15 0, v0x5566d5820a60_28; 1 drivers
v0x5566d59514a0_29 .net/s v0x5566d59514a0 29, 15 0, v0x5566d5820a60_29; 1 drivers
v0x5566d59514a0_30 .net/s v0x5566d59514a0 30, 15 0, v0x5566d5820a60_30; 1 drivers
v0x5566d59514a0_31 .net/s v0x5566d59514a0 31, 15 0, v0x5566d5820a60_31; 1 drivers
v0x5566d59514a0_32 .net/s v0x5566d59514a0 32, 15 0, v0x5566d5820a60_32; 1 drivers
v0x5566d59514a0_33 .net/s v0x5566d59514a0 33, 15 0, v0x5566d5820a60_33; 1 drivers
v0x5566d59514a0_34 .net/s v0x5566d59514a0 34, 15 0, v0x5566d5820a60_34; 1 drivers
v0x5566d59514a0_35 .net/s v0x5566d59514a0 35, 15 0, v0x5566d5820a60_35; 1 drivers
v0x5566d59514a0_36 .net/s v0x5566d59514a0 36, 15 0, v0x5566d5820a60_36; 1 drivers
v0x5566d59514a0_37 .net/s v0x5566d59514a0 37, 15 0, v0x5566d5820a60_37; 1 drivers
v0x5566d59514a0_38 .net/s v0x5566d59514a0 38, 15 0, v0x5566d5820a60_38; 1 drivers
v0x5566d59514a0_39 .net/s v0x5566d59514a0 39, 15 0, v0x5566d5820a60_39; 1 drivers
v0x5566d59514a0_40 .net/s v0x5566d59514a0 40, 15 0, v0x5566d5820a60_40; 1 drivers
v0x5566d59514a0_41 .net/s v0x5566d59514a0 41, 15 0, v0x5566d5820a60_41; 1 drivers
v0x5566d59514a0_42 .net/s v0x5566d59514a0 42, 15 0, v0x5566d5820a60_42; 1 drivers
v0x5566d59514a0_43 .net/s v0x5566d59514a0 43, 15 0, v0x5566d5820a60_43; 1 drivers
v0x5566d59514a0_44 .net/s v0x5566d59514a0 44, 15 0, v0x5566d5820a60_44; 1 drivers
v0x5566d59514a0_45 .net/s v0x5566d59514a0 45, 15 0, v0x5566d5820a60_45; 1 drivers
v0x5566d59514a0_46 .net/s v0x5566d59514a0 46, 15 0, v0x5566d5820a60_46; 1 drivers
v0x5566d59514a0_47 .net/s v0x5566d59514a0 47, 15 0, v0x5566d5820a60_47; 1 drivers
v0x5566d5951cf0 .array "K_vector_transpose", 47 0;
v0x5566d5951cf0_0 .net/s v0x5566d5951cf0 0, 15 0, v0x5566d580dfd0_0; 1 drivers
v0x5566d5951cf0_1 .net/s v0x5566d5951cf0 1, 15 0, v0x5566d580dfd0_1; 1 drivers
v0x5566d5951cf0_2 .net/s v0x5566d5951cf0 2, 15 0, v0x5566d580dfd0_2; 1 drivers
v0x5566d5951cf0_3 .net/s v0x5566d5951cf0 3, 15 0, v0x5566d580dfd0_3; 1 drivers
v0x5566d5951cf0_4 .net/s v0x5566d5951cf0 4, 15 0, v0x5566d580dfd0_4; 1 drivers
v0x5566d5951cf0_5 .net/s v0x5566d5951cf0 5, 15 0, v0x5566d580dfd0_5; 1 drivers
v0x5566d5951cf0_6 .net/s v0x5566d5951cf0 6, 15 0, v0x5566d580dfd0_6; 1 drivers
v0x5566d5951cf0_7 .net/s v0x5566d5951cf0 7, 15 0, v0x5566d580dfd0_7; 1 drivers
v0x5566d5951cf0_8 .net/s v0x5566d5951cf0 8, 15 0, v0x5566d580dfd0_8; 1 drivers
v0x5566d5951cf0_9 .net/s v0x5566d5951cf0 9, 15 0, v0x5566d580dfd0_9; 1 drivers
v0x5566d5951cf0_10 .net/s v0x5566d5951cf0 10, 15 0, v0x5566d580dfd0_10; 1 drivers
v0x5566d5951cf0_11 .net/s v0x5566d5951cf0 11, 15 0, v0x5566d580dfd0_11; 1 drivers
v0x5566d5951cf0_12 .net/s v0x5566d5951cf0 12, 15 0, v0x5566d580dfd0_12; 1 drivers
v0x5566d5951cf0_13 .net/s v0x5566d5951cf0 13, 15 0, v0x5566d580dfd0_13; 1 drivers
v0x5566d5951cf0_14 .net/s v0x5566d5951cf0 14, 15 0, v0x5566d580dfd0_14; 1 drivers
v0x5566d5951cf0_15 .net/s v0x5566d5951cf0 15, 15 0, v0x5566d580dfd0_15; 1 drivers
v0x5566d5951cf0_16 .net/s v0x5566d5951cf0 16, 15 0, v0x5566d580dfd0_16; 1 drivers
v0x5566d5951cf0_17 .net/s v0x5566d5951cf0 17, 15 0, v0x5566d580dfd0_17; 1 drivers
v0x5566d5951cf0_18 .net/s v0x5566d5951cf0 18, 15 0, v0x5566d580dfd0_18; 1 drivers
v0x5566d5951cf0_19 .net/s v0x5566d5951cf0 19, 15 0, v0x5566d580dfd0_19; 1 drivers
v0x5566d5951cf0_20 .net/s v0x5566d5951cf0 20, 15 0, v0x5566d580dfd0_20; 1 drivers
v0x5566d5951cf0_21 .net/s v0x5566d5951cf0 21, 15 0, v0x5566d580dfd0_21; 1 drivers
v0x5566d5951cf0_22 .net/s v0x5566d5951cf0 22, 15 0, v0x5566d580dfd0_22; 1 drivers
v0x5566d5951cf0_23 .net/s v0x5566d5951cf0 23, 15 0, v0x5566d580dfd0_23; 1 drivers
v0x5566d5951cf0_24 .net/s v0x5566d5951cf0 24, 15 0, v0x5566d580dfd0_24; 1 drivers
v0x5566d5951cf0_25 .net/s v0x5566d5951cf0 25, 15 0, v0x5566d580dfd0_25; 1 drivers
v0x5566d5951cf0_26 .net/s v0x5566d5951cf0 26, 15 0, v0x5566d580dfd0_26; 1 drivers
v0x5566d5951cf0_27 .net/s v0x5566d5951cf0 27, 15 0, v0x5566d580dfd0_27; 1 drivers
v0x5566d5951cf0_28 .net/s v0x5566d5951cf0 28, 15 0, v0x5566d580dfd0_28; 1 drivers
v0x5566d5951cf0_29 .net/s v0x5566d5951cf0 29, 15 0, v0x5566d580dfd0_29; 1 drivers
v0x5566d5951cf0_30 .net/s v0x5566d5951cf0 30, 15 0, v0x5566d580dfd0_30; 1 drivers
v0x5566d5951cf0_31 .net/s v0x5566d5951cf0 31, 15 0, v0x5566d580dfd0_31; 1 drivers
v0x5566d5951cf0_32 .net/s v0x5566d5951cf0 32, 15 0, v0x5566d580dfd0_32; 1 drivers
v0x5566d5951cf0_33 .net/s v0x5566d5951cf0 33, 15 0, v0x5566d580dfd0_33; 1 drivers
v0x5566d5951cf0_34 .net/s v0x5566d5951cf0 34, 15 0, v0x5566d580dfd0_34; 1 drivers
v0x5566d5951cf0_35 .net/s v0x5566d5951cf0 35, 15 0, v0x5566d580dfd0_35; 1 drivers
v0x5566d5951cf0_36 .net/s v0x5566d5951cf0 36, 15 0, v0x5566d580dfd0_36; 1 drivers
v0x5566d5951cf0_37 .net/s v0x5566d5951cf0 37, 15 0, v0x5566d580dfd0_37; 1 drivers
v0x5566d5951cf0_38 .net/s v0x5566d5951cf0 38, 15 0, v0x5566d580dfd0_38; 1 drivers
v0x5566d5951cf0_39 .net/s v0x5566d5951cf0 39, 15 0, v0x5566d580dfd0_39; 1 drivers
v0x5566d5951cf0_40 .net/s v0x5566d5951cf0 40, 15 0, v0x5566d580dfd0_40; 1 drivers
v0x5566d5951cf0_41 .net/s v0x5566d5951cf0 41, 15 0, v0x5566d580dfd0_41; 1 drivers
v0x5566d5951cf0_42 .net/s v0x5566d5951cf0 42, 15 0, v0x5566d580dfd0_42; 1 drivers
v0x5566d5951cf0_43 .net/s v0x5566d5951cf0 43, 15 0, v0x5566d580dfd0_43; 1 drivers
v0x5566d5951cf0_44 .net/s v0x5566d5951cf0 44, 15 0, v0x5566d580dfd0_44; 1 drivers
v0x5566d5951cf0_45 .net/s v0x5566d5951cf0 45, 15 0, v0x5566d580dfd0_45; 1 drivers
v0x5566d5951cf0_46 .net/s v0x5566d5951cf0 46, 15 0, v0x5566d580dfd0_46; 1 drivers
v0x5566d5951cf0_47 .net/s v0x5566d5951cf0 47, 15 0, v0x5566d580dfd0_47; 1 drivers
v0x5566d5952540 .array "Kw", 8 0;
v0x5566d5952540_0 .net/s v0x5566d5952540 0, 15 0, v0x5566d595c5b0_0; 1 drivers
v0x5566d5952540_1 .net/s v0x5566d5952540 1, 15 0, v0x5566d595c5b0_1; 1 drivers
v0x5566d5952540_2 .net/s v0x5566d5952540 2, 15 0, v0x5566d595c5b0_2; 1 drivers
v0x5566d5952540_3 .net/s v0x5566d5952540 3, 15 0, v0x5566d595c5b0_3; 1 drivers
v0x5566d5952540_4 .net/s v0x5566d5952540 4, 15 0, v0x5566d595c5b0_4; 1 drivers
v0x5566d5952540_5 .net/s v0x5566d5952540 5, 15 0, v0x5566d595c5b0_5; 1 drivers
v0x5566d5952540_6 .net/s v0x5566d5952540 6, 15 0, v0x5566d595c5b0_6; 1 drivers
v0x5566d5952540_7 .net/s v0x5566d5952540 7, 15 0, v0x5566d595c5b0_7; 1 drivers
v0x5566d5952540_8 .net/s v0x5566d5952540 8, 15 0, v0x5566d595c5b0_8; 1 drivers
v0x5566d5952750 .array "Q_vector", 47 0;
v0x5566d5952750_0 .net/s v0x5566d5952750 0, 15 0, v0x5566d571f570_0; 1 drivers
v0x5566d5952750_1 .net/s v0x5566d5952750 1, 15 0, v0x5566d571f570_1; 1 drivers
v0x5566d5952750_2 .net/s v0x5566d5952750 2, 15 0, v0x5566d571f570_2; 1 drivers
v0x5566d5952750_3 .net/s v0x5566d5952750 3, 15 0, v0x5566d571f570_3; 1 drivers
v0x5566d5952750_4 .net/s v0x5566d5952750 4, 15 0, v0x5566d571f570_4; 1 drivers
v0x5566d5952750_5 .net/s v0x5566d5952750 5, 15 0, v0x5566d571f570_5; 1 drivers
v0x5566d5952750_6 .net/s v0x5566d5952750 6, 15 0, v0x5566d571f570_6; 1 drivers
v0x5566d5952750_7 .net/s v0x5566d5952750 7, 15 0, v0x5566d571f570_7; 1 drivers
v0x5566d5952750_8 .net/s v0x5566d5952750 8, 15 0, v0x5566d571f570_8; 1 drivers
v0x5566d5952750_9 .net/s v0x5566d5952750 9, 15 0, v0x5566d571f570_9; 1 drivers
v0x5566d5952750_10 .net/s v0x5566d5952750 10, 15 0, v0x5566d571f570_10; 1 drivers
v0x5566d5952750_11 .net/s v0x5566d5952750 11, 15 0, v0x5566d571f570_11; 1 drivers
v0x5566d5952750_12 .net/s v0x5566d5952750 12, 15 0, v0x5566d571f570_12; 1 drivers
v0x5566d5952750_13 .net/s v0x5566d5952750 13, 15 0, v0x5566d571f570_13; 1 drivers
v0x5566d5952750_14 .net/s v0x5566d5952750 14, 15 0, v0x5566d571f570_14; 1 drivers
v0x5566d5952750_15 .net/s v0x5566d5952750 15, 15 0, v0x5566d571f570_15; 1 drivers
v0x5566d5952750_16 .net/s v0x5566d5952750 16, 15 0, v0x5566d571f570_16; 1 drivers
v0x5566d5952750_17 .net/s v0x5566d5952750 17, 15 0, v0x5566d571f570_17; 1 drivers
v0x5566d5952750_18 .net/s v0x5566d5952750 18, 15 0, v0x5566d571f570_18; 1 drivers
v0x5566d5952750_19 .net/s v0x5566d5952750 19, 15 0, v0x5566d571f570_19; 1 drivers
v0x5566d5952750_20 .net/s v0x5566d5952750 20, 15 0, v0x5566d571f570_20; 1 drivers
v0x5566d5952750_21 .net/s v0x5566d5952750 21, 15 0, v0x5566d571f570_21; 1 drivers
v0x5566d5952750_22 .net/s v0x5566d5952750 22, 15 0, v0x5566d571f570_22; 1 drivers
v0x5566d5952750_23 .net/s v0x5566d5952750 23, 15 0, v0x5566d571f570_23; 1 drivers
v0x5566d5952750_24 .net/s v0x5566d5952750 24, 15 0, v0x5566d571f570_24; 1 drivers
v0x5566d5952750_25 .net/s v0x5566d5952750 25, 15 0, v0x5566d571f570_25; 1 drivers
v0x5566d5952750_26 .net/s v0x5566d5952750 26, 15 0, v0x5566d571f570_26; 1 drivers
v0x5566d5952750_27 .net/s v0x5566d5952750 27, 15 0, v0x5566d571f570_27; 1 drivers
v0x5566d5952750_28 .net/s v0x5566d5952750 28, 15 0, v0x5566d571f570_28; 1 drivers
v0x5566d5952750_29 .net/s v0x5566d5952750 29, 15 0, v0x5566d571f570_29; 1 drivers
v0x5566d5952750_30 .net/s v0x5566d5952750 30, 15 0, v0x5566d571f570_30; 1 drivers
v0x5566d5952750_31 .net/s v0x5566d5952750 31, 15 0, v0x5566d571f570_31; 1 drivers
v0x5566d5952750_32 .net/s v0x5566d5952750 32, 15 0, v0x5566d571f570_32; 1 drivers
v0x5566d5952750_33 .net/s v0x5566d5952750 33, 15 0, v0x5566d571f570_33; 1 drivers
v0x5566d5952750_34 .net/s v0x5566d5952750 34, 15 0, v0x5566d571f570_34; 1 drivers
v0x5566d5952750_35 .net/s v0x5566d5952750 35, 15 0, v0x5566d571f570_35; 1 drivers
v0x5566d5952750_36 .net/s v0x5566d5952750 36, 15 0, v0x5566d571f570_36; 1 drivers
v0x5566d5952750_37 .net/s v0x5566d5952750 37, 15 0, v0x5566d571f570_37; 1 drivers
v0x5566d5952750_38 .net/s v0x5566d5952750 38, 15 0, v0x5566d571f570_38; 1 drivers
v0x5566d5952750_39 .net/s v0x5566d5952750 39, 15 0, v0x5566d571f570_39; 1 drivers
v0x5566d5952750_40 .net/s v0x5566d5952750 40, 15 0, v0x5566d571f570_40; 1 drivers
v0x5566d5952750_41 .net/s v0x5566d5952750 41, 15 0, v0x5566d571f570_41; 1 drivers
v0x5566d5952750_42 .net/s v0x5566d5952750 42, 15 0, v0x5566d571f570_42; 1 drivers
v0x5566d5952750_43 .net/s v0x5566d5952750 43, 15 0, v0x5566d571f570_43; 1 drivers
v0x5566d5952750_44 .net/s v0x5566d5952750 44, 15 0, v0x5566d571f570_44; 1 drivers
v0x5566d5952750_45 .net/s v0x5566d5952750 45, 15 0, v0x5566d571f570_45; 1 drivers
v0x5566d5952750_46 .net/s v0x5566d5952750 46, 15 0, v0x5566d571f570_46; 1 drivers
v0x5566d5952750_47 .net/s v0x5566d5952750 47, 15 0, v0x5566d571f570_47; 1 drivers
v0x5566d5952fa0 .array "Qw", 8 0;
v0x5566d5952fa0_0 .net/s v0x5566d5952fa0 0, 15 0, v0x5566d595c650_0; 1 drivers
v0x5566d5952fa0_1 .net/s v0x5566d5952fa0 1, 15 0, v0x5566d595c650_1; 1 drivers
v0x5566d5952fa0_2 .net/s v0x5566d5952fa0 2, 15 0, v0x5566d595c650_2; 1 drivers
v0x5566d5952fa0_3 .net/s v0x5566d5952fa0 3, 15 0, v0x5566d595c650_3; 1 drivers
v0x5566d5952fa0_4 .net/s v0x5566d5952fa0 4, 15 0, v0x5566d595c650_4; 1 drivers
v0x5566d5952fa0_5 .net/s v0x5566d5952fa0 5, 15 0, v0x5566d595c650_5; 1 drivers
v0x5566d5952fa0_6 .net/s v0x5566d5952fa0 6, 15 0, v0x5566d595c650_6; 1 drivers
v0x5566d5952fa0_7 .net/s v0x5566d5952fa0 7, 15 0, v0x5566d595c650_7; 1 drivers
v0x5566d5952fa0_8 .net/s v0x5566d5952fa0 8, 15 0, v0x5566d595c650_8; 1 drivers
v0x5566d5953220 .array "V_vector", 47 0;
v0x5566d5953220_0 .net/s v0x5566d5953220 0, 15 0, v0x5566d5950bd0_0; 1 drivers
v0x5566d5953220_1 .net/s v0x5566d5953220 1, 15 0, v0x5566d5950bd0_1; 1 drivers
v0x5566d5953220_2 .net/s v0x5566d5953220 2, 15 0, v0x5566d5950bd0_2; 1 drivers
v0x5566d5953220_3 .net/s v0x5566d5953220 3, 15 0, v0x5566d5950bd0_3; 1 drivers
v0x5566d5953220_4 .net/s v0x5566d5953220 4, 15 0, v0x5566d5950bd0_4; 1 drivers
v0x5566d5953220_5 .net/s v0x5566d5953220 5, 15 0, v0x5566d5950bd0_5; 1 drivers
v0x5566d5953220_6 .net/s v0x5566d5953220 6, 15 0, v0x5566d5950bd0_6; 1 drivers
v0x5566d5953220_7 .net/s v0x5566d5953220 7, 15 0, v0x5566d5950bd0_7; 1 drivers
v0x5566d5953220_8 .net/s v0x5566d5953220 8, 15 0, v0x5566d5950bd0_8; 1 drivers
v0x5566d5953220_9 .net/s v0x5566d5953220 9, 15 0, v0x5566d5950bd0_9; 1 drivers
v0x5566d5953220_10 .net/s v0x5566d5953220 10, 15 0, v0x5566d5950bd0_10; 1 drivers
v0x5566d5953220_11 .net/s v0x5566d5953220 11, 15 0, v0x5566d5950bd0_11; 1 drivers
v0x5566d5953220_12 .net/s v0x5566d5953220 12, 15 0, v0x5566d5950bd0_12; 1 drivers
v0x5566d5953220_13 .net/s v0x5566d5953220 13, 15 0, v0x5566d5950bd0_13; 1 drivers
v0x5566d5953220_14 .net/s v0x5566d5953220 14, 15 0, v0x5566d5950bd0_14; 1 drivers
v0x5566d5953220_15 .net/s v0x5566d5953220 15, 15 0, v0x5566d5950bd0_15; 1 drivers
v0x5566d5953220_16 .net/s v0x5566d5953220 16, 15 0, v0x5566d5950bd0_16; 1 drivers
v0x5566d5953220_17 .net/s v0x5566d5953220 17, 15 0, v0x5566d5950bd0_17; 1 drivers
v0x5566d5953220_18 .net/s v0x5566d5953220 18, 15 0, v0x5566d5950bd0_18; 1 drivers
v0x5566d5953220_19 .net/s v0x5566d5953220 19, 15 0, v0x5566d5950bd0_19; 1 drivers
v0x5566d5953220_20 .net/s v0x5566d5953220 20, 15 0, v0x5566d5950bd0_20; 1 drivers
v0x5566d5953220_21 .net/s v0x5566d5953220 21, 15 0, v0x5566d5950bd0_21; 1 drivers
v0x5566d5953220_22 .net/s v0x5566d5953220 22, 15 0, v0x5566d5950bd0_22; 1 drivers
v0x5566d5953220_23 .net/s v0x5566d5953220 23, 15 0, v0x5566d5950bd0_23; 1 drivers
v0x5566d5953220_24 .net/s v0x5566d5953220 24, 15 0, v0x5566d5950bd0_24; 1 drivers
v0x5566d5953220_25 .net/s v0x5566d5953220 25, 15 0, v0x5566d5950bd0_25; 1 drivers
v0x5566d5953220_26 .net/s v0x5566d5953220 26, 15 0, v0x5566d5950bd0_26; 1 drivers
v0x5566d5953220_27 .net/s v0x5566d5953220 27, 15 0, v0x5566d5950bd0_27; 1 drivers
v0x5566d5953220_28 .net/s v0x5566d5953220 28, 15 0, v0x5566d5950bd0_28; 1 drivers
v0x5566d5953220_29 .net/s v0x5566d5953220 29, 15 0, v0x5566d5950bd0_29; 1 drivers
v0x5566d5953220_30 .net/s v0x5566d5953220 30, 15 0, v0x5566d5950bd0_30; 1 drivers
v0x5566d5953220_31 .net/s v0x5566d5953220 31, 15 0, v0x5566d5950bd0_31; 1 drivers
v0x5566d5953220_32 .net/s v0x5566d5953220 32, 15 0, v0x5566d5950bd0_32; 1 drivers
v0x5566d5953220_33 .net/s v0x5566d5953220 33, 15 0, v0x5566d5950bd0_33; 1 drivers
v0x5566d5953220_34 .net/s v0x5566d5953220 34, 15 0, v0x5566d5950bd0_34; 1 drivers
v0x5566d5953220_35 .net/s v0x5566d5953220 35, 15 0, v0x5566d5950bd0_35; 1 drivers
v0x5566d5953220_36 .net/s v0x5566d5953220 36, 15 0, v0x5566d5950bd0_36; 1 drivers
v0x5566d5953220_37 .net/s v0x5566d5953220 37, 15 0, v0x5566d5950bd0_37; 1 drivers
v0x5566d5953220_38 .net/s v0x5566d5953220 38, 15 0, v0x5566d5950bd0_38; 1 drivers
v0x5566d5953220_39 .net/s v0x5566d5953220 39, 15 0, v0x5566d5950bd0_39; 1 drivers
v0x5566d5953220_40 .net/s v0x5566d5953220 40, 15 0, v0x5566d5950bd0_40; 1 drivers
v0x5566d5953220_41 .net/s v0x5566d5953220 41, 15 0, v0x5566d5950bd0_41; 1 drivers
v0x5566d5953220_42 .net/s v0x5566d5953220 42, 15 0, v0x5566d5950bd0_42; 1 drivers
v0x5566d5953220_43 .net/s v0x5566d5953220 43, 15 0, v0x5566d5950bd0_43; 1 drivers
v0x5566d5953220_44 .net/s v0x5566d5953220 44, 15 0, v0x5566d5950bd0_44; 1 drivers
v0x5566d5953220_45 .net/s v0x5566d5953220 45, 15 0, v0x5566d5950bd0_45; 1 drivers
v0x5566d5953220_46 .net/s v0x5566d5953220 46, 15 0, v0x5566d5950bd0_46; 1 drivers
v0x5566d5953220_47 .net/s v0x5566d5953220 47, 15 0, v0x5566d5950bd0_47; 1 drivers
v0x5566d5953a70 .array "Vw", 8 0;
v0x5566d5953a70_0 .net/s v0x5566d5953a70 0, 15 0, v0x5566d595c740_0; 1 drivers
v0x5566d5953a70_1 .net/s v0x5566d5953a70 1, 15 0, v0x5566d595c740_1; 1 drivers
v0x5566d5953a70_2 .net/s v0x5566d5953a70 2, 15 0, v0x5566d595c740_2; 1 drivers
v0x5566d5953a70_3 .net/s v0x5566d5953a70 3, 15 0, v0x5566d595c740_3; 1 drivers
v0x5566d5953a70_4 .net/s v0x5566d5953a70 4, 15 0, v0x5566d595c740_4; 1 drivers
v0x5566d5953a70_5 .net/s v0x5566d5953a70 5, 15 0, v0x5566d595c740_5; 1 drivers
v0x5566d5953a70_6 .net/s v0x5566d5953a70 6, 15 0, v0x5566d595c740_6; 1 drivers
v0x5566d5953a70_7 .net/s v0x5566d5953a70 7, 15 0, v0x5566d595c740_7; 1 drivers
v0x5566d5953a70_8 .net/s v0x5566d5953a70 8, 15 0, v0x5566d595c740_8; 1 drivers
v0x5566d5953ca0 .array "attention_score", 255 0;
v0x5566d5953ca0_0 .net/s v0x5566d5953ca0 0, 15 0, L_0x5566d59a61a0; 1 drivers
v0x5566d5953ca0_1 .net/s v0x5566d5953ca0 1, 15 0, L_0x5566d59a6260; 1 drivers
v0x5566d5953ca0_2 .net/s v0x5566d5953ca0 2, 15 0, L_0x5566d59a6320; 1 drivers
v0x5566d5953ca0_3 .net/s v0x5566d5953ca0 3, 15 0, L_0x5566d59a63e0; 1 drivers
v0x5566d5953ca0_4 .net/s v0x5566d5953ca0 4, 15 0, L_0x5566d59a64a0; 1 drivers
v0x5566d5953ca0_5 .net/s v0x5566d5953ca0 5, 15 0, L_0x5566d59a6560; 1 drivers
v0x5566d5953ca0_6 .net/s v0x5566d5953ca0 6, 15 0, L_0x5566d59a6620; 1 drivers
v0x5566d5953ca0_7 .net/s v0x5566d5953ca0 7, 15 0, L_0x5566d59a66e0; 1 drivers
v0x5566d5953ca0_8 .net/s v0x5566d5953ca0 8, 15 0, L_0x5566d59a67a0; 1 drivers
v0x5566d5953ca0_9 .net/s v0x5566d5953ca0 9, 15 0, L_0x5566d59a6860; 1 drivers
v0x5566d5953ca0_10 .net/s v0x5566d5953ca0 10, 15 0, L_0x5566d59a6920; 1 drivers
v0x5566d5953ca0_11 .net/s v0x5566d5953ca0 11, 15 0, L_0x5566d59a69e0; 1 drivers
v0x5566d5953ca0_12 .net/s v0x5566d5953ca0 12, 15 0, L_0x5566d59a6aa0; 1 drivers
v0x5566d5953ca0_13 .net/s v0x5566d5953ca0 13, 15 0, L_0x5566d59a6b60; 1 drivers
v0x5566d5953ca0_14 .net/s v0x5566d5953ca0 14, 15 0, L_0x5566d59a6c20; 1 drivers
v0x5566d5953ca0_15 .net/s v0x5566d5953ca0 15, 15 0, L_0x5566d59a6ce0; 1 drivers
v0x5566d5953ca0_16 .net/s v0x5566d5953ca0 16, 15 0, L_0x5566d59a6da0; 1 drivers
v0x5566d5953ca0_17 .net/s v0x5566d5953ca0 17, 15 0, L_0x5566d59a6e60; 1 drivers
v0x5566d5953ca0_18 .net/s v0x5566d5953ca0 18, 15 0, L_0x5566d59a6f20; 1 drivers
v0x5566d5953ca0_19 .net/s v0x5566d5953ca0 19, 15 0, L_0x5566d59a6fe0; 1 drivers
v0x5566d5953ca0_20 .net/s v0x5566d5953ca0 20, 15 0, L_0x5566d59a82b0; 1 drivers
v0x5566d5953ca0_21 .net/s v0x5566d5953ca0 21, 15 0, L_0x5566d59a7230; 1 drivers
v0x5566d5953ca0_22 .net/s v0x5566d5953ca0 22, 15 0, L_0x5566d59a72f0; 1 drivers
v0x5566d5953ca0_23 .net/s v0x5566d5953ca0 23, 15 0, L_0x5566d59a73b0; 1 drivers
v0x5566d5953ca0_24 .net/s v0x5566d5953ca0 24, 15 0, L_0x5566d59a7470; 1 drivers
v0x5566d5953ca0_25 .net/s v0x5566d5953ca0 25, 15 0, L_0x5566d59a7530; 1 drivers
v0x5566d5953ca0_26 .net/s v0x5566d5953ca0 26, 15 0, L_0x5566d59a75f0; 1 drivers
v0x5566d5953ca0_27 .net/s v0x5566d5953ca0 27, 15 0, L_0x5566d59a76b0; 1 drivers
v0x5566d5953ca0_28 .net/s v0x5566d5953ca0 28, 15 0, L_0x5566d59a7770; 1 drivers
v0x5566d5953ca0_29 .net/s v0x5566d5953ca0 29, 15 0, L_0x5566d59a7830; 1 drivers
v0x5566d5953ca0_30 .net/s v0x5566d5953ca0 30, 15 0, L_0x5566d59a78f0; 1 drivers
v0x5566d5953ca0_31 .net/s v0x5566d5953ca0 31, 15 0, L_0x5566d59a79b0; 1 drivers
v0x5566d5953ca0_32 .net/s v0x5566d5953ca0 32, 15 0, L_0x5566d59a7a70; 1 drivers
v0x5566d5953ca0_33 .net/s v0x5566d5953ca0 33, 15 0, L_0x5566d59a7b30; 1 drivers
v0x5566d5953ca0_34 .net/s v0x5566d5953ca0 34, 15 0, L_0x5566d59a7bf0; 1 drivers
v0x5566d5953ca0_35 .net/s v0x5566d5953ca0 35, 15 0, L_0x5566d59a7cb0; 1 drivers
v0x5566d5953ca0_36 .net/s v0x5566d5953ca0 36, 15 0, L_0x5566d59a7d70; 1 drivers
v0x5566d5953ca0_37 .net/s v0x5566d5953ca0 37, 15 0, L_0x5566d59a7e30; 1 drivers
v0x5566d5953ca0_38 .net/s v0x5566d5953ca0 38, 15 0, L_0x5566d59a7ef0; 1 drivers
v0x5566d5953ca0_39 .net/s v0x5566d5953ca0 39, 15 0, L_0x5566d59a7fb0; 1 drivers
v0x5566d5953ca0_40 .net/s v0x5566d5953ca0 40, 15 0, L_0x5566d59a8070; 1 drivers
v0x5566d5953ca0_41 .net/s v0x5566d5953ca0 41, 15 0, L_0x5566d59a8130; 1 drivers
v0x5566d5953ca0_42 .net/s v0x5566d5953ca0 42, 15 0, L_0x5566d59a81f0; 1 drivers
v0x5566d5953ca0_43 .net/s v0x5566d5953ca0 43, 15 0, L_0x5566d59a94b0; 1 drivers
v0x5566d5953ca0_44 .net/s v0x5566d5953ca0 44, 15 0, L_0x5566d59a9570; 1 drivers
v0x5566d5953ca0_45 .net/s v0x5566d5953ca0 45, 15 0, L_0x5566d59a8370; 1 drivers
v0x5566d5953ca0_46 .net/s v0x5566d5953ca0 46, 15 0, L_0x5566d59a8430; 1 drivers
v0x5566d5953ca0_47 .net/s v0x5566d5953ca0 47, 15 0, L_0x5566d59a84f0; 1 drivers
v0x5566d5953ca0_48 .net/s v0x5566d5953ca0 48, 15 0, L_0x5566d59a85b0; 1 drivers
v0x5566d5953ca0_49 .net/s v0x5566d5953ca0 49, 15 0, L_0x5566d59a8670; 1 drivers
v0x5566d5953ca0_50 .net/s v0x5566d5953ca0 50, 15 0, L_0x5566d59a8730; 1 drivers
v0x5566d5953ca0_51 .net/s v0x5566d5953ca0 51, 15 0, L_0x5566d59a87f0; 1 drivers
v0x5566d5953ca0_52 .net/s v0x5566d5953ca0 52, 15 0, L_0x5566d59a88b0; 1 drivers
v0x5566d5953ca0_53 .net/s v0x5566d5953ca0 53, 15 0, L_0x5566d59a8970; 1 drivers
v0x5566d5953ca0_54 .net/s v0x5566d5953ca0 54, 15 0, L_0x5566d59a8a30; 1 drivers
v0x5566d5953ca0_55 .net/s v0x5566d5953ca0 55, 15 0, L_0x5566d59a8af0; 1 drivers
v0x5566d5953ca0_56 .net/s v0x5566d5953ca0 56, 15 0, L_0x5566d59a8bb0; 1 drivers
v0x5566d5953ca0_57 .net/s v0x5566d5953ca0 57, 15 0, L_0x5566d59a8c70; 1 drivers
v0x5566d5953ca0_58 .net/s v0x5566d5953ca0 58, 15 0, L_0x5566d59a8d30; 1 drivers
v0x5566d5953ca0_59 .net/s v0x5566d5953ca0 59, 15 0, L_0x5566d59a8df0; 1 drivers
v0x5566d5953ca0_60 .net/s v0x5566d5953ca0 60, 15 0, L_0x5566d59a8eb0; 1 drivers
v0x5566d5953ca0_61 .net/s v0x5566d5953ca0 61, 15 0, L_0x5566d59a8f70; 1 drivers
v0x5566d5953ca0_62 .net/s v0x5566d5953ca0 62, 15 0, L_0x5566d59a9030; 1 drivers
v0x5566d5953ca0_63 .net/s v0x5566d5953ca0 63, 15 0, L_0x5566d59a90f0; 1 drivers
v0x5566d5953ca0_64 .net/s v0x5566d5953ca0 64, 15 0, L_0x5566d59a91b0; 1 drivers
v0x5566d5953ca0_65 .net/s v0x5566d5953ca0 65, 15 0, L_0x5566d59a9270; 1 drivers
v0x5566d5953ca0_66 .net/s v0x5566d5953ca0 66, 15 0, L_0x5566d59a9330; 1 drivers
v0x5566d5953ca0_67 .net/s v0x5566d5953ca0 67, 15 0, L_0x5566d59a93f0; 1 drivers
v0x5566d5953ca0_68 .net/s v0x5566d5953ca0 68, 15 0, L_0x5566d59aa830; 1 drivers
v0x5566d5953ca0_69 .net/s v0x5566d5953ca0 69, 15 0, L_0x5566d59a9630; 1 drivers
v0x5566d5953ca0_70 .net/s v0x5566d5953ca0 70, 15 0, L_0x5566d59a96f0; 1 drivers
v0x5566d5953ca0_71 .net/s v0x5566d5953ca0 71, 15 0, L_0x5566d59a97b0; 1 drivers
v0x5566d5953ca0_72 .net/s v0x5566d5953ca0 72, 15 0, L_0x5566d59a9870; 1 drivers
v0x5566d5953ca0_73 .net/s v0x5566d5953ca0 73, 15 0, L_0x5566d59a9930; 1 drivers
v0x5566d5953ca0_74 .net/s v0x5566d5953ca0 74, 15 0, L_0x5566d59a99f0; 1 drivers
v0x5566d5953ca0_75 .net/s v0x5566d5953ca0 75, 15 0, L_0x5566d59a9ab0; 1 drivers
v0x5566d5953ca0_76 .net/s v0x5566d5953ca0 76, 15 0, L_0x5566d59a9b70; 1 drivers
v0x5566d5953ca0_77 .net/s v0x5566d5953ca0 77, 15 0, L_0x5566d59a9c30; 1 drivers
v0x5566d5953ca0_78 .net/s v0x5566d5953ca0 78, 15 0, L_0x5566d59a9cf0; 1 drivers
v0x5566d5953ca0_79 .net/s v0x5566d5953ca0 79, 15 0, L_0x5566d59a9db0; 1 drivers
v0x5566d5953ca0_80 .net/s v0x5566d5953ca0 80, 15 0, L_0x5566d59a9e70; 1 drivers
v0x5566d5953ca0_81 .net/s v0x5566d5953ca0 81, 15 0, L_0x5566d59a9f30; 1 drivers
v0x5566d5953ca0_82 .net/s v0x5566d5953ca0 82, 15 0, L_0x5566d59a9ff0; 1 drivers
v0x5566d5953ca0_83 .net/s v0x5566d5953ca0 83, 15 0, L_0x5566d59aa0b0; 1 drivers
v0x5566d5953ca0_84 .net/s v0x5566d5953ca0 84, 15 0, L_0x5566d59aa170; 1 drivers
v0x5566d5953ca0_85 .net/s v0x5566d5953ca0 85, 15 0, L_0x5566d59aa230; 1 drivers
v0x5566d5953ca0_86 .net/s v0x5566d5953ca0 86, 15 0, L_0x5566d59aa2f0; 1 drivers
v0x5566d5953ca0_87 .net/s v0x5566d5953ca0 87, 15 0, L_0x5566d59aa3b0; 1 drivers
v0x5566d5953ca0_88 .net/s v0x5566d5953ca0 88, 15 0, L_0x5566d59aa470; 1 drivers
v0x5566d5953ca0_89 .net/s v0x5566d5953ca0 89, 15 0, L_0x5566d59aa530; 1 drivers
v0x5566d5953ca0_90 .net/s v0x5566d5953ca0 90, 15 0, L_0x5566d59aa5f0; 1 drivers
v0x5566d5953ca0_91 .net/s v0x5566d5953ca0 91, 15 0, L_0x5566d59aa6b0; 1 drivers
v0x5566d5953ca0_92 .net/s v0x5566d5953ca0 92, 15 0, L_0x5566d59aa770; 1 drivers
v0x5566d5953ca0_93 .net/s v0x5566d5953ca0 93, 15 0, L_0x5566d59abbc0; 1 drivers
v0x5566d5953ca0_94 .net/s v0x5566d5953ca0 94, 15 0, L_0x5566d59abc80; 1 drivers
v0x5566d5953ca0_95 .net/s v0x5566d5953ca0 95, 15 0, L_0x5566d59aa8f0; 1 drivers
v0x5566d5953ca0_96 .net/s v0x5566d5953ca0 96, 15 0, L_0x5566d59aa9b0; 1 drivers
v0x5566d5953ca0_97 .net/s v0x5566d5953ca0 97, 15 0, L_0x5566d59aaa70; 1 drivers
v0x5566d5953ca0_98 .net/s v0x5566d5953ca0 98, 15 0, L_0x5566d59aab30; 1 drivers
v0x5566d5953ca0_99 .net/s v0x5566d5953ca0 99, 15 0, L_0x5566d59aabf0; 1 drivers
v0x5566d5953ca0_100 .net/s v0x5566d5953ca0 100, 15 0, L_0x5566d59aacb0; 1 drivers
v0x5566d5953ca0_101 .net/s v0x5566d5953ca0 101, 15 0, L_0x5566d59aad70; 1 drivers
v0x5566d5953ca0_102 .net/s v0x5566d5953ca0 102, 15 0, L_0x5566d59aae30; 1 drivers
v0x5566d5953ca0_103 .net/s v0x5566d5953ca0 103, 15 0, L_0x5566d59aaef0; 1 drivers
v0x5566d5953ca0_104 .net/s v0x5566d5953ca0 104, 15 0, L_0x5566d59aafb0; 1 drivers
v0x5566d5953ca0_105 .net/s v0x5566d5953ca0 105, 15 0, L_0x5566d59ab070; 1 drivers
v0x5566d5953ca0_106 .net/s v0x5566d5953ca0 106, 15 0, L_0x5566d59ab130; 1 drivers
v0x5566d5953ca0_107 .net/s v0x5566d5953ca0 107, 15 0, L_0x5566d59ab1f0; 1 drivers
v0x5566d5953ca0_108 .net/s v0x5566d5953ca0 108, 15 0, L_0x5566d59ab2b0; 1 drivers
v0x5566d5953ca0_109 .net/s v0x5566d5953ca0 109, 15 0, L_0x5566d59ab370; 1 drivers
v0x5566d5953ca0_110 .net/s v0x5566d5953ca0 110, 15 0, L_0x5566d59ab430; 1 drivers
v0x5566d5953ca0_111 .net/s v0x5566d5953ca0 111, 15 0, L_0x5566d59ab4f0; 1 drivers
v0x5566d5953ca0_112 .net/s v0x5566d5953ca0 112, 15 0, L_0x5566d59ab5b0; 1 drivers
v0x5566d5953ca0_113 .net/s v0x5566d5953ca0 113, 15 0, L_0x5566d59ab670; 1 drivers
v0x5566d5953ca0_114 .net/s v0x5566d5953ca0 114, 15 0, L_0x5566d59ab730; 1 drivers
v0x5566d5953ca0_115 .net/s v0x5566d5953ca0 115, 15 0, L_0x5566d59ab7f0; 1 drivers
v0x5566d5953ca0_116 .net/s v0x5566d5953ca0 116, 15 0, L_0x5566d59ab8b0; 1 drivers
v0x5566d5953ca0_117 .net/s v0x5566d5953ca0 117, 15 0, L_0x5566d59ab970; 1 drivers
v0x5566d5953ca0_118 .net/s v0x5566d5953ca0 118, 15 0, L_0x5566d59aba30; 1 drivers
v0x5566d5953ca0_119 .net/s v0x5566d5953ca0 119, 15 0, L_0x5566d59abaf0; 1 drivers
v0x5566d5953ca0_120 .net/s v0x5566d5953ca0 120, 15 0, L_0x5566d59ad0e0; 1 drivers
v0x5566d5953ca0_121 .net/s v0x5566d5953ca0 121, 15 0, L_0x5566d59abd40; 1 drivers
v0x5566d5953ca0_122 .net/s v0x5566d5953ca0 122, 15 0, L_0x5566d59abe00; 1 drivers
v0x5566d5953ca0_123 .net/s v0x5566d5953ca0 123, 15 0, L_0x5566d59abec0; 1 drivers
v0x5566d5953ca0_124 .net/s v0x5566d5953ca0 124, 15 0, L_0x5566d59abf80; 1 drivers
v0x5566d5953ca0_125 .net/s v0x5566d5953ca0 125, 15 0, L_0x5566d59ac040; 1 drivers
v0x5566d5953ca0_126 .net/s v0x5566d5953ca0 126, 15 0, L_0x5566d59ac100; 1 drivers
v0x5566d5953ca0_127 .net/s v0x5566d5953ca0 127, 15 0, L_0x5566d59ac1c0; 1 drivers
v0x5566d5953ca0_128 .net/s v0x5566d5953ca0 128, 15 0, L_0x5566d59ac280; 1 drivers
v0x5566d5953ca0_129 .net/s v0x5566d5953ca0 129, 15 0, L_0x5566d59ac340; 1 drivers
v0x5566d5953ca0_130 .net/s v0x5566d5953ca0 130, 15 0, L_0x5566d59ac400; 1 drivers
v0x5566d5953ca0_131 .net/s v0x5566d5953ca0 131, 15 0, L_0x5566d59ac4c0; 1 drivers
v0x5566d5953ca0_132 .net/s v0x5566d5953ca0 132, 15 0, L_0x5566d59ac580; 1 drivers
v0x5566d5953ca0_133 .net/s v0x5566d5953ca0 133, 15 0, L_0x5566d59ac640; 1 drivers
v0x5566d5953ca0_134 .net/s v0x5566d5953ca0 134, 15 0, L_0x5566d59ac700; 1 drivers
v0x5566d5953ca0_135 .net/s v0x5566d5953ca0 135, 15 0, L_0x5566d59ac7c0; 1 drivers
v0x5566d5953ca0_136 .net/s v0x5566d5953ca0 136, 15 0, L_0x5566d59ac880; 1 drivers
v0x5566d5953ca0_137 .net/s v0x5566d5953ca0 137, 15 0, L_0x5566d59ac940; 1 drivers
v0x5566d5953ca0_138 .net/s v0x5566d5953ca0 138, 15 0, L_0x5566d59aca00; 1 drivers
v0x5566d5953ca0_139 .net/s v0x5566d5953ca0 139, 15 0, L_0x5566d59acac0; 1 drivers
v0x5566d5953ca0_140 .net/s v0x5566d5953ca0 140, 15 0, L_0x5566d59acb80; 1 drivers
v0x5566d5953ca0_141 .net/s v0x5566d5953ca0 141, 15 0, L_0x5566d59acc40; 1 drivers
v0x5566d5953ca0_142 .net/s v0x5566d5953ca0 142, 15 0, L_0x5566d59acd00; 1 drivers
v0x5566d5953ca0_143 .net/s v0x5566d5953ca0 143, 15 0, L_0x5566d59acdc0; 1 drivers
v0x5566d5953ca0_144 .net/s v0x5566d5953ca0 144, 15 0, L_0x5566d59ace80; 1 drivers
v0x5566d5953ca0_145 .net/s v0x5566d5953ca0 145, 15 0, L_0x5566d59acf40; 1 drivers
v0x5566d5953ca0_146 .net/s v0x5566d5953ca0 146, 15 0, L_0x5566d59ad000; 1 drivers
v0x5566d5953ca0_147 .net/s v0x5566d5953ca0 147, 15 0, L_0x5566d59ae620; 1 drivers
v0x5566d5953ca0_148 .net/s v0x5566d5953ca0 148, 15 0, L_0x5566d59ae6e0; 1 drivers
v0x5566d5953ca0_149 .net/s v0x5566d5953ca0 149, 15 0, L_0x5566d59ad1a0; 1 drivers
v0x5566d5953ca0_150 .net/s v0x5566d5953ca0 150, 15 0, L_0x5566d59ad260; 1 drivers
v0x5566d5953ca0_151 .net/s v0x5566d5953ca0 151, 15 0, L_0x5566d59ad320; 1 drivers
v0x5566d5953ca0_152 .net/s v0x5566d5953ca0 152, 15 0, L_0x5566d59ad3e0; 1 drivers
v0x5566d5953ca0_153 .net/s v0x5566d5953ca0 153, 15 0, L_0x5566d59ad4a0; 1 drivers
v0x5566d5953ca0_154 .net/s v0x5566d5953ca0 154, 15 0, L_0x5566d59ad560; 1 drivers
v0x5566d5953ca0_155 .net/s v0x5566d5953ca0 155, 15 0, L_0x5566d59ad620; 1 drivers
v0x5566d5953ca0_156 .net/s v0x5566d5953ca0 156, 15 0, L_0x5566d59ad6e0; 1 drivers
v0x5566d5953ca0_157 .net/s v0x5566d5953ca0 157, 15 0, L_0x5566d59ad7a0; 1 drivers
v0x5566d5953ca0_158 .net/s v0x5566d5953ca0 158, 15 0, L_0x5566d59ad860; 1 drivers
v0x5566d5953ca0_159 .net/s v0x5566d5953ca0 159, 15 0, L_0x5566d59ad920; 1 drivers
v0x5566d5953ca0_160 .net/s v0x5566d5953ca0 160, 15 0, L_0x5566d59ad9e0; 1 drivers
v0x5566d5953ca0_161 .net/s v0x5566d5953ca0 161, 15 0, L_0x5566d59adaa0; 1 drivers
v0x5566d5953ca0_162 .net/s v0x5566d5953ca0 162, 15 0, L_0x5566d59adb60; 1 drivers
v0x5566d5953ca0_163 .net/s v0x5566d5953ca0 163, 15 0, L_0x5566d59adc20; 1 drivers
v0x5566d5953ca0_164 .net/s v0x5566d5953ca0 164, 15 0, L_0x5566d59adce0; 1 drivers
v0x5566d5953ca0_165 .net/s v0x5566d5953ca0 165, 15 0, L_0x5566d59adda0; 1 drivers
v0x5566d5953ca0_166 .net/s v0x5566d5953ca0 166, 15 0, L_0x5566d59ade60; 1 drivers
v0x5566d5953ca0_167 .net/s v0x5566d5953ca0 167, 15 0, L_0x5566d59adf20; 1 drivers
v0x5566d5953ca0_168 .net/s v0x5566d5953ca0 168, 15 0, L_0x5566d59adfe0; 1 drivers
v0x5566d5953ca0_169 .net/s v0x5566d5953ca0 169, 15 0, L_0x5566d59ae0a0; 1 drivers
v0x5566d5953ca0_170 .net/s v0x5566d5953ca0 170, 15 0, L_0x5566d59ae160; 1 drivers
v0x5566d5953ca0_171 .net/s v0x5566d5953ca0 171, 15 0, L_0x5566d59ae220; 1 drivers
v0x5566d5953ca0_172 .net/s v0x5566d5953ca0 172, 15 0, L_0x5566d59ae2e0; 1 drivers
v0x5566d5953ca0_173 .net/s v0x5566d5953ca0 173, 15 0, L_0x5566d59ae3a0; 1 drivers
v0x5566d5953ca0_174 .net/s v0x5566d5953ca0 174, 15 0, L_0x5566d59ae460; 1 drivers
v0x5566d5953ca0_175 .net/s v0x5566d5953ca0 175, 15 0, L_0x5566d59ae520; 1 drivers
v0x5566d5953ca0_176 .net/s v0x5566d5953ca0 176, 15 0, L_0x5566d59afd00; 1 drivers
v0x5566d5953ca0_177 .net/s v0x5566d5953ca0 177, 15 0, L_0x5566d59ae7a0; 1 drivers
v0x5566d5953ca0_178 .net/s v0x5566d5953ca0 178, 15 0, L_0x5566d59ae860; 1 drivers
v0x5566d5953ca0_179 .net/s v0x5566d5953ca0 179, 15 0, L_0x5566d59ae920; 1 drivers
v0x5566d5953ca0_180 .net/s v0x5566d5953ca0 180, 15 0, L_0x5566d59ae9e0; 1 drivers
v0x5566d5953ca0_181 .net/s v0x5566d5953ca0 181, 15 0, L_0x5566d59aeaa0; 1 drivers
v0x5566d5953ca0_182 .net/s v0x5566d5953ca0 182, 15 0, L_0x5566d59aeb60; 1 drivers
v0x5566d5953ca0_183 .net/s v0x5566d5953ca0 183, 15 0, L_0x5566d59aec20; 1 drivers
v0x5566d5953ca0_184 .net/s v0x5566d5953ca0 184, 15 0, L_0x5566d59aece0; 1 drivers
v0x5566d5953ca0_185 .net/s v0x5566d5953ca0 185, 15 0, L_0x5566d59aeda0; 1 drivers
v0x5566d5953ca0_186 .net/s v0x5566d5953ca0 186, 15 0, L_0x5566d59aee60; 1 drivers
v0x5566d5953ca0_187 .net/s v0x5566d5953ca0 187, 15 0, L_0x5566d59aef20; 1 drivers
v0x5566d5953ca0_188 .net/s v0x5566d5953ca0 188, 15 0, L_0x5566d59aefe0; 1 drivers
v0x5566d5953ca0_189 .net/s v0x5566d5953ca0 189, 15 0, L_0x5566d59af0a0; 1 drivers
v0x5566d5953ca0_190 .net/s v0x5566d5953ca0 190, 15 0, L_0x5566d59af160; 1 drivers
v0x5566d5953ca0_191 .net/s v0x5566d5953ca0 191, 15 0, L_0x5566d59af220; 1 drivers
v0x5566d5953ca0_192 .net/s v0x5566d5953ca0 192, 15 0, L_0x5566d59af2e0; 1 drivers
v0x5566d5953ca0_193 .net/s v0x5566d5953ca0 193, 15 0, L_0x5566d59af3a0; 1 drivers
v0x5566d5953ca0_194 .net/s v0x5566d5953ca0 194, 15 0, L_0x5566d59af460; 1 drivers
v0x5566d5953ca0_195 .net/s v0x5566d5953ca0 195, 15 0, L_0x5566d59af520; 1 drivers
v0x5566d5953ca0_196 .net/s v0x5566d5953ca0 196, 15 0, L_0x5566d59af5e0; 1 drivers
v0x5566d5953ca0_197 .net/s v0x5566d5953ca0 197, 15 0, L_0x5566d59af6a0; 1 drivers
v0x5566d5953ca0_198 .net/s v0x5566d5953ca0 198, 15 0, L_0x5566d59af760; 1 drivers
v0x5566d5953ca0_199 .net/s v0x5566d5953ca0 199, 15 0, L_0x5566d59af820; 1 drivers
v0x5566d5953ca0_200 .net/s v0x5566d5953ca0 200, 15 0, L_0x5566d59af8e0; 1 drivers
v0x5566d5953ca0_201 .net/s v0x5566d5953ca0 201, 15 0, L_0x5566d59af9a0; 1 drivers
v0x5566d5953ca0_202 .net/s v0x5566d5953ca0 202, 15 0, L_0x5566d59afa60; 1 drivers
v0x5566d5953ca0_203 .net/s v0x5566d5953ca0 203, 15 0, L_0x5566d59afb20; 1 drivers
v0x5566d5953ca0_204 .net/s v0x5566d5953ca0 204, 15 0, L_0x5566d59afbe0; 1 drivers
v0x5566d5953ca0_205 .net/s v0x5566d5953ca0 205, 15 0, L_0x5566d59b1410; 1 drivers
v0x5566d5953ca0_206 .net/s v0x5566d5953ca0 206, 15 0, L_0x5566d59b1480; 1 drivers
v0x5566d5953ca0_207 .net/s v0x5566d5953ca0 207, 15 0, L_0x5566d59afdc0; 1 drivers
v0x5566d5953ca0_208 .net/s v0x5566d5953ca0 208, 15 0, L_0x5566d59afe80; 1 drivers
v0x5566d5953ca0_209 .net/s v0x5566d5953ca0 209, 15 0, L_0x5566d59aff40; 1 drivers
v0x5566d5953ca0_210 .net/s v0x5566d5953ca0 210, 15 0, L_0x5566d59b0000; 1 drivers
v0x5566d5953ca0_211 .net/s v0x5566d5953ca0 211, 15 0, L_0x5566d59b00c0; 1 drivers
v0x5566d5953ca0_212 .net/s v0x5566d5953ca0 212, 15 0, L_0x5566d59b0180; 1 drivers
v0x5566d5953ca0_213 .net/s v0x5566d5953ca0 213, 15 0, L_0x5566d59b0240; 1 drivers
v0x5566d5953ca0_214 .net/s v0x5566d5953ca0 214, 15 0, L_0x5566d59b0300; 1 drivers
v0x5566d5953ca0_215 .net/s v0x5566d5953ca0 215, 15 0, L_0x5566d59b03c0; 1 drivers
v0x5566d5953ca0_216 .net/s v0x5566d5953ca0 216, 15 0, L_0x5566d59b0480; 1 drivers
v0x5566d5953ca0_217 .net/s v0x5566d5953ca0 217, 15 0, L_0x5566d59b0540; 1 drivers
v0x5566d5953ca0_218 .net/s v0x5566d5953ca0 218, 15 0, L_0x5566d59b0600; 1 drivers
v0x5566d5953ca0_219 .net/s v0x5566d5953ca0 219, 15 0, L_0x5566d59b06c0; 1 drivers
v0x5566d5953ca0_220 .net/s v0x5566d5953ca0 220, 15 0, L_0x5566d59b0780; 1 drivers
v0x5566d5953ca0_221 .net/s v0x5566d5953ca0 221, 15 0, L_0x5566d59b0840; 1 drivers
v0x5566d5953ca0_222 .net/s v0x5566d5953ca0 222, 15 0, L_0x5566d59b0900; 1 drivers
v0x5566d5953ca0_223 .net/s v0x5566d5953ca0 223, 15 0, L_0x5566d59b09c0; 1 drivers
v0x5566d5953ca0_224 .net/s v0x5566d5953ca0 224, 15 0, L_0x5566d59b0a80; 1 drivers
v0x5566d5953ca0_225 .net/s v0x5566d5953ca0 225, 15 0, L_0x5566d59b0b40; 1 drivers
v0x5566d5953ca0_226 .net/s v0x5566d5953ca0 226, 15 0, L_0x5566d59b0c00; 1 drivers
v0x5566d5953ca0_227 .net/s v0x5566d5953ca0 227, 15 0, L_0x5566d59b0cc0; 1 drivers
v0x5566d5953ca0_228 .net/s v0x5566d5953ca0 228, 15 0, L_0x5566d59b0d80; 1 drivers
v0x5566d5953ca0_229 .net/s v0x5566d5953ca0 229, 15 0, L_0x5566d59b0e40; 1 drivers
v0x5566d5953ca0_230 .net/s v0x5566d5953ca0 230, 15 0, L_0x5566d59b0f00; 1 drivers
v0x5566d5953ca0_231 .net/s v0x5566d5953ca0 231, 15 0, L_0x5566d59b0fc0; 1 drivers
v0x5566d5953ca0_232 .net/s v0x5566d5953ca0 232, 15 0, L_0x5566d59b1080; 1 drivers
v0x5566d5953ca0_233 .net/s v0x5566d5953ca0 233, 15 0, L_0x5566d59b1140; 1 drivers
v0x5566d5953ca0_234 .net/s v0x5566d5953ca0 234, 15 0, L_0x5566d59b1200; 1 drivers
v0x5566d5953ca0_235 .net/s v0x5566d5953ca0 235, 15 0, L_0x5566d59b12c0; 1 drivers
v0x5566d5953ca0_236 .net/s v0x5566d5953ca0 236, 15 0, L_0x5566d59b1380; 1 drivers
v0x5566d5953ca0_237 .net/s v0x5566d5953ca0 237, 15 0, L_0x5566d59b1540; 1 drivers
v0x5566d5953ca0_238 .net/s v0x5566d5953ca0 238, 15 0, L_0x5566d59b1600; 1 drivers
v0x5566d5953ca0_239 .net/s v0x5566d5953ca0 239, 15 0, L_0x5566d59b16c0; 1 drivers
v0x5566d5953ca0_240 .net/s v0x5566d5953ca0 240, 15 0, L_0x5566d59b1780; 1 drivers
v0x5566d5953ca0_241 .net/s v0x5566d5953ca0 241, 15 0, L_0x5566d59b1840; 1 drivers
v0x5566d5953ca0_242 .net/s v0x5566d5953ca0 242, 15 0, L_0x5566d59b1900; 1 drivers
v0x5566d5953ca0_243 .net/s v0x5566d5953ca0 243, 15 0, L_0x5566d59b19c0; 1 drivers
v0x5566d5953ca0_244 .net/s v0x5566d5953ca0 244, 15 0, L_0x5566d59b1a80; 1 drivers
v0x5566d5953ca0_245 .net/s v0x5566d5953ca0 245, 15 0, L_0x5566d59b1b40; 1 drivers
v0x5566d5953ca0_246 .net/s v0x5566d5953ca0 246, 15 0, L_0x5566d59b1c00; 1 drivers
v0x5566d5953ca0_247 .net/s v0x5566d5953ca0 247, 15 0, L_0x5566d59b1cc0; 1 drivers
v0x5566d5953ca0_248 .net/s v0x5566d5953ca0 248, 15 0, L_0x5566d59b1d80; 1 drivers
v0x5566d5953ca0_249 .net/s v0x5566d5953ca0 249, 15 0, L_0x5566d59b1e40; 1 drivers
v0x5566d5953ca0_250 .net/s v0x5566d5953ca0 250, 15 0, L_0x5566d59b1f00; 1 drivers
v0x5566d5953ca0_251 .net/s v0x5566d5953ca0 251, 15 0, L_0x5566d59b1fc0; 1 drivers
v0x5566d5953ca0_252 .net/s v0x5566d5953ca0 252, 15 0, L_0x5566d59b2080; 1 drivers
v0x5566d5953ca0_253 .net/s v0x5566d5953ca0 253, 15 0, L_0x5566d59b2140; 1 drivers
v0x5566d5953ca0_254 .net/s v0x5566d5953ca0 254, 15 0, L_0x5566d59b2200; 1 drivers
v0x5566d5953ca0_255 .net/s v0x5566d5953ca0 255, 15 0, L_0x5566d59b22c0; 1 drivers
v0x5566d5957330 .array "attention_weight_vector", 255 0;
v0x5566d5957330_0 .net/s v0x5566d5957330 0, 15 0, v0x5566d5947840_0; 1 drivers
v0x5566d5957330_1 .net/s v0x5566d5957330 1, 15 0, v0x5566d5947840_1; 1 drivers
v0x5566d5957330_2 .net/s v0x5566d5957330 2, 15 0, v0x5566d5947840_2; 1 drivers
v0x5566d5957330_3 .net/s v0x5566d5957330 3, 15 0, v0x5566d5947840_3; 1 drivers
v0x5566d5957330_4 .net/s v0x5566d5957330 4, 15 0, v0x5566d5947840_4; 1 drivers
v0x5566d5957330_5 .net/s v0x5566d5957330 5, 15 0, v0x5566d5947840_5; 1 drivers
v0x5566d5957330_6 .net/s v0x5566d5957330 6, 15 0, v0x5566d5947840_6; 1 drivers
v0x5566d5957330_7 .net/s v0x5566d5957330 7, 15 0, v0x5566d5947840_7; 1 drivers
v0x5566d5957330_8 .net/s v0x5566d5957330 8, 15 0, v0x5566d5947840_8; 1 drivers
v0x5566d5957330_9 .net/s v0x5566d5957330 9, 15 0, v0x5566d5947840_9; 1 drivers
v0x5566d5957330_10 .net/s v0x5566d5957330 10, 15 0, v0x5566d5947840_10; 1 drivers
v0x5566d5957330_11 .net/s v0x5566d5957330 11, 15 0, v0x5566d5947840_11; 1 drivers
v0x5566d5957330_12 .net/s v0x5566d5957330 12, 15 0, v0x5566d5947840_12; 1 drivers
v0x5566d5957330_13 .net/s v0x5566d5957330 13, 15 0, v0x5566d5947840_13; 1 drivers
v0x5566d5957330_14 .net/s v0x5566d5957330 14, 15 0, v0x5566d5947840_14; 1 drivers
v0x5566d5957330_15 .net/s v0x5566d5957330 15, 15 0, v0x5566d5947840_15; 1 drivers
v0x5566d5957330_16 .net/s v0x5566d5957330 16, 15 0, v0x5566d5947840_16; 1 drivers
v0x5566d5957330_17 .net/s v0x5566d5957330 17, 15 0, v0x5566d5947840_17; 1 drivers
v0x5566d5957330_18 .net/s v0x5566d5957330 18, 15 0, v0x5566d5947840_18; 1 drivers
v0x5566d5957330_19 .net/s v0x5566d5957330 19, 15 0, v0x5566d5947840_19; 1 drivers
v0x5566d5957330_20 .net/s v0x5566d5957330 20, 15 0, v0x5566d5947840_20; 1 drivers
v0x5566d5957330_21 .net/s v0x5566d5957330 21, 15 0, v0x5566d5947840_21; 1 drivers
v0x5566d5957330_22 .net/s v0x5566d5957330 22, 15 0, v0x5566d5947840_22; 1 drivers
v0x5566d5957330_23 .net/s v0x5566d5957330 23, 15 0, v0x5566d5947840_23; 1 drivers
v0x5566d5957330_24 .net/s v0x5566d5957330 24, 15 0, v0x5566d5947840_24; 1 drivers
v0x5566d5957330_25 .net/s v0x5566d5957330 25, 15 0, v0x5566d5947840_25; 1 drivers
v0x5566d5957330_26 .net/s v0x5566d5957330 26, 15 0, v0x5566d5947840_26; 1 drivers
v0x5566d5957330_27 .net/s v0x5566d5957330 27, 15 0, v0x5566d5947840_27; 1 drivers
v0x5566d5957330_28 .net/s v0x5566d5957330 28, 15 0, v0x5566d5947840_28; 1 drivers
v0x5566d5957330_29 .net/s v0x5566d5957330 29, 15 0, v0x5566d5947840_29; 1 drivers
v0x5566d5957330_30 .net/s v0x5566d5957330 30, 15 0, v0x5566d5947840_30; 1 drivers
v0x5566d5957330_31 .net/s v0x5566d5957330 31, 15 0, v0x5566d5947840_31; 1 drivers
v0x5566d5957330_32 .net/s v0x5566d5957330 32, 15 0, v0x5566d5947840_32; 1 drivers
v0x5566d5957330_33 .net/s v0x5566d5957330 33, 15 0, v0x5566d5947840_33; 1 drivers
v0x5566d5957330_34 .net/s v0x5566d5957330 34, 15 0, v0x5566d5947840_34; 1 drivers
v0x5566d5957330_35 .net/s v0x5566d5957330 35, 15 0, v0x5566d5947840_35; 1 drivers
v0x5566d5957330_36 .net/s v0x5566d5957330 36, 15 0, v0x5566d5947840_36; 1 drivers
v0x5566d5957330_37 .net/s v0x5566d5957330 37, 15 0, v0x5566d5947840_37; 1 drivers
v0x5566d5957330_38 .net/s v0x5566d5957330 38, 15 0, v0x5566d5947840_38; 1 drivers
v0x5566d5957330_39 .net/s v0x5566d5957330 39, 15 0, v0x5566d5947840_39; 1 drivers
v0x5566d5957330_40 .net/s v0x5566d5957330 40, 15 0, v0x5566d5947840_40; 1 drivers
v0x5566d5957330_41 .net/s v0x5566d5957330 41, 15 0, v0x5566d5947840_41; 1 drivers
v0x5566d5957330_42 .net/s v0x5566d5957330 42, 15 0, v0x5566d5947840_42; 1 drivers
v0x5566d5957330_43 .net/s v0x5566d5957330 43, 15 0, v0x5566d5947840_43; 1 drivers
v0x5566d5957330_44 .net/s v0x5566d5957330 44, 15 0, v0x5566d5947840_44; 1 drivers
v0x5566d5957330_45 .net/s v0x5566d5957330 45, 15 0, v0x5566d5947840_45; 1 drivers
v0x5566d5957330_46 .net/s v0x5566d5957330 46, 15 0, v0x5566d5947840_46; 1 drivers
v0x5566d5957330_47 .net/s v0x5566d5957330 47, 15 0, v0x5566d5947840_47; 1 drivers
v0x5566d5957330_48 .net/s v0x5566d5957330 48, 15 0, v0x5566d5947840_48; 1 drivers
v0x5566d5957330_49 .net/s v0x5566d5957330 49, 15 0, v0x5566d5947840_49; 1 drivers
v0x5566d5957330_50 .net/s v0x5566d5957330 50, 15 0, v0x5566d5947840_50; 1 drivers
v0x5566d5957330_51 .net/s v0x5566d5957330 51, 15 0, v0x5566d5947840_51; 1 drivers
v0x5566d5957330_52 .net/s v0x5566d5957330 52, 15 0, v0x5566d5947840_52; 1 drivers
v0x5566d5957330_53 .net/s v0x5566d5957330 53, 15 0, v0x5566d5947840_53; 1 drivers
v0x5566d5957330_54 .net/s v0x5566d5957330 54, 15 0, v0x5566d5947840_54; 1 drivers
v0x5566d5957330_55 .net/s v0x5566d5957330 55, 15 0, v0x5566d5947840_55; 1 drivers
v0x5566d5957330_56 .net/s v0x5566d5957330 56, 15 0, v0x5566d5947840_56; 1 drivers
v0x5566d5957330_57 .net/s v0x5566d5957330 57, 15 0, v0x5566d5947840_57; 1 drivers
v0x5566d5957330_58 .net/s v0x5566d5957330 58, 15 0, v0x5566d5947840_58; 1 drivers
v0x5566d5957330_59 .net/s v0x5566d5957330 59, 15 0, v0x5566d5947840_59; 1 drivers
v0x5566d5957330_60 .net/s v0x5566d5957330 60, 15 0, v0x5566d5947840_60; 1 drivers
v0x5566d5957330_61 .net/s v0x5566d5957330 61, 15 0, v0x5566d5947840_61; 1 drivers
v0x5566d5957330_62 .net/s v0x5566d5957330 62, 15 0, v0x5566d5947840_62; 1 drivers
v0x5566d5957330_63 .net/s v0x5566d5957330 63, 15 0, v0x5566d5947840_63; 1 drivers
v0x5566d5957330_64 .net/s v0x5566d5957330 64, 15 0, v0x5566d5947840_64; 1 drivers
v0x5566d5957330_65 .net/s v0x5566d5957330 65, 15 0, v0x5566d5947840_65; 1 drivers
v0x5566d5957330_66 .net/s v0x5566d5957330 66, 15 0, v0x5566d5947840_66; 1 drivers
v0x5566d5957330_67 .net/s v0x5566d5957330 67, 15 0, v0x5566d5947840_67; 1 drivers
v0x5566d5957330_68 .net/s v0x5566d5957330 68, 15 0, v0x5566d5947840_68; 1 drivers
v0x5566d5957330_69 .net/s v0x5566d5957330 69, 15 0, v0x5566d5947840_69; 1 drivers
v0x5566d5957330_70 .net/s v0x5566d5957330 70, 15 0, v0x5566d5947840_70; 1 drivers
v0x5566d5957330_71 .net/s v0x5566d5957330 71, 15 0, v0x5566d5947840_71; 1 drivers
v0x5566d5957330_72 .net/s v0x5566d5957330 72, 15 0, v0x5566d5947840_72; 1 drivers
v0x5566d5957330_73 .net/s v0x5566d5957330 73, 15 0, v0x5566d5947840_73; 1 drivers
v0x5566d5957330_74 .net/s v0x5566d5957330 74, 15 0, v0x5566d5947840_74; 1 drivers
v0x5566d5957330_75 .net/s v0x5566d5957330 75, 15 0, v0x5566d5947840_75; 1 drivers
v0x5566d5957330_76 .net/s v0x5566d5957330 76, 15 0, v0x5566d5947840_76; 1 drivers
v0x5566d5957330_77 .net/s v0x5566d5957330 77, 15 0, v0x5566d5947840_77; 1 drivers
v0x5566d5957330_78 .net/s v0x5566d5957330 78, 15 0, v0x5566d5947840_78; 1 drivers
v0x5566d5957330_79 .net/s v0x5566d5957330 79, 15 0, v0x5566d5947840_79; 1 drivers
v0x5566d5957330_80 .net/s v0x5566d5957330 80, 15 0, v0x5566d5947840_80; 1 drivers
v0x5566d5957330_81 .net/s v0x5566d5957330 81, 15 0, v0x5566d5947840_81; 1 drivers
v0x5566d5957330_82 .net/s v0x5566d5957330 82, 15 0, v0x5566d5947840_82; 1 drivers
v0x5566d5957330_83 .net/s v0x5566d5957330 83, 15 0, v0x5566d5947840_83; 1 drivers
v0x5566d5957330_84 .net/s v0x5566d5957330 84, 15 0, v0x5566d5947840_84; 1 drivers
v0x5566d5957330_85 .net/s v0x5566d5957330 85, 15 0, v0x5566d5947840_85; 1 drivers
v0x5566d5957330_86 .net/s v0x5566d5957330 86, 15 0, v0x5566d5947840_86; 1 drivers
v0x5566d5957330_87 .net/s v0x5566d5957330 87, 15 0, v0x5566d5947840_87; 1 drivers
v0x5566d5957330_88 .net/s v0x5566d5957330 88, 15 0, v0x5566d5947840_88; 1 drivers
v0x5566d5957330_89 .net/s v0x5566d5957330 89, 15 0, v0x5566d5947840_89; 1 drivers
v0x5566d5957330_90 .net/s v0x5566d5957330 90, 15 0, v0x5566d5947840_90; 1 drivers
v0x5566d5957330_91 .net/s v0x5566d5957330 91, 15 0, v0x5566d5947840_91; 1 drivers
v0x5566d5957330_92 .net/s v0x5566d5957330 92, 15 0, v0x5566d5947840_92; 1 drivers
v0x5566d5957330_93 .net/s v0x5566d5957330 93, 15 0, v0x5566d5947840_93; 1 drivers
v0x5566d5957330_94 .net/s v0x5566d5957330 94, 15 0, v0x5566d5947840_94; 1 drivers
v0x5566d5957330_95 .net/s v0x5566d5957330 95, 15 0, v0x5566d5947840_95; 1 drivers
v0x5566d5957330_96 .net/s v0x5566d5957330 96, 15 0, v0x5566d5947840_96; 1 drivers
v0x5566d5957330_97 .net/s v0x5566d5957330 97, 15 0, v0x5566d5947840_97; 1 drivers
v0x5566d5957330_98 .net/s v0x5566d5957330 98, 15 0, v0x5566d5947840_98; 1 drivers
v0x5566d5957330_99 .net/s v0x5566d5957330 99, 15 0, v0x5566d5947840_99; 1 drivers
v0x5566d5957330_100 .net/s v0x5566d5957330 100, 15 0, v0x5566d5947840_100; 1 drivers
v0x5566d5957330_101 .net/s v0x5566d5957330 101, 15 0, v0x5566d5947840_101; 1 drivers
v0x5566d5957330_102 .net/s v0x5566d5957330 102, 15 0, v0x5566d5947840_102; 1 drivers
v0x5566d5957330_103 .net/s v0x5566d5957330 103, 15 0, v0x5566d5947840_103; 1 drivers
v0x5566d5957330_104 .net/s v0x5566d5957330 104, 15 0, v0x5566d5947840_104; 1 drivers
v0x5566d5957330_105 .net/s v0x5566d5957330 105, 15 0, v0x5566d5947840_105; 1 drivers
v0x5566d5957330_106 .net/s v0x5566d5957330 106, 15 0, v0x5566d5947840_106; 1 drivers
v0x5566d5957330_107 .net/s v0x5566d5957330 107, 15 0, v0x5566d5947840_107; 1 drivers
v0x5566d5957330_108 .net/s v0x5566d5957330 108, 15 0, v0x5566d5947840_108; 1 drivers
v0x5566d5957330_109 .net/s v0x5566d5957330 109, 15 0, v0x5566d5947840_109; 1 drivers
v0x5566d5957330_110 .net/s v0x5566d5957330 110, 15 0, v0x5566d5947840_110; 1 drivers
v0x5566d5957330_111 .net/s v0x5566d5957330 111, 15 0, v0x5566d5947840_111; 1 drivers
v0x5566d5957330_112 .net/s v0x5566d5957330 112, 15 0, v0x5566d5947840_112; 1 drivers
v0x5566d5957330_113 .net/s v0x5566d5957330 113, 15 0, v0x5566d5947840_113; 1 drivers
v0x5566d5957330_114 .net/s v0x5566d5957330 114, 15 0, v0x5566d5947840_114; 1 drivers
v0x5566d5957330_115 .net/s v0x5566d5957330 115, 15 0, v0x5566d5947840_115; 1 drivers
v0x5566d5957330_116 .net/s v0x5566d5957330 116, 15 0, v0x5566d5947840_116; 1 drivers
v0x5566d5957330_117 .net/s v0x5566d5957330 117, 15 0, v0x5566d5947840_117; 1 drivers
v0x5566d5957330_118 .net/s v0x5566d5957330 118, 15 0, v0x5566d5947840_118; 1 drivers
v0x5566d5957330_119 .net/s v0x5566d5957330 119, 15 0, v0x5566d5947840_119; 1 drivers
v0x5566d5957330_120 .net/s v0x5566d5957330 120, 15 0, v0x5566d5947840_120; 1 drivers
v0x5566d5957330_121 .net/s v0x5566d5957330 121, 15 0, v0x5566d5947840_121; 1 drivers
v0x5566d5957330_122 .net/s v0x5566d5957330 122, 15 0, v0x5566d5947840_122; 1 drivers
v0x5566d5957330_123 .net/s v0x5566d5957330 123, 15 0, v0x5566d5947840_123; 1 drivers
v0x5566d5957330_124 .net/s v0x5566d5957330 124, 15 0, v0x5566d5947840_124; 1 drivers
v0x5566d5957330_125 .net/s v0x5566d5957330 125, 15 0, v0x5566d5947840_125; 1 drivers
v0x5566d5957330_126 .net/s v0x5566d5957330 126, 15 0, v0x5566d5947840_126; 1 drivers
v0x5566d5957330_127 .net/s v0x5566d5957330 127, 15 0, v0x5566d5947840_127; 1 drivers
v0x5566d5957330_128 .net/s v0x5566d5957330 128, 15 0, v0x5566d5947840_128; 1 drivers
v0x5566d5957330_129 .net/s v0x5566d5957330 129, 15 0, v0x5566d5947840_129; 1 drivers
v0x5566d5957330_130 .net/s v0x5566d5957330 130, 15 0, v0x5566d5947840_130; 1 drivers
v0x5566d5957330_131 .net/s v0x5566d5957330 131, 15 0, v0x5566d5947840_131; 1 drivers
v0x5566d5957330_132 .net/s v0x5566d5957330 132, 15 0, v0x5566d5947840_132; 1 drivers
v0x5566d5957330_133 .net/s v0x5566d5957330 133, 15 0, v0x5566d5947840_133; 1 drivers
v0x5566d5957330_134 .net/s v0x5566d5957330 134, 15 0, v0x5566d5947840_134; 1 drivers
v0x5566d5957330_135 .net/s v0x5566d5957330 135, 15 0, v0x5566d5947840_135; 1 drivers
v0x5566d5957330_136 .net/s v0x5566d5957330 136, 15 0, v0x5566d5947840_136; 1 drivers
v0x5566d5957330_137 .net/s v0x5566d5957330 137, 15 0, v0x5566d5947840_137; 1 drivers
v0x5566d5957330_138 .net/s v0x5566d5957330 138, 15 0, v0x5566d5947840_138; 1 drivers
v0x5566d5957330_139 .net/s v0x5566d5957330 139, 15 0, v0x5566d5947840_139; 1 drivers
v0x5566d5957330_140 .net/s v0x5566d5957330 140, 15 0, v0x5566d5947840_140; 1 drivers
v0x5566d5957330_141 .net/s v0x5566d5957330 141, 15 0, v0x5566d5947840_141; 1 drivers
v0x5566d5957330_142 .net/s v0x5566d5957330 142, 15 0, v0x5566d5947840_142; 1 drivers
v0x5566d5957330_143 .net/s v0x5566d5957330 143, 15 0, v0x5566d5947840_143; 1 drivers
v0x5566d5957330_144 .net/s v0x5566d5957330 144, 15 0, v0x5566d5947840_144; 1 drivers
v0x5566d5957330_145 .net/s v0x5566d5957330 145, 15 0, v0x5566d5947840_145; 1 drivers
v0x5566d5957330_146 .net/s v0x5566d5957330 146, 15 0, v0x5566d5947840_146; 1 drivers
v0x5566d5957330_147 .net/s v0x5566d5957330 147, 15 0, v0x5566d5947840_147; 1 drivers
v0x5566d5957330_148 .net/s v0x5566d5957330 148, 15 0, v0x5566d5947840_148; 1 drivers
v0x5566d5957330_149 .net/s v0x5566d5957330 149, 15 0, v0x5566d5947840_149; 1 drivers
v0x5566d5957330_150 .net/s v0x5566d5957330 150, 15 0, v0x5566d5947840_150; 1 drivers
v0x5566d5957330_151 .net/s v0x5566d5957330 151, 15 0, v0x5566d5947840_151; 1 drivers
v0x5566d5957330_152 .net/s v0x5566d5957330 152, 15 0, v0x5566d5947840_152; 1 drivers
v0x5566d5957330_153 .net/s v0x5566d5957330 153, 15 0, v0x5566d5947840_153; 1 drivers
v0x5566d5957330_154 .net/s v0x5566d5957330 154, 15 0, v0x5566d5947840_154; 1 drivers
v0x5566d5957330_155 .net/s v0x5566d5957330 155, 15 0, v0x5566d5947840_155; 1 drivers
v0x5566d5957330_156 .net/s v0x5566d5957330 156, 15 0, v0x5566d5947840_156; 1 drivers
v0x5566d5957330_157 .net/s v0x5566d5957330 157, 15 0, v0x5566d5947840_157; 1 drivers
v0x5566d5957330_158 .net/s v0x5566d5957330 158, 15 0, v0x5566d5947840_158; 1 drivers
v0x5566d5957330_159 .net/s v0x5566d5957330 159, 15 0, v0x5566d5947840_159; 1 drivers
v0x5566d5957330_160 .net/s v0x5566d5957330 160, 15 0, v0x5566d5947840_160; 1 drivers
v0x5566d5957330_161 .net/s v0x5566d5957330 161, 15 0, v0x5566d5947840_161; 1 drivers
v0x5566d5957330_162 .net/s v0x5566d5957330 162, 15 0, v0x5566d5947840_162; 1 drivers
v0x5566d5957330_163 .net/s v0x5566d5957330 163, 15 0, v0x5566d5947840_163; 1 drivers
v0x5566d5957330_164 .net/s v0x5566d5957330 164, 15 0, v0x5566d5947840_164; 1 drivers
v0x5566d5957330_165 .net/s v0x5566d5957330 165, 15 0, v0x5566d5947840_165; 1 drivers
v0x5566d5957330_166 .net/s v0x5566d5957330 166, 15 0, v0x5566d5947840_166; 1 drivers
v0x5566d5957330_167 .net/s v0x5566d5957330 167, 15 0, v0x5566d5947840_167; 1 drivers
v0x5566d5957330_168 .net/s v0x5566d5957330 168, 15 0, v0x5566d5947840_168; 1 drivers
v0x5566d5957330_169 .net/s v0x5566d5957330 169, 15 0, v0x5566d5947840_169; 1 drivers
v0x5566d5957330_170 .net/s v0x5566d5957330 170, 15 0, v0x5566d5947840_170; 1 drivers
v0x5566d5957330_171 .net/s v0x5566d5957330 171, 15 0, v0x5566d5947840_171; 1 drivers
v0x5566d5957330_172 .net/s v0x5566d5957330 172, 15 0, v0x5566d5947840_172; 1 drivers
v0x5566d5957330_173 .net/s v0x5566d5957330 173, 15 0, v0x5566d5947840_173; 1 drivers
v0x5566d5957330_174 .net/s v0x5566d5957330 174, 15 0, v0x5566d5947840_174; 1 drivers
v0x5566d5957330_175 .net/s v0x5566d5957330 175, 15 0, v0x5566d5947840_175; 1 drivers
v0x5566d5957330_176 .net/s v0x5566d5957330 176, 15 0, v0x5566d5947840_176; 1 drivers
v0x5566d5957330_177 .net/s v0x5566d5957330 177, 15 0, v0x5566d5947840_177; 1 drivers
v0x5566d5957330_178 .net/s v0x5566d5957330 178, 15 0, v0x5566d5947840_178; 1 drivers
v0x5566d5957330_179 .net/s v0x5566d5957330 179, 15 0, v0x5566d5947840_179; 1 drivers
v0x5566d5957330_180 .net/s v0x5566d5957330 180, 15 0, v0x5566d5947840_180; 1 drivers
v0x5566d5957330_181 .net/s v0x5566d5957330 181, 15 0, v0x5566d5947840_181; 1 drivers
v0x5566d5957330_182 .net/s v0x5566d5957330 182, 15 0, v0x5566d5947840_182; 1 drivers
v0x5566d5957330_183 .net/s v0x5566d5957330 183, 15 0, v0x5566d5947840_183; 1 drivers
v0x5566d5957330_184 .net/s v0x5566d5957330 184, 15 0, v0x5566d5947840_184; 1 drivers
v0x5566d5957330_185 .net/s v0x5566d5957330 185, 15 0, v0x5566d5947840_185; 1 drivers
v0x5566d5957330_186 .net/s v0x5566d5957330 186, 15 0, v0x5566d5947840_186; 1 drivers
v0x5566d5957330_187 .net/s v0x5566d5957330 187, 15 0, v0x5566d5947840_187; 1 drivers
v0x5566d5957330_188 .net/s v0x5566d5957330 188, 15 0, v0x5566d5947840_188; 1 drivers
v0x5566d5957330_189 .net/s v0x5566d5957330 189, 15 0, v0x5566d5947840_189; 1 drivers
v0x5566d5957330_190 .net/s v0x5566d5957330 190, 15 0, v0x5566d5947840_190; 1 drivers
v0x5566d5957330_191 .net/s v0x5566d5957330 191, 15 0, v0x5566d5947840_191; 1 drivers
v0x5566d5957330_192 .net/s v0x5566d5957330 192, 15 0, v0x5566d5947840_192; 1 drivers
v0x5566d5957330_193 .net/s v0x5566d5957330 193, 15 0, v0x5566d5947840_193; 1 drivers
v0x5566d5957330_194 .net/s v0x5566d5957330 194, 15 0, v0x5566d5947840_194; 1 drivers
v0x5566d5957330_195 .net/s v0x5566d5957330 195, 15 0, v0x5566d5947840_195; 1 drivers
v0x5566d5957330_196 .net/s v0x5566d5957330 196, 15 0, v0x5566d5947840_196; 1 drivers
v0x5566d5957330_197 .net/s v0x5566d5957330 197, 15 0, v0x5566d5947840_197; 1 drivers
v0x5566d5957330_198 .net/s v0x5566d5957330 198, 15 0, v0x5566d5947840_198; 1 drivers
v0x5566d5957330_199 .net/s v0x5566d5957330 199, 15 0, v0x5566d5947840_199; 1 drivers
v0x5566d5957330_200 .net/s v0x5566d5957330 200, 15 0, v0x5566d5947840_200; 1 drivers
v0x5566d5957330_201 .net/s v0x5566d5957330 201, 15 0, v0x5566d5947840_201; 1 drivers
v0x5566d5957330_202 .net/s v0x5566d5957330 202, 15 0, v0x5566d5947840_202; 1 drivers
v0x5566d5957330_203 .net/s v0x5566d5957330 203, 15 0, v0x5566d5947840_203; 1 drivers
v0x5566d5957330_204 .net/s v0x5566d5957330 204, 15 0, v0x5566d5947840_204; 1 drivers
v0x5566d5957330_205 .net/s v0x5566d5957330 205, 15 0, v0x5566d5947840_205; 1 drivers
v0x5566d5957330_206 .net/s v0x5566d5957330 206, 15 0, v0x5566d5947840_206; 1 drivers
v0x5566d5957330_207 .net/s v0x5566d5957330 207, 15 0, v0x5566d5947840_207; 1 drivers
v0x5566d5957330_208 .net/s v0x5566d5957330 208, 15 0, v0x5566d5947840_208; 1 drivers
v0x5566d5957330_209 .net/s v0x5566d5957330 209, 15 0, v0x5566d5947840_209; 1 drivers
v0x5566d5957330_210 .net/s v0x5566d5957330 210, 15 0, v0x5566d5947840_210; 1 drivers
v0x5566d5957330_211 .net/s v0x5566d5957330 211, 15 0, v0x5566d5947840_211; 1 drivers
v0x5566d5957330_212 .net/s v0x5566d5957330 212, 15 0, v0x5566d5947840_212; 1 drivers
v0x5566d5957330_213 .net/s v0x5566d5957330 213, 15 0, v0x5566d5947840_213; 1 drivers
v0x5566d5957330_214 .net/s v0x5566d5957330 214, 15 0, v0x5566d5947840_214; 1 drivers
v0x5566d5957330_215 .net/s v0x5566d5957330 215, 15 0, v0x5566d5947840_215; 1 drivers
v0x5566d5957330_216 .net/s v0x5566d5957330 216, 15 0, v0x5566d5947840_216; 1 drivers
v0x5566d5957330_217 .net/s v0x5566d5957330 217, 15 0, v0x5566d5947840_217; 1 drivers
v0x5566d5957330_218 .net/s v0x5566d5957330 218, 15 0, v0x5566d5947840_218; 1 drivers
v0x5566d5957330_219 .net/s v0x5566d5957330 219, 15 0, v0x5566d5947840_219; 1 drivers
v0x5566d5957330_220 .net/s v0x5566d5957330 220, 15 0, v0x5566d5947840_220; 1 drivers
v0x5566d5957330_221 .net/s v0x5566d5957330 221, 15 0, v0x5566d5947840_221; 1 drivers
v0x5566d5957330_222 .net/s v0x5566d5957330 222, 15 0, v0x5566d5947840_222; 1 drivers
v0x5566d5957330_223 .net/s v0x5566d5957330 223, 15 0, v0x5566d5947840_223; 1 drivers
v0x5566d5957330_224 .net/s v0x5566d5957330 224, 15 0, v0x5566d5947840_224; 1 drivers
v0x5566d5957330_225 .net/s v0x5566d5957330 225, 15 0, v0x5566d5947840_225; 1 drivers
v0x5566d5957330_226 .net/s v0x5566d5957330 226, 15 0, v0x5566d5947840_226; 1 drivers
v0x5566d5957330_227 .net/s v0x5566d5957330 227, 15 0, v0x5566d5947840_227; 1 drivers
v0x5566d5957330_228 .net/s v0x5566d5957330 228, 15 0, v0x5566d5947840_228; 1 drivers
v0x5566d5957330_229 .net/s v0x5566d5957330 229, 15 0, v0x5566d5947840_229; 1 drivers
v0x5566d5957330_230 .net/s v0x5566d5957330 230, 15 0, v0x5566d5947840_230; 1 drivers
v0x5566d5957330_231 .net/s v0x5566d5957330 231, 15 0, v0x5566d5947840_231; 1 drivers
v0x5566d5957330_232 .net/s v0x5566d5957330 232, 15 0, v0x5566d5947840_232; 1 drivers
v0x5566d5957330_233 .net/s v0x5566d5957330 233, 15 0, v0x5566d5947840_233; 1 drivers
v0x5566d5957330_234 .net/s v0x5566d5957330 234, 15 0, v0x5566d5947840_234; 1 drivers
v0x5566d5957330_235 .net/s v0x5566d5957330 235, 15 0, v0x5566d5947840_235; 1 drivers
v0x5566d5957330_236 .net/s v0x5566d5957330 236, 15 0, v0x5566d5947840_236; 1 drivers
v0x5566d5957330_237 .net/s v0x5566d5957330 237, 15 0, v0x5566d5947840_237; 1 drivers
v0x5566d5957330_238 .net/s v0x5566d5957330 238, 15 0, v0x5566d5947840_238; 1 drivers
v0x5566d5957330_239 .net/s v0x5566d5957330 239, 15 0, v0x5566d5947840_239; 1 drivers
v0x5566d5957330_240 .net/s v0x5566d5957330 240, 15 0, v0x5566d5947840_240; 1 drivers
v0x5566d5957330_241 .net/s v0x5566d5957330 241, 15 0, v0x5566d5947840_241; 1 drivers
v0x5566d5957330_242 .net/s v0x5566d5957330 242, 15 0, v0x5566d5947840_242; 1 drivers
v0x5566d5957330_243 .net/s v0x5566d5957330 243, 15 0, v0x5566d5947840_243; 1 drivers
v0x5566d5957330_244 .net/s v0x5566d5957330 244, 15 0, v0x5566d5947840_244; 1 drivers
v0x5566d5957330_245 .net/s v0x5566d5957330 245, 15 0, v0x5566d5947840_245; 1 drivers
v0x5566d5957330_246 .net/s v0x5566d5957330 246, 15 0, v0x5566d5947840_246; 1 drivers
v0x5566d5957330_247 .net/s v0x5566d5957330 247, 15 0, v0x5566d5947840_247; 1 drivers
v0x5566d5957330_248 .net/s v0x5566d5957330 248, 15 0, v0x5566d5947840_248; 1 drivers
v0x5566d5957330_249 .net/s v0x5566d5957330 249, 15 0, v0x5566d5947840_249; 1 drivers
v0x5566d5957330_250 .net/s v0x5566d5957330 250, 15 0, v0x5566d5947840_250; 1 drivers
v0x5566d5957330_251 .net/s v0x5566d5957330 251, 15 0, v0x5566d5947840_251; 1 drivers
v0x5566d5957330_252 .net/s v0x5566d5957330 252, 15 0, v0x5566d5947840_252; 1 drivers
v0x5566d5957330_253 .net/s v0x5566d5957330 253, 15 0, v0x5566d5947840_253; 1 drivers
v0x5566d5957330_254 .net/s v0x5566d5957330 254, 15 0, v0x5566d5947840_254; 1 drivers
v0x5566d5957330_255 .net/s v0x5566d5957330 255, 15 0, v0x5566d5947840_255; 1 drivers
v0x5566d5957d60 .array "contextual_embedding_vector", 47 0;
v0x5566d5957d60_0 .net/s v0x5566d5957d60 0, 15 0, v0x5566d57fb5c0_0; 1 drivers
v0x5566d5957d60_1 .net/s v0x5566d5957d60 1, 15 0, v0x5566d57fb5c0_1; 1 drivers
v0x5566d5957d60_2 .net/s v0x5566d5957d60 2, 15 0, v0x5566d57fb5c0_2; 1 drivers
v0x5566d5957d60_3 .net/s v0x5566d5957d60 3, 15 0, v0x5566d57fb5c0_3; 1 drivers
v0x5566d5957d60_4 .net/s v0x5566d5957d60 4, 15 0, v0x5566d57fb5c0_4; 1 drivers
v0x5566d5957d60_5 .net/s v0x5566d5957d60 5, 15 0, v0x5566d57fb5c0_5; 1 drivers
v0x5566d5957d60_6 .net/s v0x5566d5957d60 6, 15 0, v0x5566d57fb5c0_6; 1 drivers
v0x5566d5957d60_7 .net/s v0x5566d5957d60 7, 15 0, v0x5566d57fb5c0_7; 1 drivers
v0x5566d5957d60_8 .net/s v0x5566d5957d60 8, 15 0, v0x5566d57fb5c0_8; 1 drivers
v0x5566d5957d60_9 .net/s v0x5566d5957d60 9, 15 0, v0x5566d57fb5c0_9; 1 drivers
v0x5566d5957d60_10 .net/s v0x5566d5957d60 10, 15 0, v0x5566d57fb5c0_10; 1 drivers
v0x5566d5957d60_11 .net/s v0x5566d5957d60 11, 15 0, v0x5566d57fb5c0_11; 1 drivers
v0x5566d5957d60_12 .net/s v0x5566d5957d60 12, 15 0, v0x5566d57fb5c0_12; 1 drivers
v0x5566d5957d60_13 .net/s v0x5566d5957d60 13, 15 0, v0x5566d57fb5c0_13; 1 drivers
v0x5566d5957d60_14 .net/s v0x5566d5957d60 14, 15 0, v0x5566d57fb5c0_14; 1 drivers
v0x5566d5957d60_15 .net/s v0x5566d5957d60 15, 15 0, v0x5566d57fb5c0_15; 1 drivers
v0x5566d5957d60_16 .net/s v0x5566d5957d60 16, 15 0, v0x5566d57fb5c0_16; 1 drivers
v0x5566d5957d60_17 .net/s v0x5566d5957d60 17, 15 0, v0x5566d57fb5c0_17; 1 drivers
v0x5566d5957d60_18 .net/s v0x5566d5957d60 18, 15 0, v0x5566d57fb5c0_18; 1 drivers
v0x5566d5957d60_19 .net/s v0x5566d5957d60 19, 15 0, v0x5566d57fb5c0_19; 1 drivers
v0x5566d5957d60_20 .net/s v0x5566d5957d60 20, 15 0, v0x5566d57fb5c0_20; 1 drivers
v0x5566d5957d60_21 .net/s v0x5566d5957d60 21, 15 0, v0x5566d57fb5c0_21; 1 drivers
v0x5566d5957d60_22 .net/s v0x5566d5957d60 22, 15 0, v0x5566d57fb5c0_22; 1 drivers
v0x5566d5957d60_23 .net/s v0x5566d5957d60 23, 15 0, v0x5566d57fb5c0_23; 1 drivers
v0x5566d5957d60_24 .net/s v0x5566d5957d60 24, 15 0, v0x5566d57fb5c0_24; 1 drivers
v0x5566d5957d60_25 .net/s v0x5566d5957d60 25, 15 0, v0x5566d57fb5c0_25; 1 drivers
v0x5566d5957d60_26 .net/s v0x5566d5957d60 26, 15 0, v0x5566d57fb5c0_26; 1 drivers
v0x5566d5957d60_27 .net/s v0x5566d5957d60 27, 15 0, v0x5566d57fb5c0_27; 1 drivers
v0x5566d5957d60_28 .net/s v0x5566d5957d60 28, 15 0, v0x5566d57fb5c0_28; 1 drivers
v0x5566d5957d60_29 .net/s v0x5566d5957d60 29, 15 0, v0x5566d57fb5c0_29; 1 drivers
v0x5566d5957d60_30 .net/s v0x5566d5957d60 30, 15 0, v0x5566d57fb5c0_30; 1 drivers
v0x5566d5957d60_31 .net/s v0x5566d5957d60 31, 15 0, v0x5566d57fb5c0_31; 1 drivers
v0x5566d5957d60_32 .net/s v0x5566d5957d60 32, 15 0, v0x5566d57fb5c0_32; 1 drivers
v0x5566d5957d60_33 .net/s v0x5566d5957d60 33, 15 0, v0x5566d57fb5c0_33; 1 drivers
v0x5566d5957d60_34 .net/s v0x5566d5957d60 34, 15 0, v0x5566d57fb5c0_34; 1 drivers
v0x5566d5957d60_35 .net/s v0x5566d5957d60 35, 15 0, v0x5566d57fb5c0_35; 1 drivers
v0x5566d5957d60_36 .net/s v0x5566d5957d60 36, 15 0, v0x5566d57fb5c0_36; 1 drivers
v0x5566d5957d60_37 .net/s v0x5566d5957d60 37, 15 0, v0x5566d57fb5c0_37; 1 drivers
v0x5566d5957d60_38 .net/s v0x5566d5957d60 38, 15 0, v0x5566d57fb5c0_38; 1 drivers
v0x5566d5957d60_39 .net/s v0x5566d5957d60 39, 15 0, v0x5566d57fb5c0_39; 1 drivers
v0x5566d5957d60_40 .net/s v0x5566d5957d60 40, 15 0, v0x5566d57fb5c0_40; 1 drivers
v0x5566d5957d60_41 .net/s v0x5566d5957d60 41, 15 0, v0x5566d57fb5c0_41; 1 drivers
v0x5566d5957d60_42 .net/s v0x5566d5957d60 42, 15 0, v0x5566d57fb5c0_42; 1 drivers
v0x5566d5957d60_43 .net/s v0x5566d5957d60 43, 15 0, v0x5566d57fb5c0_43; 1 drivers
v0x5566d5957d60_44 .net/s v0x5566d5957d60 44, 15 0, v0x5566d57fb5c0_44; 1 drivers
v0x5566d5957d60_45 .net/s v0x5566d5957d60 45, 15 0, v0x5566d57fb5c0_45; 1 drivers
v0x5566d5957d60_46 .net/s v0x5566d5957d60 46, 15 0, v0x5566d57fb5c0_46; 1 drivers
v0x5566d5957d60_47 .net/s v0x5566d5957d60 47, 15 0, v0x5566d57fb5c0_47; 1 drivers
v0x5566d59585b0 .array "embedding_X", 47 0;
v0x5566d59585b0_0 .net/s v0x5566d59585b0 0, 15 0, v0x5566d597b5c0_0; 1 drivers
v0x5566d59585b0_1 .net/s v0x5566d59585b0 1, 15 0, v0x5566d597b5c0_1; 1 drivers
v0x5566d59585b0_2 .net/s v0x5566d59585b0 2, 15 0, v0x5566d597b5c0_2; 1 drivers
v0x5566d59585b0_3 .net/s v0x5566d59585b0 3, 15 0, v0x5566d597b5c0_3; 1 drivers
v0x5566d59585b0_4 .net/s v0x5566d59585b0 4, 15 0, v0x5566d597b5c0_4; 1 drivers
v0x5566d59585b0_5 .net/s v0x5566d59585b0 5, 15 0, v0x5566d597b5c0_5; 1 drivers
v0x5566d59585b0_6 .net/s v0x5566d59585b0 6, 15 0, v0x5566d597b5c0_6; 1 drivers
v0x5566d59585b0_7 .net/s v0x5566d59585b0 7, 15 0, v0x5566d597b5c0_7; 1 drivers
v0x5566d59585b0_8 .net/s v0x5566d59585b0 8, 15 0, v0x5566d597b5c0_8; 1 drivers
v0x5566d59585b0_9 .net/s v0x5566d59585b0 9, 15 0, v0x5566d597b5c0_9; 1 drivers
v0x5566d59585b0_10 .net/s v0x5566d59585b0 10, 15 0, v0x5566d597b5c0_10; 1 drivers
v0x5566d59585b0_11 .net/s v0x5566d59585b0 11, 15 0, v0x5566d597b5c0_11; 1 drivers
v0x5566d59585b0_12 .net/s v0x5566d59585b0 12, 15 0, v0x5566d597b5c0_12; 1 drivers
v0x5566d59585b0_13 .net/s v0x5566d59585b0 13, 15 0, v0x5566d597b5c0_13; 1 drivers
v0x5566d59585b0_14 .net/s v0x5566d59585b0 14, 15 0, v0x5566d597b5c0_14; 1 drivers
v0x5566d59585b0_15 .net/s v0x5566d59585b0 15, 15 0, v0x5566d597b5c0_15; 1 drivers
v0x5566d59585b0_16 .net/s v0x5566d59585b0 16, 15 0, v0x5566d597b5c0_16; 1 drivers
v0x5566d59585b0_17 .net/s v0x5566d59585b0 17, 15 0, v0x5566d597b5c0_17; 1 drivers
v0x5566d59585b0_18 .net/s v0x5566d59585b0 18, 15 0, v0x5566d597b5c0_18; 1 drivers
v0x5566d59585b0_19 .net/s v0x5566d59585b0 19, 15 0, v0x5566d597b5c0_19; 1 drivers
v0x5566d59585b0_20 .net/s v0x5566d59585b0 20, 15 0, v0x5566d597b5c0_20; 1 drivers
v0x5566d59585b0_21 .net/s v0x5566d59585b0 21, 15 0, v0x5566d597b5c0_21; 1 drivers
v0x5566d59585b0_22 .net/s v0x5566d59585b0 22, 15 0, v0x5566d597b5c0_22; 1 drivers
v0x5566d59585b0_23 .net/s v0x5566d59585b0 23, 15 0, v0x5566d597b5c0_23; 1 drivers
v0x5566d59585b0_24 .net/s v0x5566d59585b0 24, 15 0, v0x5566d597b5c0_24; 1 drivers
v0x5566d59585b0_25 .net/s v0x5566d59585b0 25, 15 0, v0x5566d597b5c0_25; 1 drivers
v0x5566d59585b0_26 .net/s v0x5566d59585b0 26, 15 0, v0x5566d597b5c0_26; 1 drivers
v0x5566d59585b0_27 .net/s v0x5566d59585b0 27, 15 0, v0x5566d597b5c0_27; 1 drivers
v0x5566d59585b0_28 .net/s v0x5566d59585b0 28, 15 0, v0x5566d597b5c0_28; 1 drivers
v0x5566d59585b0_29 .net/s v0x5566d59585b0 29, 15 0, v0x5566d597b5c0_29; 1 drivers
v0x5566d59585b0_30 .net/s v0x5566d59585b0 30, 15 0, v0x5566d597b5c0_30; 1 drivers
v0x5566d59585b0_31 .net/s v0x5566d59585b0 31, 15 0, v0x5566d597b5c0_31; 1 drivers
v0x5566d59585b0_32 .net/s v0x5566d59585b0 32, 15 0, v0x5566d597b5c0_32; 1 drivers
v0x5566d59585b0_33 .net/s v0x5566d59585b0 33, 15 0, v0x5566d597b5c0_33; 1 drivers
v0x5566d59585b0_34 .net/s v0x5566d59585b0 34, 15 0, v0x5566d597b5c0_34; 1 drivers
v0x5566d59585b0_35 .net/s v0x5566d59585b0 35, 15 0, v0x5566d597b5c0_35; 1 drivers
v0x5566d59585b0_36 .net/s v0x5566d59585b0 36, 15 0, v0x5566d597b5c0_36; 1 drivers
v0x5566d59585b0_37 .net/s v0x5566d59585b0 37, 15 0, v0x5566d597b5c0_37; 1 drivers
v0x5566d59585b0_38 .net/s v0x5566d59585b0 38, 15 0, v0x5566d597b5c0_38; 1 drivers
v0x5566d59585b0_39 .net/s v0x5566d59585b0 39, 15 0, v0x5566d597b5c0_39; 1 drivers
v0x5566d59585b0_40 .net/s v0x5566d59585b0 40, 15 0, v0x5566d597b5c0_40; 1 drivers
v0x5566d59585b0_41 .net/s v0x5566d59585b0 41, 15 0, v0x5566d597b5c0_41; 1 drivers
v0x5566d59585b0_42 .net/s v0x5566d59585b0 42, 15 0, v0x5566d597b5c0_42; 1 drivers
v0x5566d59585b0_43 .net/s v0x5566d59585b0 43, 15 0, v0x5566d597b5c0_43; 1 drivers
v0x5566d59585b0_44 .net/s v0x5566d59585b0 44, 15 0, v0x5566d597b5c0_44; 1 drivers
v0x5566d59585b0_45 .net/s v0x5566d59585b0 45, 15 0, v0x5566d597b5c0_45; 1 drivers
v0x5566d59585b0_46 .net/s v0x5566d59585b0 46, 15 0, v0x5566d597b5c0_46; 1 drivers
v0x5566d59585b0_47 .net/s v0x5566d59585b0 47, 15 0, v0x5566d597b5c0_47; 1 drivers
v0x5566d5958e00 .array "scaled_attention_score", 255 0;
v0x5566d5958e00_0 .net/s v0x5566d5958e00 0, 15 0, v0x5566d5729290_0; 1 drivers
v0x5566d5958e00_1 .net/s v0x5566d5958e00 1, 15 0, v0x5566d572d8b0_0; 1 drivers
v0x5566d5958e00_2 .net/s v0x5566d5958e00 2, 15 0, v0x5566d5733050_0; 1 drivers
v0x5566d5958e00_3 .net/s v0x5566d5958e00 3, 15 0, v0x5566d5737690_0; 1 drivers
v0x5566d5958e00_4 .net/s v0x5566d5958e00 4, 15 0, v0x5566d573bd60_0; 1 drivers
v0x5566d5958e00_5 .net/s v0x5566d5958e00 5, 15 0, v0x5566d57414a0_0; 1 drivers
v0x5566d5958e00_6 .net/s v0x5566d5958e00 6, 15 0, v0x5566d5745ae0_0; 1 drivers
v0x5566d5958e00_7 .net/s v0x5566d5958e00 7, 15 0, v0x5566d574a1d0_0; 1 drivers
v0x5566d5958e00_8 .net/s v0x5566d5958e00 8, 15 0, v0x5566d574e810_0; 1 drivers
v0x5566d5958e00_9 .net/s v0x5566d5958e00 9, 15 0, v0x5566d5753f30_0; 1 drivers
v0x5566d5958e00_10 .net/s v0x5566d5958e00 10, 15 0, v0x5566d57585f0_0; 1 drivers
v0x5566d5958e00_11 .net/s v0x5566d5958e00 11, 15 0, v0x5566d575dd40_0; 1 drivers
v0x5566d5958e00_12 .net/s v0x5566d5958e00 12, 15 0, v0x5566d5762400_0; 1 drivers
v0x5566d5958e00_13 .net/s v0x5566d5958e00 13, 15 0, v0x5566d5767b50_0; 1 drivers
v0x5566d5958e00_14 .net/s v0x5566d5958e00 14, 15 0, v0x5566d576c240_0; 1 drivers
v0x5566d5958e00_15 .net/s v0x5566d5958e00 15, 15 0, v0x5566d57719a0_0; 1 drivers
v0x5566d5958e00_16 .net/s v0x5566d5958e00 16, 15 0, v0x5566d57782c0_0; 1 drivers
v0x5566d5958e00_17 .net/s v0x5566d5958e00 17, 15 0, v0x5566d577c980_0; 1 drivers
v0x5566d5958e00_18 .net/s v0x5566d5958e00 18, 15 0, v0x5566d57820d0_0; 1 drivers
v0x5566d5958e00_19 .net/s v0x5566d5958e00 19, 15 0, v0x5566d5786770_0; 1 drivers
v0x5566d5958e00_20 .net/s v0x5566d5958e00 20, 15 0, v0x5566d578bf60_0; 1 drivers
v0x5566d5958e00_21 .net/s v0x5566d5958e00 21, 15 0, v0x5566d57916b0_0; 1 drivers
v0x5566d5958e00_22 .net/s v0x5566d5958e00 22, 15 0, v0x5566d5795d70_0; 1 drivers
v0x5566d5958e00_23 .net/s v0x5566d5958e00 23, 15 0, v0x5566d579b4c0_0; 1 drivers
v0x5566d5958e00_24 .net/s v0x5566d5958e00 24, 15 0, v0x5566d57a0c90_0; 1 drivers
v0x5566d5958e00_25 .net/s v0x5566d5958e00 25, 15 0, v0x5566d57a5310_0; 1 drivers
v0x5566d5958e00_26 .net/s v0x5566d5958e00 26, 15 0, v0x5566d57aaaa0_0; 1 drivers
v0x5566d5958e00_27 .net/s v0x5566d5958e00 27, 15 0, v0x5566d57af160_0; 1 drivers
v0x5566d5958e00_28 .net/s v0x5566d5958e00 28, 15 0, v0x5566d57b48b0_0; 1 drivers
v0x5566d5958e00_29 .net/s v0x5566d5958e00 29, 15 0, v0x5566d57b8f70_0; 1 drivers
v0x5566d5958e00_30 .net/s v0x5566d5958e00 30, 15 0, v0x5566d57be6c0_0; 1 drivers
v0x5566d5958e00_31 .net/s v0x5566d5958e00 31, 15 0, v0x5566d57c2d80_0; 1 drivers
v0x5566d5958e00_32 .net/s v0x5566d5958e00 32, 15 0, v0x5566d57c9660_0; 1 drivers
v0x5566d5958e00_33 .net/s v0x5566d5958e00 33, 15 0, v0x5566d57cdd50_0; 1 drivers
v0x5566d5958e00_34 .net/s v0x5566d5958e00 34, 15 0, v0x5566d57d3490_0; 1 drivers
v0x5566d5958e00_35 .net/s v0x5566d5958e00 35, 15 0, v0x5566d57d8c40_0; 1 drivers
v0x5566d5958e00_36 .net/s v0x5566d5958e00 36, 15 0, v0x5566d57dd330_0; 1 drivers
v0x5566d5958e00_37 .net/s v0x5566d5958e00 37, 15 0, v0x5566d57e2a70_0; 1 drivers
v0x5566d5958e00_38 .net/s v0x5566d5958e00 38, 15 0, v0x5566d57e7140_0; 1 drivers
v0x5566d5958e00_39 .net/s v0x5566d5958e00 39, 15 0, v0x5566d57ec880_0; 1 drivers
v0x5566d5958e00_40 .net/s v0x5566d5958e00 40, 15 0, v0x5566d57f2030_0; 1 drivers
v0x5566d5958e00_41 .net/s v0x5566d5958e00 41, 15 0, v0x5566d57f66f0_0; 1 drivers
v0x5566d5958e00_42 .net/s v0x5566d5958e00 42, 15 0, v0x5566d57fbe40_0; 1 drivers
v0x5566d5958e00_43 .net/s v0x5566d5958e00 43, 15 0, v0x5566d5800500_0; 1 drivers
v0x5566d5958e00_44 .net/s v0x5566d5958e00 44, 15 0, v0x5566d5805c50_0; 1 drivers
v0x5566d5958e00_45 .net/s v0x5566d5958e00 45, 15 0, v0x5566d580a340_0; 1 drivers
v0x5566d5958e00_46 .net/s v0x5566d5958e00 46, 15 0, v0x5566d580faa0_0; 1 drivers
v0x5566d5958e00_47 .net/s v0x5566d5958e00 47, 15 0, v0x5566d5815230_0; 1 drivers
v0x5566d5958e00_48 .net/s v0x5566d5958e00 48, 15 0, v0x5566d581bb90_0; 1 drivers
v0x5566d5958e00_49 .net/s v0x5566d5958e00 49, 15 0, v0x5566d58201d0_0; 1 drivers
v0x5566d5958e00_50 .net/s v0x5566d5958e00 50, 15 0, v0x5566d5711720_0; 1 drivers
v0x5566d5958e00_51 .net/s v0x5566d5958e00 51, 15 0, v0x5566d5716e10_0; 1 drivers
v0x5566d5958e00_52 .net/s v0x5566d5958e00 52, 15 0, v0x5566d571b4c0_0; 1 drivers
v0x5566d5958e00_53 .net/s v0x5566d5958e00 53, 15 0, v0x5566d5720b90_0; 1 drivers
v0x5566d5958e00_54 .net/s v0x5566d5958e00 54, 15 0, v0x5566d5725190_0; 1 drivers
v0x5566d5958e00_55 .net/s v0x5566d5958e00 55, 15 0, v0x5566d5729810_0; 1 drivers
v0x5566d5958e00_56 .net/s v0x5566d5958e00 56, 15 0, v0x5566d57d2760_0; 1 drivers
v0x5566d5958e00_57 .net/s v0x5566d5958e00 57, 15 0, v0x5566d57d8020_0; 1 drivers
v0x5566d5958e00_58 .net/s v0x5566d5958e00 58, 15 0, v0x5566d57de910_0; 1 drivers
v0x5566d5958e00_59 .net/s v0x5566d5958e00 59, 15 0, v0x5566d57e51f0_0; 1 drivers
v0x5566d5958e00_60 .net/s v0x5566d5958e00 60, 15 0, v0x5566d57eaa90_0; 1 drivers
v0x5566d5958e00_61 .net/s v0x5566d5958e00 61, 15 0, v0x5566d57f13a0_0; 1 drivers
v0x5566d5958e00_62 .net/s v0x5566d5958e00 62, 15 0, v0x5566d57f7c80_0; 1 drivers
v0x5566d5958e00_63 .net/s v0x5566d5958e00 63, 15 0, v0x5566d57fd520_0; 1 drivers
v0x5566d5958e00_64 .net/s v0x5566d5958e00 64, 15 0, v0x5566d58060d0_0; 1 drivers
v0x5566d5958e00_65 .net/s v0x5566d5958e00 65, 15 0, v0x5566d580ca30_0; 1 drivers
v0x5566d5958e00_66 .net/s v0x5566d5958e00 66, 15 0, v0x5566d5812280_0; 1 drivers
v0x5566d5958e00_67 .net/s v0x5566d5958e00 67, 15 0, v0x5566d5818b60_0; 1 drivers
v0x5566d5958e00_68 .net/s v0x5566d5958e00 68, 15 0, v0x5566d581f4c0_0; 1 drivers
v0x5566d5958e00_69 .net/s v0x5566d5958e00 69, 15 0, v0x5566d55e9400_0; 1 drivers
v0x5566d5958e00_70 .net/s v0x5566d5958e00 70, 15 0, v0x5566d559b510_0; 1 drivers
v0x5566d5958e00_71 .net/s v0x5566d5958e00 71, 15 0, v0x5566d58dc400_0; 1 drivers
v0x5566d5958e00_72 .net/s v0x5566d5958e00 72, 15 0, v0x5566d58dcd40_0; 1 drivers
v0x5566d5958e00_73 .net/s v0x5566d5958e00 73, 15 0, v0x5566d58dd640_0; 1 drivers
v0x5566d5958e00_74 .net/s v0x5566d5958e00 74, 15 0, v0x5566d58ddf40_0; 1 drivers
v0x5566d5958e00_75 .net/s v0x5566d5958e00 75, 15 0, v0x5566d58de840_0; 1 drivers
v0x5566d5958e00_76 .net/s v0x5566d5958e00 76, 15 0, v0x5566d58df140_0; 1 drivers
v0x5566d5958e00_77 .net/s v0x5566d5958e00 77, 15 0, v0x5566d58dfa40_0; 1 drivers
v0x5566d5958e00_78 .net/s v0x5566d5958e00 78, 15 0, v0x5566d58e0340_0; 1 drivers
v0x5566d5958e00_79 .net/s v0x5566d5958e00 79, 15 0, v0x5566d58e0c40_0; 1 drivers
v0x5566d5958e00_80 .net/s v0x5566d5958e00 80, 15 0, v0x5566d58e1820_0; 1 drivers
v0x5566d5958e00_81 .net/s v0x5566d5958e00 81, 15 0, v0x5566d58e2120_0; 1 drivers
v0x5566d5958e00_82 .net/s v0x5566d5958e00 82, 15 0, v0x5566d58e2a30_0; 1 drivers
v0x5566d5958e00_83 .net/s v0x5566d5958e00 83, 15 0, v0x5566d58e3330_0; 1 drivers
v0x5566d5958e00_84 .net/s v0x5566d5958e00 84, 15 0, v0x5566d58e3c80_0; 1 drivers
v0x5566d5958e00_85 .net/s v0x5566d5958e00 85, 15 0, v0x5566d58e4550_0; 1 drivers
v0x5566d5958e00_86 .net/s v0x5566d5958e00 86, 15 0, v0x5566d58e4e50_0; 1 drivers
v0x5566d5958e00_87 .net/s v0x5566d5958e00 87, 15 0, v0x5566d58e5750_0; 1 drivers
v0x5566d5958e00_88 .net/s v0x5566d5958e00 88, 15 0, v0x5566d58e6090_0; 1 drivers
v0x5566d5958e00_89 .net/s v0x5566d5958e00 89, 15 0, v0x5566d58e6990_0; 1 drivers
v0x5566d5958e00_90 .net/s v0x5566d5958e00 90, 15 0, v0x5566d58e7290_0; 1 drivers
v0x5566d5958e00_91 .net/s v0x5566d5958e00 91, 15 0, v0x5566d58e7b90_0; 1 drivers
v0x5566d5958e00_92 .net/s v0x5566d5958e00 92, 15 0, v0x5566d58e8490_0; 1 drivers
v0x5566d5958e00_93 .net/s v0x5566d5958e00 93, 15 0, v0x5566d58e8d90_0; 1 drivers
v0x5566d5958e00_94 .net/s v0x5566d5958e00 94, 15 0, v0x5566d58e9690_0; 1 drivers
v0x5566d5958e00_95 .net/s v0x5566d5958e00 95, 15 0, v0x5566d58e9f90_0; 1 drivers
v0x5566d5958e00_96 .net/s v0x5566d5958e00 96, 15 0, v0x5566d58eab70_0; 1 drivers
v0x5566d5958e00_97 .net/s v0x5566d5958e00 97, 15 0, v0x5566d58eb470_0; 1 drivers
v0x5566d5958e00_98 .net/s v0x5566d5958e00 98, 15 0, v0x5566d58ebd80_0; 1 drivers
v0x5566d5958e00_99 .net/s v0x5566d5958e00 99, 15 0, v0x5566d58ec680_0; 1 drivers
v0x5566d5958e00_100 .net/s v0x5566d5958e00 100, 15 0, v0x5566d58ecfd0_0; 1 drivers
v0x5566d5958e00_101 .net/s v0x5566d5958e00 101, 15 0, v0x5566d58ed8a0_0; 1 drivers
v0x5566d5958e00_102 .net/s v0x5566d5958e00 102, 15 0, v0x5566d58ee1a0_0; 1 drivers
v0x5566d5958e00_103 .net/s v0x5566d5958e00 103, 15 0, v0x5566d58eeaa0_0; 1 drivers
v0x5566d5958e00_104 .net/s v0x5566d5958e00 104, 15 0, v0x5566d58ef3e0_0; 1 drivers
v0x5566d5958e00_105 .net/s v0x5566d5958e00 105, 15 0, v0x5566d58efce0_0; 1 drivers
v0x5566d5958e00_106 .net/s v0x5566d5958e00 106, 15 0, v0x5566d58f05e0_0; 1 drivers
v0x5566d5958e00_107 .net/s v0x5566d5958e00 107, 15 0, v0x5566d58f0ee0_0; 1 drivers
v0x5566d5958e00_108 .net/s v0x5566d5958e00 108, 15 0, v0x5566d58f17e0_0; 1 drivers
v0x5566d5958e00_109 .net/s v0x5566d5958e00 109, 15 0, v0x5566d58f20e0_0; 1 drivers
v0x5566d5958e00_110 .net/s v0x5566d5958e00 110, 15 0, v0x5566d58f29e0_0; 1 drivers
v0x5566d5958e00_111 .net/s v0x5566d5958e00 111, 15 0, v0x5566d58f32e0_0; 1 drivers
v0x5566d5958e00_112 .net/s v0x5566d5958e00 112, 15 0, v0x5566d58f3ec0_0; 1 drivers
v0x5566d5958e00_113 .net/s v0x5566d5958e00 113, 15 0, v0x5566d58f47c0_0; 1 drivers
v0x5566d5958e00_114 .net/s v0x5566d5958e00 114, 15 0, v0x5566d58f50d0_0; 1 drivers
v0x5566d5958e00_115 .net/s v0x5566d5958e00 115, 15 0, v0x5566d58f59d0_0; 1 drivers
v0x5566d5958e00_116 .net/s v0x5566d5958e00 116, 15 0, v0x5566d58f6320_0; 1 drivers
v0x5566d5958e00_117 .net/s v0x5566d5958e00 117, 15 0, v0x5566d58f6bf0_0; 1 drivers
v0x5566d5958e00_118 .net/s v0x5566d5958e00 118, 15 0, v0x5566d58f74f0_0; 1 drivers
v0x5566d5958e00_119 .net/s v0x5566d5958e00 119, 15 0, v0x5566d58f7df0_0; 1 drivers
v0x5566d5958e00_120 .net/s v0x5566d5958e00 120, 15 0, v0x5566d58f8730_0; 1 drivers
v0x5566d5958e00_121 .net/s v0x5566d5958e00 121, 15 0, v0x5566d58f9030_0; 1 drivers
v0x5566d5958e00_122 .net/s v0x5566d5958e00 122, 15 0, v0x5566d58f9930_0; 1 drivers
v0x5566d5958e00_123 .net/s v0x5566d5958e00 123, 15 0, v0x5566d58fa230_0; 1 drivers
v0x5566d5958e00_124 .net/s v0x5566d5958e00 124, 15 0, v0x5566d58fab30_0; 1 drivers
v0x5566d5958e00_125 .net/s v0x5566d5958e00 125, 15 0, v0x5566d58fb430_0; 1 drivers
v0x5566d5958e00_126 .net/s v0x5566d5958e00 126, 15 0, v0x5566d58fbd30_0; 1 drivers
v0x5566d5958e00_127 .net/s v0x5566d5958e00 127, 15 0, v0x5566d58fc630_0; 1 drivers
v0x5566d5958e00_128 .net/s v0x5566d5958e00 128, 15 0, v0x5566d58fd210_0; 1 drivers
v0x5566d5958e00_129 .net/s v0x5566d5958e00 129, 15 0, v0x5566d58fdb10_0; 1 drivers
v0x5566d5958e00_130 .net/s v0x5566d5958e00 130, 15 0, v0x5566d58fe420_0; 1 drivers
v0x5566d5958e00_131 .net/s v0x5566d5958e00 131, 15 0, v0x5566d58fed20_0; 1 drivers
v0x5566d5958e00_132 .net/s v0x5566d5958e00 132, 15 0, v0x5566d58ff670_0; 1 drivers
v0x5566d5958e00_133 .net/s v0x5566d5958e00 133, 15 0, v0x5566d58fff40_0; 1 drivers
v0x5566d5958e00_134 .net/s v0x5566d5958e00 134, 15 0, v0x5566d5900840_0; 1 drivers
v0x5566d5958e00_135 .net/s v0x5566d5958e00 135, 15 0, v0x5566d5901140_0; 1 drivers
v0x5566d5958e00_136 .net/s v0x5566d5958e00 136, 15 0, v0x5566d5901a80_0; 1 drivers
v0x5566d5958e00_137 .net/s v0x5566d5958e00 137, 15 0, v0x5566d5902380_0; 1 drivers
v0x5566d5958e00_138 .net/s v0x5566d5958e00 138, 15 0, v0x5566d5902c80_0; 1 drivers
v0x5566d5958e00_139 .net/s v0x5566d5958e00 139, 15 0, v0x5566d5903580_0; 1 drivers
v0x5566d5958e00_140 .net/s v0x5566d5958e00 140, 15 0, v0x5566d5903e80_0; 1 drivers
v0x5566d5958e00_141 .net/s v0x5566d5958e00 141, 15 0, v0x5566d5904780_0; 1 drivers
v0x5566d5958e00_142 .net/s v0x5566d5958e00 142, 15 0, v0x5566d5905080_0; 1 drivers
v0x5566d5958e00_143 .net/s v0x5566d5958e00 143, 15 0, v0x5566d5905980_0; 1 drivers
v0x5566d5958e00_144 .net/s v0x5566d5958e00 144, 15 0, v0x5566d5906560_0; 1 drivers
v0x5566d5958e00_145 .net/s v0x5566d5958e00 145, 15 0, v0x5566d5906e60_0; 1 drivers
v0x5566d5958e00_146 .net/s v0x5566d5958e00 146, 15 0, v0x5566d5907770_0; 1 drivers
v0x5566d5958e00_147 .net/s v0x5566d5958e00 147, 15 0, v0x5566d5908070_0; 1 drivers
v0x5566d5958e00_148 .net/s v0x5566d5958e00 148, 15 0, v0x5566d59089c0_0; 1 drivers
v0x5566d5958e00_149 .net/s v0x5566d5958e00 149, 15 0, v0x5566d5909290_0; 1 drivers
v0x5566d5958e00_150 .net/s v0x5566d5958e00 150, 15 0, v0x5566d5909b90_0; 1 drivers
v0x5566d5958e00_151 .net/s v0x5566d5958e00 151, 15 0, v0x5566d590a490_0; 1 drivers
v0x5566d5958e00_152 .net/s v0x5566d5958e00 152, 15 0, v0x5566d590add0_0; 1 drivers
v0x5566d5958e00_153 .net/s v0x5566d5958e00 153, 15 0, v0x5566d590b6d0_0; 1 drivers
v0x5566d5958e00_154 .net/s v0x5566d5958e00 154, 15 0, v0x5566d590bfd0_0; 1 drivers
v0x5566d5958e00_155 .net/s v0x5566d5958e00 155, 15 0, v0x5566d590c8d0_0; 1 drivers
v0x5566d5958e00_156 .net/s v0x5566d5958e00 156, 15 0, v0x5566d590d1d0_0; 1 drivers
v0x5566d5958e00_157 .net/s v0x5566d5958e00 157, 15 0, v0x5566d590dad0_0; 1 drivers
v0x5566d5958e00_158 .net/s v0x5566d5958e00 158, 15 0, v0x5566d590e3d0_0; 1 drivers
v0x5566d5958e00_159 .net/s v0x5566d5958e00 159, 15 0, v0x5566d590ecd0_0; 1 drivers
v0x5566d5958e00_160 .net/s v0x5566d5958e00 160, 15 0, v0x5566d590f8b0_0; 1 drivers
v0x5566d5958e00_161 .net/s v0x5566d5958e00 161, 15 0, v0x5566d59101b0_0; 1 drivers
v0x5566d5958e00_162 .net/s v0x5566d5958e00 162, 15 0, v0x5566d5910ac0_0; 1 drivers
v0x5566d5958e00_163 .net/s v0x5566d5958e00 163, 15 0, v0x5566d59113c0_0; 1 drivers
v0x5566d5958e00_164 .net/s v0x5566d5958e00 164, 15 0, v0x5566d5911d10_0; 1 drivers
v0x5566d5958e00_165 .net/s v0x5566d5958e00 165, 15 0, v0x5566d59125e0_0; 1 drivers
v0x5566d5958e00_166 .net/s v0x5566d5958e00 166, 15 0, v0x5566d5912ee0_0; 1 drivers
v0x5566d5958e00_167 .net/s v0x5566d5958e00 167, 15 0, v0x5566d59137e0_0; 1 drivers
v0x5566d5958e00_168 .net/s v0x5566d5958e00 168, 15 0, v0x5566d5914120_0; 1 drivers
v0x5566d5958e00_169 .net/s v0x5566d5958e00 169, 15 0, v0x5566d5914a20_0; 1 drivers
v0x5566d5958e00_170 .net/s v0x5566d5958e00 170, 15 0, v0x5566d5915320_0; 1 drivers
v0x5566d5958e00_171 .net/s v0x5566d5958e00 171, 15 0, v0x5566d5915c20_0; 1 drivers
v0x5566d5958e00_172 .net/s v0x5566d5958e00 172, 15 0, v0x5566d5916520_0; 1 drivers
v0x5566d5958e00_173 .net/s v0x5566d5958e00 173, 15 0, v0x5566d5916e20_0; 1 drivers
v0x5566d5958e00_174 .net/s v0x5566d5958e00 174, 15 0, v0x5566d5917720_0; 1 drivers
v0x5566d5958e00_175 .net/s v0x5566d5958e00 175, 15 0, v0x5566d5918020_0; 1 drivers
v0x5566d5958e00_176 .net/s v0x5566d5958e00 176, 15 0, v0x5566d5918c00_0; 1 drivers
v0x5566d5958e00_177 .net/s v0x5566d5958e00 177, 15 0, v0x5566d5919500_0; 1 drivers
v0x5566d5958e00_178 .net/s v0x5566d5958e00 178, 15 0, v0x5566d5919e10_0; 1 drivers
v0x5566d5958e00_179 .net/s v0x5566d5958e00 179, 15 0, v0x5566d591a710_0; 1 drivers
v0x5566d5958e00_180 .net/s v0x5566d5958e00 180, 15 0, v0x5566d591b060_0; 1 drivers
v0x5566d5958e00_181 .net/s v0x5566d5958e00 181, 15 0, v0x5566d591b930_0; 1 drivers
v0x5566d5958e00_182 .net/s v0x5566d5958e00 182, 15 0, v0x5566d591c230_0; 1 drivers
v0x5566d5958e00_183 .net/s v0x5566d5958e00 183, 15 0, v0x5566d591cb30_0; 1 drivers
v0x5566d5958e00_184 .net/s v0x5566d5958e00 184, 15 0, v0x5566d591d3e0_0; 1 drivers
v0x5566d5958e00_185 .net/s v0x5566d5958e00 185, 15 0, v0x5566d591dce0_0; 1 drivers
v0x5566d5958e00_186 .net/s v0x5566d5958e00 186, 15 0, v0x5566d591e5e0_0; 1 drivers
v0x5566d5958e00_187 .net/s v0x5566d5958e00 187, 15 0, v0x5566d591eee0_0; 1 drivers
v0x5566d5958e00_188 .net/s v0x5566d5958e00 188, 15 0, v0x5566d591f7e0_0; 1 drivers
v0x5566d5958e00_189 .net/s v0x5566d5958e00 189, 15 0, v0x5566d59200e0_0; 1 drivers
v0x5566d5958e00_190 .net/s v0x5566d5958e00 190, 15 0, v0x5566d59209e0_0; 1 drivers
v0x5566d5958e00_191 .net/s v0x5566d5958e00 191, 15 0, v0x5566d59212e0_0; 1 drivers
v0x5566d5958e00_192 .net/s v0x5566d5958e00 192, 15 0, v0x5566d5921ec0_0; 1 drivers
v0x5566d5958e00_193 .net/s v0x5566d5958e00 193, 15 0, v0x5566d59227c0_0; 1 drivers
v0x5566d5958e00_194 .net/s v0x5566d5958e00 194, 15 0, v0x5566d59230d0_0; 1 drivers
v0x5566d5958e00_195 .net/s v0x5566d5958e00 195, 15 0, v0x5566d59239d0_0; 1 drivers
v0x5566d5958e00_196 .net/s v0x5566d5958e00 196, 15 0, v0x5566d5924320_0; 1 drivers
v0x5566d5958e00_197 .net/s v0x5566d5958e00 197, 15 0, v0x5566d5924bf0_0; 1 drivers
v0x5566d5958e00_198 .net/s v0x5566d5958e00 198, 15 0, v0x5566d59254f0_0; 1 drivers
v0x5566d5958e00_199 .net/s v0x5566d5958e00 199, 15 0, v0x5566d5925df0_0; 1 drivers
v0x5566d5958e00_200 .net/s v0x5566d5958e00 200, 15 0, v0x5566d5926730_0; 1 drivers
v0x5566d5958e00_201 .net/s v0x5566d5958e00 201, 15 0, v0x5566d5927030_0; 1 drivers
v0x5566d5958e00_202 .net/s v0x5566d5958e00 202, 15 0, v0x5566d5927930_0; 1 drivers
v0x5566d5958e00_203 .net/s v0x5566d5958e00 203, 15 0, v0x5566d5928230_0; 1 drivers
v0x5566d5958e00_204 .net/s v0x5566d5958e00 204, 15 0, v0x5566d5928b30_0; 1 drivers
v0x5566d5958e00_205 .net/s v0x5566d5958e00 205, 15 0, v0x5566d5929430_0; 1 drivers
v0x5566d5958e00_206 .net/s v0x5566d5958e00 206, 15 0, v0x5566d5929d30_0; 1 drivers
v0x5566d5958e00_207 .net/s v0x5566d5958e00 207, 15 0, v0x5566d592a630_0; 1 drivers
v0x5566d5958e00_208 .net/s v0x5566d5958e00 208, 15 0, v0x5566d592b210_0; 1 drivers
v0x5566d5958e00_209 .net/s v0x5566d5958e00 209, 15 0, v0x5566d592bb10_0; 1 drivers
v0x5566d5958e00_210 .net/s v0x5566d5958e00 210, 15 0, v0x5566d592c420_0; 1 drivers
v0x5566d5958e00_211 .net/s v0x5566d5958e00 211, 15 0, v0x5566d592cd20_0; 1 drivers
v0x5566d5958e00_212 .net/s v0x5566d5958e00 212, 15 0, v0x5566d592d670_0; 1 drivers
v0x5566d5958e00_213 .net/s v0x5566d5958e00 213, 15 0, v0x5566d592df40_0; 1 drivers
v0x5566d5958e00_214 .net/s v0x5566d5958e00 214, 15 0, v0x5566d592e840_0; 1 drivers
v0x5566d5958e00_215 .net/s v0x5566d5958e00 215, 15 0, v0x5566d592f140_0; 1 drivers
v0x5566d5958e00_216 .net/s v0x5566d5958e00 216, 15 0, v0x5566d592fa80_0; 1 drivers
v0x5566d5958e00_217 .net/s v0x5566d5958e00 217, 15 0, v0x5566d5930380_0; 1 drivers
v0x5566d5958e00_218 .net/s v0x5566d5958e00 218, 15 0, v0x5566d5930c80_0; 1 drivers
v0x5566d5958e00_219 .net/s v0x5566d5958e00 219, 15 0, v0x5566d5931580_0; 1 drivers
v0x5566d5958e00_220 .net/s v0x5566d5958e00 220, 15 0, v0x5566d5931e80_0; 1 drivers
v0x5566d5958e00_221 .net/s v0x5566d5958e00 221, 15 0, v0x5566d5932780_0; 1 drivers
v0x5566d5958e00_222 .net/s v0x5566d5958e00 222, 15 0, v0x5566d5933080_0; 1 drivers
v0x5566d5958e00_223 .net/s v0x5566d5958e00 223, 15 0, v0x5566d5933980_0; 1 drivers
v0x5566d5958e00_224 .net/s v0x5566d5958e00 224, 15 0, v0x5566d5934560_0; 1 drivers
v0x5566d5958e00_225 .net/s v0x5566d5958e00 225, 15 0, v0x5566d5934e60_0; 1 drivers
v0x5566d5958e00_226 .net/s v0x5566d5958e00 226, 15 0, v0x5566d5935770_0; 1 drivers
v0x5566d5958e00_227 .net/s v0x5566d5958e00 227, 15 0, v0x5566d5936070_0; 1 drivers
v0x5566d5958e00_228 .net/s v0x5566d5958e00 228, 15 0, v0x5566d59369c0_0; 1 drivers
v0x5566d5958e00_229 .net/s v0x5566d5958e00 229, 15 0, v0x5566d5937290_0; 1 drivers
v0x5566d5958e00_230 .net/s v0x5566d5958e00 230, 15 0, v0x5566d5937b90_0; 1 drivers
v0x5566d5958e00_231 .net/s v0x5566d5958e00 231, 15 0, v0x5566d5938490_0; 1 drivers
v0x5566d5958e00_232 .net/s v0x5566d5958e00 232, 15 0, v0x5566d5938dd0_0; 1 drivers
v0x5566d5958e00_233 .net/s v0x5566d5958e00 233, 15 0, v0x5566d59396d0_0; 1 drivers
v0x5566d5958e00_234 .net/s v0x5566d5958e00 234, 15 0, v0x5566d5939fd0_0; 1 drivers
v0x5566d5958e00_235 .net/s v0x5566d5958e00 235, 15 0, v0x5566d593a8d0_0; 1 drivers
v0x5566d5958e00_236 .net/s v0x5566d5958e00 236, 15 0, v0x5566d593b1d0_0; 1 drivers
v0x5566d5958e00_237 .net/s v0x5566d5958e00 237, 15 0, v0x5566d593bad0_0; 1 drivers
v0x5566d5958e00_238 .net/s v0x5566d5958e00 238, 15 0, v0x5566d593c3d0_0; 1 drivers
v0x5566d5958e00_239 .net/s v0x5566d5958e00 239, 15 0, v0x5566d593ccd0_0; 1 drivers
v0x5566d5958e00_240 .net/s v0x5566d5958e00 240, 15 0, v0x5566d593d8b0_0; 1 drivers
v0x5566d5958e00_241 .net/s v0x5566d5958e00 241, 15 0, v0x5566d593e1b0_0; 1 drivers
v0x5566d5958e00_242 .net/s v0x5566d5958e00 242, 15 0, v0x5566d593eac0_0; 1 drivers
v0x5566d5958e00_243 .net/s v0x5566d5958e00 243, 15 0, v0x5566d593f3c0_0; 1 drivers
v0x5566d5958e00_244 .net/s v0x5566d5958e00 244, 15 0, v0x5566d593fd10_0; 1 drivers
v0x5566d5958e00_245 .net/s v0x5566d5958e00 245, 15 0, v0x5566d59405e0_0; 1 drivers
v0x5566d5958e00_246 .net/s v0x5566d5958e00 246, 15 0, v0x5566d5940ee0_0; 1 drivers
v0x5566d5958e00_247 .net/s v0x5566d5958e00 247, 15 0, v0x5566d59417e0_0; 1 drivers
v0x5566d5958e00_248 .net/s v0x5566d5958e00 248, 15 0, v0x5566d5942120_0; 1 drivers
v0x5566d5958e00_249 .net/s v0x5566d5958e00 249, 15 0, v0x5566d5942a20_0; 1 drivers
v0x5566d5958e00_250 .net/s v0x5566d5958e00 250, 15 0, v0x5566d5943320_0; 1 drivers
v0x5566d5958e00_251 .net/s v0x5566d5958e00 251, 15 0, v0x5566d5943c20_0; 1 drivers
v0x5566d5958e00_252 .net/s v0x5566d5958e00 252, 15 0, v0x5566d5944520_0; 1 drivers
v0x5566d5958e00_253 .net/s v0x5566d5958e00 253, 15 0, v0x5566d5944e20_0; 1 drivers
v0x5566d5958e00_254 .net/s v0x5566d5958e00 254, 15 0, v0x5566d5945720_0; 1 drivers
v0x5566d5958e00_255 .net/s v0x5566d5958e00 255, 15 0, v0x5566d5946020_0; 1 drivers
S_0x5566d573e470 .scope module, "attention_score_calc" "matrix_multiplication" 4 65, 5 1 0, S_0x5566d573d2e0;
 .timescale 0 0;
    .port_info 0 /INPUT 768 "matA";
    .port_info 1 /INPUT 768 "matB";
    .port_info 2 /OUTPUT 4096 "result_matrix";
P_0x5566d559ce30 .param/l "M1" 0 5 2, +C4<00000000000000000000000000010000>;
P_0x5566d559ce70 .param/l "N" 0 5 3, +C4<00000000000000000000000000000011>;
P_0x5566d559ceb0 .param/l "N2" 0 5 4, +C4<00000000000000000000000000010000>;
v0x5566d57a0420_0 .var/s "accumulator", 31 0;
v0x5566d55eeff0_0 .var/2s "i", 31 0;
v0x5566d57a1520_0 .var/2s "j", 31 0;
v0x5566d57a26b0_0 .var/2s "k", 31 0;
v0x5566d57a3840 .array "matA", 47 0;
v0x5566d57a3840_0 .net/s v0x5566d57a3840 0, 15 0, L_0x5566d59a1aa0; 1 drivers
v0x5566d57a3840_1 .net/s v0x5566d57a3840 1, 15 0, L_0x5566d59a1b90; 1 drivers
v0x5566d57a3840_2 .net/s v0x5566d57a3840 2, 15 0, L_0x5566d59a1c50; 1 drivers
v0x5566d57a3840_3 .net/s v0x5566d57a3840 3, 15 0, L_0x5566d59a1d10; 1 drivers
v0x5566d57a3840_4 .net/s v0x5566d57a3840 4, 15 0, L_0x5566d59a1dd0; 1 drivers
v0x5566d57a3840_5 .net/s v0x5566d57a3840 5, 15 0, L_0x5566d59a1e90; 1 drivers
v0x5566d57a3840_6 .net/s v0x5566d57a3840 6, 15 0, L_0x5566d59a1f50; 1 drivers
v0x5566d57a3840_7 .net/s v0x5566d57a3840 7, 15 0, L_0x5566d59a2010; 1 drivers
v0x5566d57a3840_8 .net/s v0x5566d57a3840 8, 15 0, L_0x5566d59a20d0; 1 drivers
v0x5566d57a3840_9 .net/s v0x5566d57a3840 9, 15 0, L_0x5566d59a2190; 1 drivers
v0x5566d57a3840_10 .net/s v0x5566d57a3840 10, 15 0, L_0x5566d59a2250; 1 drivers
v0x5566d57a3840_11 .net/s v0x5566d57a3840 11, 15 0, L_0x5566d59a2310; 1 drivers
v0x5566d57a3840_12 .net/s v0x5566d57a3840 12, 15 0, L_0x5566d59a23d0; 1 drivers
v0x5566d57a3840_13 .net/s v0x5566d57a3840 13, 15 0, L_0x5566d58137a0; 1 drivers
v0x5566d57a3840_14 .net/s v0x5566d57a3840 14, 15 0, L_0x5566d59a32b0; 1 drivers
v0x5566d57a3840_15 .net/s v0x5566d57a3840 15, 15 0, L_0x5566d59a2560; 1 drivers
v0x5566d57a3840_16 .net/s v0x5566d57a3840 16, 15 0, L_0x5566d59a2620; 1 drivers
v0x5566d57a3840_17 .net/s v0x5566d57a3840 17, 15 0, L_0x5566d59a26e0; 1 drivers
v0x5566d57a3840_18 .net/s v0x5566d57a3840 18, 15 0, L_0x5566d59a27a0; 1 drivers
v0x5566d57a3840_19 .net/s v0x5566d57a3840 19, 15 0, L_0x5566d59a2860; 1 drivers
v0x5566d57a3840_20 .net/s v0x5566d57a3840 20, 15 0, L_0x5566d59a2920; 1 drivers
v0x5566d57a3840_21 .net/s v0x5566d57a3840 21, 15 0, L_0x5566d59a29e0; 1 drivers
v0x5566d57a3840_22 .net/s v0x5566d57a3840 22, 15 0, L_0x5566d59a2aa0; 1 drivers
v0x5566d57a3840_23 .net/s v0x5566d57a3840 23, 15 0, L_0x5566d59a2b60; 1 drivers
v0x5566d57a3840_24 .net/s v0x5566d57a3840 24, 15 0, L_0x5566d59a2c20; 1 drivers
v0x5566d57a3840_25 .net/s v0x5566d57a3840 25, 15 0, L_0x5566d59a2ce0; 1 drivers
v0x5566d57a3840_26 .net/s v0x5566d57a3840 26, 15 0, L_0x5566d59a2da0; 1 drivers
v0x5566d57a3840_27 .net/s v0x5566d57a3840 27, 15 0, L_0x5566d59a2e60; 1 drivers
v0x5566d57a3840_28 .net/s v0x5566d57a3840 28, 15 0, L_0x5566d59a2f20; 1 drivers
v0x5566d57a3840_29 .net/s v0x5566d57a3840 29, 15 0, L_0x5566d59a2fe0; 1 drivers
v0x5566d57a3840_30 .net/s v0x5566d57a3840 30, 15 0, L_0x5566d59a30a0; 1 drivers
v0x5566d57a3840_31 .net/s v0x5566d57a3840 31, 15 0, L_0x5566d59a3160; 1 drivers
v0x5566d57a3840_32 .net/s v0x5566d57a3840 32, 15 0, L_0x5566d59a3220; 1 drivers
v0x5566d57a3840_33 .net/s v0x5566d57a3840 33, 15 0, L_0x5566d59a3320; 1 drivers
v0x5566d57a3840_34 .net/s v0x5566d57a3840 34, 15 0, L_0x5566d59a33e0; 1 drivers
v0x5566d57a3840_35 .net/s v0x5566d57a3840 35, 15 0, L_0x5566d59a34a0; 1 drivers
v0x5566d57a3840_36 .net/s v0x5566d57a3840 36, 15 0, L_0x5566d59a3560; 1 drivers
v0x5566d57a3840_37 .net/s v0x5566d57a3840 37, 15 0, L_0x5566d59a3620; 1 drivers
v0x5566d57a3840_38 .net/s v0x5566d57a3840 38, 15 0, L_0x5566d59a36e0; 1 drivers
v0x5566d57a3840_39 .net/s v0x5566d57a3840 39, 15 0, L_0x5566d59a37a0; 1 drivers
v0x5566d57a3840_40 .net/s v0x5566d57a3840 40, 15 0, L_0x5566d59a3860; 1 drivers
v0x5566d57a3840_41 .net/s v0x5566d57a3840 41, 15 0, L_0x5566d59a3920; 1 drivers
v0x5566d57a3840_42 .net/s v0x5566d57a3840 42, 15 0, L_0x5566d59a39e0; 1 drivers
v0x5566d57a3840_43 .net/s v0x5566d57a3840 43, 15 0, L_0x5566d59a3aa0; 1 drivers
v0x5566d57a3840_44 .net/s v0x5566d57a3840 44, 15 0, L_0x5566d59a3b60; 1 drivers
v0x5566d57a3840_45 .net/s v0x5566d57a3840 45, 15 0, L_0x5566d59a3c20; 1 drivers
v0x5566d57a3840_46 .net/s v0x5566d57a3840 46, 15 0, L_0x5566d59a3ce0; 1 drivers
v0x5566d57a3840_47 .net/s v0x5566d57a3840 47, 15 0, L_0x5566d59a3da0; 1 drivers
v0x5566d57a9010 .array "matB", 47 0;
v0x5566d57a9010_0 .net/s v0x5566d57a9010 0, 15 0, L_0x5566d59a3e60; 1 drivers
v0x5566d57a9010_1 .net/s v0x5566d57a9010 1, 15 0, L_0x5566d59a3f20; 1 drivers
v0x5566d57a9010_2 .net/s v0x5566d57a9010 2, 15 0, L_0x5566d59a3fe0; 1 drivers
v0x5566d57a9010_3 .net/s v0x5566d57a9010 3, 15 0, L_0x5566d59a4fd0; 1 drivers
v0x5566d57a9010_4 .net/s v0x5566d57a9010 4, 15 0, L_0x5566d59a5040; 1 drivers
v0x5566d57a9010_5 .net/s v0x5566d57a9010 5, 15 0, L_0x5566d59a4150; 1 drivers
v0x5566d57a9010_6 .net/s v0x5566d57a9010 6, 15 0, L_0x5566d59a4210; 1 drivers
v0x5566d57a9010_7 .net/s v0x5566d57a9010 7, 15 0, L_0x5566d59a42d0; 1 drivers
v0x5566d57a9010_8 .net/s v0x5566d57a9010 8, 15 0, L_0x5566d59a4390; 1 drivers
v0x5566d57a9010_9 .net/s v0x5566d57a9010 9, 15 0, L_0x5566d59a4450; 1 drivers
v0x5566d57a9010_10 .net/s v0x5566d57a9010 10, 15 0, L_0x5566d59a4510; 1 drivers
v0x5566d57a9010_11 .net/s v0x5566d57a9010 11, 15 0, L_0x5566d59a45d0; 1 drivers
v0x5566d57a9010_12 .net/s v0x5566d57a9010 12, 15 0, L_0x5566d59a4690; 1 drivers
v0x5566d57a9010_13 .net/s v0x5566d57a9010 13, 15 0, L_0x5566d59a4750; 1 drivers
v0x5566d57a9010_14 .net/s v0x5566d57a9010 14, 15 0, L_0x5566d59a4810; 1 drivers
v0x5566d57a9010_15 .net/s v0x5566d57a9010 15, 15 0, L_0x5566d59a48d0; 1 drivers
v0x5566d57a9010_16 .net/s v0x5566d57a9010 16, 15 0, L_0x5566d59a4990; 1 drivers
v0x5566d57a9010_17 .net/s v0x5566d57a9010 17, 15 0, L_0x5566d59a4a50; 1 drivers
v0x5566d57a9010_18 .net/s v0x5566d57a9010 18, 15 0, L_0x5566d59a4b10; 1 drivers
v0x5566d57a9010_19 .net/s v0x5566d57a9010 19, 15 0, L_0x5566d59a4bd0; 1 drivers
v0x5566d57a9010_20 .net/s v0x5566d57a9010 20, 15 0, L_0x5566d59a4c90; 1 drivers
v0x5566d57a9010_21 .net/s v0x5566d57a9010 21, 15 0, L_0x5566d59a4d50; 1 drivers
v0x5566d57a9010_22 .net/s v0x5566d57a9010 22, 15 0, L_0x5566d59a4e10; 1 drivers
v0x5566d57a9010_23 .net/s v0x5566d57a9010 23, 15 0, L_0x5566d59a4ed0; 1 drivers
v0x5566d57a9010_24 .net/s v0x5566d57a9010 24, 15 0, L_0x5566d59a6020; 1 drivers
v0x5566d57a9010_25 .net/s v0x5566d57a9010 25, 15 0, L_0x5566d59a5100; 1 drivers
v0x5566d57a9010_26 .net/s v0x5566d57a9010 26, 15 0, L_0x5566d59a51c0; 1 drivers
v0x5566d57a9010_27 .net/s v0x5566d57a9010 27, 15 0, L_0x5566d59a5280; 1 drivers
v0x5566d57a9010_28 .net/s v0x5566d57a9010 28, 15 0, L_0x5566d59a5340; 1 drivers
v0x5566d57a9010_29 .net/s v0x5566d57a9010 29, 15 0, L_0x5566d59a5400; 1 drivers
v0x5566d57a9010_30 .net/s v0x5566d57a9010 30, 15 0, L_0x5566d59a54c0; 1 drivers
v0x5566d57a9010_31 .net/s v0x5566d57a9010 31, 15 0, L_0x5566d59a5580; 1 drivers
v0x5566d57a9010_32 .net/s v0x5566d57a9010 32, 15 0, L_0x5566d59a5640; 1 drivers
v0x5566d57a9010_33 .net/s v0x5566d57a9010 33, 15 0, L_0x5566d59a5700; 1 drivers
v0x5566d57a9010_34 .net/s v0x5566d57a9010 34, 15 0, L_0x5566d59a57c0; 1 drivers
v0x5566d57a9010_35 .net/s v0x5566d57a9010 35, 15 0, L_0x5566d59a5880; 1 drivers
v0x5566d57a9010_36 .net/s v0x5566d57a9010 36, 15 0, L_0x5566d59a5940; 1 drivers
v0x5566d57a9010_37 .net/s v0x5566d57a9010 37, 15 0, L_0x5566d59a5a00; 1 drivers
v0x5566d57a9010_38 .net/s v0x5566d57a9010 38, 15 0, L_0x5566d59a5ac0; 1 drivers
v0x5566d57a9010_39 .net/s v0x5566d57a9010 39, 15 0, L_0x5566d59a5b80; 1 drivers
v0x5566d57a9010_40 .net/s v0x5566d57a9010 40, 15 0, L_0x5566d59a5c40; 1 drivers
v0x5566d57a9010_41 .net/s v0x5566d57a9010 41, 15 0, L_0x5566d59a5d00; 1 drivers
v0x5566d57a9010_42 .net/s v0x5566d57a9010 42, 15 0, L_0x5566d59a5dc0; 1 drivers
v0x5566d57a9010_43 .net/s v0x5566d57a9010 43, 15 0, L_0x5566d59a5e80; 1 drivers
v0x5566d57a9010_44 .net/s v0x5566d57a9010 44, 15 0, L_0x5566d59a5f40; 1 drivers
v0x5566d57a9010_45 .net/s v0x5566d57a9010 45, 15 0, L_0x5566d59a70b0; 1 drivers
v0x5566d57a9010_46 .net/s v0x5566d57a9010 46, 15 0, L_0x5566d59a7170; 1 drivers
v0x5566d57a9010_47 .net/s v0x5566d57a9010 47, 15 0, L_0x5566d59a60e0; 1 drivers
v0x5566d57af970 .array/s "result_matrix", 255 0, 15 0;
E_0x5566d55d83c0/0 .event anyedge, v0x5566d57a3840_0, v0x5566d57a3840_1, v0x5566d57a3840_2, v0x5566d57a3840_3;
E_0x5566d55d83c0/1 .event anyedge, v0x5566d57a3840_4, v0x5566d57a3840_5, v0x5566d57a3840_6, v0x5566d57a3840_7;
E_0x5566d55d83c0/2 .event anyedge, v0x5566d57a3840_8, v0x5566d57a3840_9, v0x5566d57a3840_10, v0x5566d57a3840_11;
E_0x5566d55d83c0/3 .event anyedge, v0x5566d57a3840_12, v0x5566d57a3840_13, v0x5566d57a3840_14, v0x5566d57a3840_15;
E_0x5566d55d83c0/4 .event anyedge, v0x5566d57a3840_16, v0x5566d57a3840_17, v0x5566d57a3840_18, v0x5566d57a3840_19;
E_0x5566d55d83c0/5 .event anyedge, v0x5566d57a3840_20, v0x5566d57a3840_21, v0x5566d57a3840_22, v0x5566d57a3840_23;
E_0x5566d55d83c0/6 .event anyedge, v0x5566d57a3840_24, v0x5566d57a3840_25, v0x5566d57a3840_26, v0x5566d57a3840_27;
E_0x5566d55d83c0/7 .event anyedge, v0x5566d57a3840_28, v0x5566d57a3840_29, v0x5566d57a3840_30, v0x5566d57a3840_31;
E_0x5566d55d83c0/8 .event anyedge, v0x5566d57a3840_32, v0x5566d57a3840_33, v0x5566d57a3840_34, v0x5566d57a3840_35;
E_0x5566d55d83c0/9 .event anyedge, v0x5566d57a3840_36, v0x5566d57a3840_37, v0x5566d57a3840_38, v0x5566d57a3840_39;
E_0x5566d55d83c0/10 .event anyedge, v0x5566d57a3840_40, v0x5566d57a3840_41, v0x5566d57a3840_42, v0x5566d57a3840_43;
E_0x5566d55d83c0/11 .event anyedge, v0x5566d57a3840_44, v0x5566d57a3840_45, v0x5566d57a3840_46, v0x5566d57a3840_47;
E_0x5566d55d83c0/12 .event anyedge, v0x5566d57a9010_0, v0x5566d57a9010_1, v0x5566d57a9010_2, v0x5566d57a9010_3;
E_0x5566d55d83c0/13 .event anyedge, v0x5566d57a9010_4, v0x5566d57a9010_5, v0x5566d57a9010_6, v0x5566d57a9010_7;
E_0x5566d55d83c0/14 .event anyedge, v0x5566d57a9010_8, v0x5566d57a9010_9, v0x5566d57a9010_10, v0x5566d57a9010_11;
E_0x5566d55d83c0/15 .event anyedge, v0x5566d57a9010_12, v0x5566d57a9010_13, v0x5566d57a9010_14, v0x5566d57a9010_15;
E_0x5566d55d83c0/16 .event anyedge, v0x5566d57a9010_16, v0x5566d57a9010_17, v0x5566d57a9010_18, v0x5566d57a9010_19;
E_0x5566d55d83c0/17 .event anyedge, v0x5566d57a9010_20, v0x5566d57a9010_21, v0x5566d57a9010_22, v0x5566d57a9010_23;
E_0x5566d55d83c0/18 .event anyedge, v0x5566d57a9010_24, v0x5566d57a9010_25, v0x5566d57a9010_26, v0x5566d57a9010_27;
E_0x5566d55d83c0/19 .event anyedge, v0x5566d57a9010_28, v0x5566d57a9010_29, v0x5566d57a9010_30, v0x5566d57a9010_31;
E_0x5566d55d83c0/20 .event anyedge, v0x5566d57a9010_32, v0x5566d57a9010_33, v0x5566d57a9010_34, v0x5566d57a9010_35;
E_0x5566d55d83c0/21 .event anyedge, v0x5566d57a9010_36, v0x5566d57a9010_37, v0x5566d57a9010_38, v0x5566d57a9010_39;
E_0x5566d55d83c0/22 .event anyedge, v0x5566d57a9010_40, v0x5566d57a9010_41, v0x5566d57a9010_42, v0x5566d57a9010_43;
E_0x5566d55d83c0/23 .event anyedge, v0x5566d57a9010_44, v0x5566d57a9010_45, v0x5566d57a9010_46, v0x5566d57a9010_47;
E_0x5566d55d83c0 .event/or E_0x5566d55d83c0/0, E_0x5566d55d83c0/1, E_0x5566d55d83c0/2, E_0x5566d55d83c0/3, E_0x5566d55d83c0/4, E_0x5566d55d83c0/5, E_0x5566d55d83c0/6, E_0x5566d55d83c0/7, E_0x5566d55d83c0/8, E_0x5566d55d83c0/9, E_0x5566d55d83c0/10, E_0x5566d55d83c0/11, E_0x5566d55d83c0/12, E_0x5566d55d83c0/13, E_0x5566d55d83c0/14, E_0x5566d55d83c0/15, E_0x5566d55d83c0/16, E_0x5566d55d83c0/17, E_0x5566d55d83c0/18, E_0x5566d55d83c0/19, E_0x5566d55d83c0/20, E_0x5566d55d83c0/21, E_0x5566d55d83c0/22, E_0x5566d55d83c0/23;
S_0x5566d5741920 .scope module, "contextual_embedding_calc" "matrix_multiplication" 4 99, 5 1 0, S_0x5566d573d2e0;
 .timescale 0 0;
    .port_info 0 /INPUT 4096 "matA";
    .port_info 1 /INPUT 768 "matB";
    .port_info 2 /OUTPUT 768 "result_matrix";
P_0x5566d57cf6e0 .param/l "M1" 0 5 2, +C4<00000000000000000000000000010000>;
P_0x5566d57cf720 .param/l "N" 0 5 3, +C4<00000000000000000000000000010000>;
P_0x5566d57cf760 .param/l "N2" 0 5 4, +C4<00000000000000000000000000000011>;
v0x5566d57d1a70_0 .var/s "accumulator", 31 0;
v0x5566d57d2b70_0 .var/2s "i", 31 0;
v0x5566d57d3d00_0 .var/2s "j", 31 0;
v0x5566d57d4e90_0 .var/2s "k", 31 0;
v0x5566d57d6020 .array "matA", 255 0;
v0x5566d57d6020_0 .net/s v0x5566d57d6020 0, 15 0, L_0x5566d59c8f70; 1 drivers
v0x5566d57d6020_1 .net/s v0x5566d57d6020 1, 15 0, L_0x5566d59c9060; 1 drivers
v0x5566d57d6020_2 .net/s v0x5566d57d6020 2, 15 0, L_0x5566d59c9120; 1 drivers
v0x5566d57d6020_3 .net/s v0x5566d57d6020 3, 15 0, L_0x5566d59c91e0; 1 drivers
v0x5566d57d6020_4 .net/s v0x5566d57d6020 4, 15 0, L_0x5566d59c92a0; 1 drivers
v0x5566d57d6020_5 .net/s v0x5566d57d6020 5, 15 0, L_0x5566d59c9360; 1 drivers
v0x5566d57d6020_6 .net/s v0x5566d57d6020 6, 15 0, L_0x5566d59c9420; 1 drivers
v0x5566d57d6020_7 .net/s v0x5566d57d6020 7, 15 0, L_0x5566d59c94e0; 1 drivers
v0x5566d57d6020_8 .net/s v0x5566d57d6020 8, 15 0, L_0x5566d59c95a0; 1 drivers
v0x5566d57d6020_9 .net/s v0x5566d57d6020 9, 15 0, L_0x5566d59c9660; 1 drivers
v0x5566d57d6020_10 .net/s v0x5566d57d6020 10, 15 0, L_0x5566d59c9720; 1 drivers
v0x5566d57d6020_11 .net/s v0x5566d57d6020 11, 15 0, L_0x5566d59c97e0; 1 drivers
v0x5566d57d6020_12 .net/s v0x5566d57d6020 12, 15 0, L_0x5566d59c98a0; 1 drivers
v0x5566d57d6020_13 .net/s v0x5566d57d6020 13, 15 0, L_0x5566d59c9960; 1 drivers
v0x5566d57d6020_14 .net/s v0x5566d57d6020 14, 15 0, L_0x5566d59c9a20; 1 drivers
v0x5566d57d6020_15 .net/s v0x5566d57d6020 15, 15 0, L_0x5566d59c9ae0; 1 drivers
v0x5566d57d6020_16 .net/s v0x5566d57d6020 16, 15 0, L_0x5566d59c9ba0; 1 drivers
v0x5566d57d6020_17 .net/s v0x5566d57d6020 17, 15 0, L_0x5566d59c9c60; 1 drivers
v0x5566d57d6020_18 .net/s v0x5566d57d6020 18, 15 0, L_0x5566d59c9d20; 1 drivers
v0x5566d57d6020_19 .net/s v0x5566d57d6020 19, 15 0, L_0x5566d59c9de0; 1 drivers
v0x5566d57d6020_20 .net/s v0x5566d57d6020 20, 15 0, L_0x5566d59c9ea0; 1 drivers
v0x5566d57d6020_21 .net/s v0x5566d57d6020 21, 15 0, L_0x5566d59c9f60; 1 drivers
v0x5566d57d6020_22 .net/s v0x5566d57d6020 22, 15 0, L_0x5566d59ca020; 1 drivers
v0x5566d57d6020_23 .net/s v0x5566d57d6020 23, 15 0, L_0x5566d59ca0e0; 1 drivers
v0x5566d57d6020_24 .net/s v0x5566d57d6020 24, 15 0, L_0x5566d59ca1a0; 1 drivers
v0x5566d57d6020_25 .net/s v0x5566d57d6020 25, 15 0, L_0x5566d59ca260; 1 drivers
v0x5566d57d6020_26 .net/s v0x5566d57d6020 26, 15 0, L_0x5566d59ca320; 1 drivers
v0x5566d57d6020_27 .net/s v0x5566d57d6020 27, 15 0, L_0x5566d59ca3e0; 1 drivers
v0x5566d57d6020_28 .net/s v0x5566d57d6020 28, 15 0, L_0x5566d59ca4a0; 1 drivers
v0x5566d57d6020_29 .net/s v0x5566d57d6020 29, 15 0, L_0x5566d59ca560; 1 drivers
v0x5566d57d6020_30 .net/s v0x5566d57d6020 30, 15 0, L_0x5566d59ca620; 1 drivers
v0x5566d57d6020_31 .net/s v0x5566d57d6020 31, 15 0, L_0x5566d59ca6e0; 1 drivers
v0x5566d57d6020_32 .net/s v0x5566d57d6020 32, 15 0, L_0x5566d59ca7a0; 1 drivers
v0x5566d57d6020_33 .net/s v0x5566d57d6020 33, 15 0, L_0x5566d59ca860; 1 drivers
v0x5566d57d6020_34 .net/s v0x5566d57d6020 34, 15 0, L_0x5566d59ca920; 1 drivers
v0x5566d57d6020_35 .net/s v0x5566d57d6020 35, 15 0, L_0x5566d59ca9e0; 1 drivers
v0x5566d57d6020_36 .net/s v0x5566d57d6020 36, 15 0, L_0x5566d59caaa0; 1 drivers
v0x5566d57d6020_37 .net/s v0x5566d57d6020 37, 15 0, L_0x5566d59cab60; 1 drivers
v0x5566d57d6020_38 .net/s v0x5566d57d6020 38, 15 0, L_0x5566d5949f50; 1 drivers
v0x5566d57d6020_39 .net/s v0x5566d57d6020 39, 15 0, L_0x5566d594a010; 1 drivers
v0x5566d57d6020_40 .net/s v0x5566d57d6020 40, 15 0, L_0x5566d59cd670; 1 drivers
v0x5566d57d6020_41 .net/s v0x5566d57d6020 41, 15 0, L_0x5566d59cad50; 1 drivers
v0x5566d57d6020_42 .net/s v0x5566d57d6020 42, 15 0, L_0x5566d59cae10; 1 drivers
v0x5566d57d6020_43 .net/s v0x5566d57d6020 43, 15 0, L_0x5566d59caed0; 1 drivers
v0x5566d57d6020_44 .net/s v0x5566d57d6020 44, 15 0, L_0x5566d59caf90; 1 drivers
v0x5566d57d6020_45 .net/s v0x5566d57d6020 45, 15 0, L_0x5566d59cb050; 1 drivers
v0x5566d57d6020_46 .net/s v0x5566d57d6020 46, 15 0, L_0x5566d59cb110; 1 drivers
v0x5566d57d6020_47 .net/s v0x5566d57d6020 47, 15 0, L_0x5566d59cb1d0; 1 drivers
v0x5566d57d6020_48 .net/s v0x5566d57d6020 48, 15 0, L_0x5566d59cb290; 1 drivers
v0x5566d57d6020_49 .net/s v0x5566d57d6020 49, 15 0, L_0x5566d59cb350; 1 drivers
v0x5566d57d6020_50 .net/s v0x5566d57d6020 50, 15 0, L_0x5566d59cb410; 1 drivers
v0x5566d57d6020_51 .net/s v0x5566d57d6020 51, 15 0, L_0x5566d59cb4d0; 1 drivers
v0x5566d57d6020_52 .net/s v0x5566d57d6020 52, 15 0, L_0x5566d59cb590; 1 drivers
v0x5566d57d6020_53 .net/s v0x5566d57d6020 53, 15 0, L_0x5566d59cb650; 1 drivers
v0x5566d57d6020_54 .net/s v0x5566d57d6020 54, 15 0, L_0x5566d59cb710; 1 drivers
v0x5566d57d6020_55 .net/s v0x5566d57d6020 55, 15 0, L_0x5566d59cb7d0; 1 drivers
v0x5566d57d6020_56 .net/s v0x5566d57d6020 56, 15 0, L_0x5566d59cb890; 1 drivers
v0x5566d57d6020_57 .net/s v0x5566d57d6020 57, 15 0, L_0x5566d59cb950; 1 drivers
v0x5566d57d6020_58 .net/s v0x5566d57d6020 58, 15 0, L_0x5566d59cba10; 1 drivers
v0x5566d57d6020_59 .net/s v0x5566d57d6020 59, 15 0, L_0x5566d59cbad0; 1 drivers
v0x5566d57d6020_60 .net/s v0x5566d57d6020 60, 15 0, L_0x5566d59cbb90; 1 drivers
v0x5566d57d6020_61 .net/s v0x5566d57d6020 61, 15 0, L_0x5566d59cbc50; 1 drivers
v0x5566d57d6020_62 .net/s v0x5566d57d6020 62, 15 0, L_0x5566d59cbd10; 1 drivers
v0x5566d57d6020_63 .net/s v0x5566d57d6020 63, 15 0, L_0x5566d59cbdd0; 1 drivers
v0x5566d57d6020_64 .net/s v0x5566d57d6020 64, 15 0, L_0x5566d59cbe90; 1 drivers
v0x5566d57d6020_65 .net/s v0x5566d57d6020 65, 15 0, L_0x5566d59cbf50; 1 drivers
v0x5566d57d6020_66 .net/s v0x5566d57d6020 66, 15 0, L_0x5566d59cc010; 1 drivers
v0x5566d57d6020_67 .net/s v0x5566d57d6020 67, 15 0, L_0x5566d59cc0d0; 1 drivers
v0x5566d57d6020_68 .net/s v0x5566d57d6020 68, 15 0, L_0x5566d59cc190; 1 drivers
v0x5566d57d6020_69 .net/s v0x5566d57d6020 69, 15 0, L_0x5566d59cc250; 1 drivers
v0x5566d57d6020_70 .net/s v0x5566d57d6020 70, 15 0, L_0x5566d59cc310; 1 drivers
v0x5566d57d6020_71 .net/s v0x5566d57d6020 71, 15 0, L_0x5566d59cc3d0; 1 drivers
v0x5566d57d6020_72 .net/s v0x5566d57d6020 72, 15 0, L_0x5566d59cc490; 1 drivers
v0x5566d57d6020_73 .net/s v0x5566d57d6020 73, 15 0, L_0x5566d59cc550; 1 drivers
v0x5566d57d6020_74 .net/s v0x5566d57d6020 74, 15 0, L_0x5566d59cc610; 1 drivers
v0x5566d57d6020_75 .net/s v0x5566d57d6020 75, 15 0, L_0x5566d59cc6d0; 1 drivers
v0x5566d57d6020_76 .net/s v0x5566d57d6020 76, 15 0, L_0x5566d59cc790; 1 drivers
v0x5566d57d6020_77 .net/s v0x5566d57d6020 77, 15 0, L_0x5566d59cc850; 1 drivers
v0x5566d57d6020_78 .net/s v0x5566d57d6020 78, 15 0, L_0x5566d59cc910; 1 drivers
v0x5566d57d6020_79 .net/s v0x5566d57d6020 79, 15 0, L_0x5566d59cc9d0; 1 drivers
v0x5566d57d6020_80 .net/s v0x5566d57d6020 80, 15 0, L_0x5566d59cca90; 1 drivers
v0x5566d57d6020_81 .net/s v0x5566d57d6020 81, 15 0, L_0x5566d59ccb50; 1 drivers
v0x5566d57d6020_82 .net/s v0x5566d57d6020 82, 15 0, L_0x5566d59ccc10; 1 drivers
v0x5566d57d6020_83 .net/s v0x5566d57d6020 83, 15 0, L_0x5566d59cccd0; 1 drivers
v0x5566d57d6020_84 .net/s v0x5566d57d6020 84, 15 0, L_0x5566d59ccd90; 1 drivers
v0x5566d57d6020_85 .net/s v0x5566d57d6020 85, 15 0, L_0x5566d59cce50; 1 drivers
v0x5566d57d6020_86 .net/s v0x5566d57d6020 86, 15 0, L_0x5566d59ccf10; 1 drivers
v0x5566d57d6020_87 .net/s v0x5566d57d6020 87, 15 0, L_0x5566d59ccfd0; 1 drivers
v0x5566d57d6020_88 .net/s v0x5566d57d6020 88, 15 0, L_0x5566d59cd090; 1 drivers
v0x5566d57d6020_89 .net/s v0x5566d57d6020 89, 15 0, L_0x5566d59cd150; 1 drivers
v0x5566d57d6020_90 .net/s v0x5566d57d6020 90, 15 0, L_0x5566d59cd210; 1 drivers
v0x5566d57d6020_91 .net/s v0x5566d57d6020 91, 15 0, L_0x5566d59cd2d0; 1 drivers
v0x5566d57d6020_92 .net/s v0x5566d57d6020 92, 15 0, L_0x5566d59cd390; 1 drivers
v0x5566d57d6020_93 .net/s v0x5566d57d6020 93, 15 0, L_0x5566d59cd450; 1 drivers
v0x5566d57d6020_94 .net/s v0x5566d57d6020 94, 15 0, L_0x5566d59cd510; 1 drivers
v0x5566d57d6020_95 .net/s v0x5566d57d6020 95, 15 0, L_0x5566d59cd5d0; 1 drivers
v0x5566d57d6020_96 .net/s v0x5566d57d6020 96, 15 0, L_0x5566d59d0210; 1 drivers
v0x5566d57d6020_97 .net/s v0x5566d57d6020 97, 15 0, L_0x5566d59cd6e0; 1 drivers
v0x5566d57d6020_98 .net/s v0x5566d57d6020 98, 15 0, L_0x5566d59cd7a0; 1 drivers
v0x5566d57d6020_99 .net/s v0x5566d57d6020 99, 15 0, L_0x5566d59cd860; 1 drivers
v0x5566d57d6020_100 .net/s v0x5566d57d6020 100, 15 0, L_0x5566d59cd920; 1 drivers
v0x5566d57d6020_101 .net/s v0x5566d57d6020 101, 15 0, L_0x5566d59cd9e0; 1 drivers
v0x5566d57d6020_102 .net/s v0x5566d57d6020 102, 15 0, L_0x5566d59cdaa0; 1 drivers
v0x5566d57d6020_103 .net/s v0x5566d57d6020 103, 15 0, L_0x5566d59cdb60; 1 drivers
v0x5566d57d6020_104 .net/s v0x5566d57d6020 104, 15 0, L_0x5566d59cdc20; 1 drivers
v0x5566d57d6020_105 .net/s v0x5566d57d6020 105, 15 0, L_0x5566d59cdce0; 1 drivers
v0x5566d57d6020_106 .net/s v0x5566d57d6020 106, 15 0, L_0x5566d59cdda0; 1 drivers
v0x5566d57d6020_107 .net/s v0x5566d57d6020 107, 15 0, L_0x5566d59cde60; 1 drivers
v0x5566d57d6020_108 .net/s v0x5566d57d6020 108, 15 0, L_0x5566d59cdf20; 1 drivers
v0x5566d57d6020_109 .net/s v0x5566d57d6020 109, 15 0, L_0x5566d59cdfe0; 1 drivers
v0x5566d57d6020_110 .net/s v0x5566d57d6020 110, 15 0, L_0x5566d59ce0a0; 1 drivers
v0x5566d57d6020_111 .net/s v0x5566d57d6020 111, 15 0, L_0x5566d59ce160; 1 drivers
v0x5566d57d6020_112 .net/s v0x5566d57d6020 112, 15 0, L_0x5566d59ce220; 1 drivers
v0x5566d57d6020_113 .net/s v0x5566d57d6020 113, 15 0, L_0x5566d59ce2e0; 1 drivers
v0x5566d57d6020_114 .net/s v0x5566d57d6020 114, 15 0, L_0x5566d59ce3a0; 1 drivers
v0x5566d57d6020_115 .net/s v0x5566d57d6020 115, 15 0, L_0x5566d59ce460; 1 drivers
v0x5566d57d6020_116 .net/s v0x5566d57d6020 116, 15 0, L_0x5566d59ce520; 1 drivers
v0x5566d57d6020_117 .net/s v0x5566d57d6020 117, 15 0, L_0x5566d59ce5e0; 1 drivers
v0x5566d57d6020_118 .net/s v0x5566d57d6020 118, 15 0, L_0x5566d59ce6a0; 1 drivers
v0x5566d57d6020_119 .net/s v0x5566d57d6020 119, 15 0, L_0x5566d59ce760; 1 drivers
v0x5566d57d6020_120 .net/s v0x5566d57d6020 120, 15 0, L_0x5566d59ce820; 1 drivers
v0x5566d57d6020_121 .net/s v0x5566d57d6020 121, 15 0, L_0x5566d59ce8e0; 1 drivers
v0x5566d57d6020_122 .net/s v0x5566d57d6020 122, 15 0, L_0x5566d59ce9a0; 1 drivers
v0x5566d57d6020_123 .net/s v0x5566d57d6020 123, 15 0, L_0x5566d59cea60; 1 drivers
v0x5566d57d6020_124 .net/s v0x5566d57d6020 124, 15 0, L_0x5566d59ceb20; 1 drivers
v0x5566d57d6020_125 .net/s v0x5566d57d6020 125, 15 0, L_0x5566d59cebe0; 1 drivers
v0x5566d57d6020_126 .net/s v0x5566d57d6020 126, 15 0, L_0x5566d59ceca0; 1 drivers
v0x5566d57d6020_127 .net/s v0x5566d57d6020 127, 15 0, L_0x5566d59ced60; 1 drivers
v0x5566d57d6020_128 .net/s v0x5566d57d6020 128, 15 0, L_0x5566d59cee20; 1 drivers
v0x5566d57d6020_129 .net/s v0x5566d57d6020 129, 15 0, L_0x5566d59ceee0; 1 drivers
v0x5566d57d6020_130 .net/s v0x5566d57d6020 130, 15 0, L_0x5566d59cefa0; 1 drivers
v0x5566d57d6020_131 .net/s v0x5566d57d6020 131, 15 0, L_0x5566d59cf060; 1 drivers
v0x5566d57d6020_132 .net/s v0x5566d57d6020 132, 15 0, L_0x5566d59cf120; 1 drivers
v0x5566d57d6020_133 .net/s v0x5566d57d6020 133, 15 0, L_0x5566d59cf1e0; 1 drivers
v0x5566d57d6020_134 .net/s v0x5566d57d6020 134, 15 0, L_0x5566d59cf2a0; 1 drivers
v0x5566d57d6020_135 .net/s v0x5566d57d6020 135, 15 0, L_0x5566d59cf360; 1 drivers
v0x5566d57d6020_136 .net/s v0x5566d57d6020 136, 15 0, L_0x5566d59cf420; 1 drivers
v0x5566d57d6020_137 .net/s v0x5566d57d6020 137, 15 0, L_0x5566d59cf4e0; 1 drivers
v0x5566d57d6020_138 .net/s v0x5566d57d6020 138, 15 0, L_0x5566d59cf5a0; 1 drivers
v0x5566d57d6020_139 .net/s v0x5566d57d6020 139, 15 0, L_0x5566d59cf660; 1 drivers
v0x5566d57d6020_140 .net/s v0x5566d57d6020 140, 15 0, L_0x5566d59cf720; 1 drivers
v0x5566d57d6020_141 .net/s v0x5566d57d6020 141, 15 0, L_0x5566d59cf7e0; 1 drivers
v0x5566d57d6020_142 .net/s v0x5566d57d6020 142, 15 0, L_0x5566d59cf8a0; 1 drivers
v0x5566d57d6020_143 .net/s v0x5566d57d6020 143, 15 0, L_0x5566d59cf960; 1 drivers
v0x5566d57d6020_144 .net/s v0x5566d57d6020 144, 15 0, L_0x5566d59cfa20; 1 drivers
v0x5566d57d6020_145 .net/s v0x5566d57d6020 145, 15 0, L_0x5566d59cfae0; 1 drivers
v0x5566d57d6020_146 .net/s v0x5566d57d6020 146, 15 0, L_0x5566d59cfba0; 1 drivers
v0x5566d57d6020_147 .net/s v0x5566d57d6020 147, 15 0, L_0x5566d59cfc60; 1 drivers
v0x5566d57d6020_148 .net/s v0x5566d57d6020 148, 15 0, L_0x5566d59cfd20; 1 drivers
v0x5566d57d6020_149 .net/s v0x5566d57d6020 149, 15 0, L_0x5566d59cfde0; 1 drivers
v0x5566d57d6020_150 .net/s v0x5566d57d6020 150, 15 0, L_0x5566d59cfea0; 1 drivers
v0x5566d57d6020_151 .net/s v0x5566d57d6020 151, 15 0, L_0x5566d59cff60; 1 drivers
v0x5566d57d6020_152 .net/s v0x5566d57d6020 152, 15 0, L_0x5566d59d0020; 1 drivers
v0x5566d57d6020_153 .net/s v0x5566d57d6020 153, 15 0, L_0x5566d59d00e0; 1 drivers
v0x5566d57d6020_154 .net/s v0x5566d57d6020 154, 15 0, L_0x5566d59d2f80; 1 drivers
v0x5566d57d6020_155 .net/s v0x5566d57d6020 155, 15 0, L_0x5566d59d02d0; 1 drivers
v0x5566d57d6020_156 .net/s v0x5566d57d6020 156, 15 0, L_0x5566d59d0390; 1 drivers
v0x5566d57d6020_157 .net/s v0x5566d57d6020 157, 15 0, L_0x5566d59d0450; 1 drivers
v0x5566d57d6020_158 .net/s v0x5566d57d6020 158, 15 0, L_0x5566d59d0510; 1 drivers
v0x5566d57d6020_159 .net/s v0x5566d57d6020 159, 15 0, L_0x5566d59d05d0; 1 drivers
v0x5566d57d6020_160 .net/s v0x5566d57d6020 160, 15 0, L_0x5566d59d0690; 1 drivers
v0x5566d57d6020_161 .net/s v0x5566d57d6020 161, 15 0, L_0x5566d59d0750; 1 drivers
v0x5566d57d6020_162 .net/s v0x5566d57d6020 162, 15 0, L_0x5566d59d0810; 1 drivers
v0x5566d57d6020_163 .net/s v0x5566d57d6020 163, 15 0, L_0x5566d59d08d0; 1 drivers
v0x5566d57d6020_164 .net/s v0x5566d57d6020 164, 15 0, L_0x5566d59d0990; 1 drivers
v0x5566d57d6020_165 .net/s v0x5566d57d6020 165, 15 0, L_0x5566d59d0a50; 1 drivers
v0x5566d57d6020_166 .net/s v0x5566d57d6020 166, 15 0, L_0x5566d59d0b10; 1 drivers
v0x5566d57d6020_167 .net/s v0x5566d57d6020 167, 15 0, L_0x5566d59d0bd0; 1 drivers
v0x5566d57d6020_168 .net/s v0x5566d57d6020 168, 15 0, L_0x5566d59d0c90; 1 drivers
v0x5566d57d6020_169 .net/s v0x5566d57d6020 169, 15 0, L_0x5566d59d0d50; 1 drivers
v0x5566d57d6020_170 .net/s v0x5566d57d6020 170, 15 0, L_0x5566d59d0e10; 1 drivers
v0x5566d57d6020_171 .net/s v0x5566d57d6020 171, 15 0, L_0x5566d59d0ed0; 1 drivers
v0x5566d57d6020_172 .net/s v0x5566d57d6020 172, 15 0, L_0x5566d59d0f90; 1 drivers
v0x5566d57d6020_173 .net/s v0x5566d57d6020 173, 15 0, L_0x5566d59d1050; 1 drivers
v0x5566d57d6020_174 .net/s v0x5566d57d6020 174, 15 0, L_0x5566d59d1110; 1 drivers
v0x5566d57d6020_175 .net/s v0x5566d57d6020 175, 15 0, L_0x5566d59d11d0; 1 drivers
v0x5566d57d6020_176 .net/s v0x5566d57d6020 176, 15 0, L_0x5566d59d1290; 1 drivers
v0x5566d57d6020_177 .net/s v0x5566d57d6020 177, 15 0, L_0x5566d59d1350; 1 drivers
v0x5566d57d6020_178 .net/s v0x5566d57d6020 178, 15 0, L_0x5566d59d1410; 1 drivers
v0x5566d57d6020_179 .net/s v0x5566d57d6020 179, 15 0, L_0x5566d59d14d0; 1 drivers
v0x5566d57d6020_180 .net/s v0x5566d57d6020 180, 15 0, L_0x5566d59d1590; 1 drivers
v0x5566d57d6020_181 .net/s v0x5566d57d6020 181, 15 0, L_0x5566d59d1650; 1 drivers
v0x5566d57d6020_182 .net/s v0x5566d57d6020 182, 15 0, L_0x5566d59d1710; 1 drivers
v0x5566d57d6020_183 .net/s v0x5566d57d6020 183, 15 0, L_0x5566d59d17d0; 1 drivers
v0x5566d57d6020_184 .net/s v0x5566d57d6020 184, 15 0, L_0x5566d59d1890; 1 drivers
v0x5566d57d6020_185 .net/s v0x5566d57d6020 185, 15 0, L_0x5566d59d1950; 1 drivers
v0x5566d57d6020_186 .net/s v0x5566d57d6020 186, 15 0, L_0x5566d59d1a10; 1 drivers
v0x5566d57d6020_187 .net/s v0x5566d57d6020 187, 15 0, L_0x5566d59d1ad0; 1 drivers
v0x5566d57d6020_188 .net/s v0x5566d57d6020 188, 15 0, L_0x5566d59d1b90; 1 drivers
v0x5566d57d6020_189 .net/s v0x5566d57d6020 189, 15 0, L_0x5566d59d1c50; 1 drivers
v0x5566d57d6020_190 .net/s v0x5566d57d6020 190, 15 0, L_0x5566d59d1d10; 1 drivers
v0x5566d57d6020_191 .net/s v0x5566d57d6020 191, 15 0, L_0x5566d59d1dd0; 1 drivers
v0x5566d57d6020_192 .net/s v0x5566d57d6020 192, 15 0, L_0x5566d59d1e90; 1 drivers
v0x5566d57d6020_193 .net/s v0x5566d57d6020 193, 15 0, L_0x5566d59d1f50; 1 drivers
v0x5566d57d6020_194 .net/s v0x5566d57d6020 194, 15 0, L_0x5566d59d2010; 1 drivers
v0x5566d57d6020_195 .net/s v0x5566d57d6020 195, 15 0, L_0x5566d59d20d0; 1 drivers
v0x5566d57d6020_196 .net/s v0x5566d57d6020 196, 15 0, L_0x5566d59d2190; 1 drivers
v0x5566d57d6020_197 .net/s v0x5566d57d6020 197, 15 0, L_0x5566d59d2250; 1 drivers
v0x5566d57d6020_198 .net/s v0x5566d57d6020 198, 15 0, L_0x5566d59d2310; 1 drivers
v0x5566d57d6020_199 .net/s v0x5566d57d6020 199, 15 0, L_0x5566d59d23d0; 1 drivers
v0x5566d57d6020_200 .net/s v0x5566d57d6020 200, 15 0, L_0x5566d59d2490; 1 drivers
v0x5566d57d6020_201 .net/s v0x5566d57d6020 201, 15 0, L_0x5566d59d2550; 1 drivers
v0x5566d57d6020_202 .net/s v0x5566d57d6020 202, 15 0, L_0x5566d59d2610; 1 drivers
v0x5566d57d6020_203 .net/s v0x5566d57d6020 203, 15 0, L_0x5566d59d26d0; 1 drivers
v0x5566d57d6020_204 .net/s v0x5566d57d6020 204, 15 0, L_0x5566d59d2790; 1 drivers
v0x5566d57d6020_205 .net/s v0x5566d57d6020 205, 15 0, L_0x5566d59d2850; 1 drivers
v0x5566d57d6020_206 .net/s v0x5566d57d6020 206, 15 0, L_0x5566d59d2910; 1 drivers
v0x5566d57d6020_207 .net/s v0x5566d57d6020 207, 15 0, L_0x5566d59d29d0; 1 drivers
v0x5566d57d6020_208 .net/s v0x5566d57d6020 208, 15 0, L_0x5566d59d2a90; 1 drivers
v0x5566d57d6020_209 .net/s v0x5566d57d6020 209, 15 0, L_0x5566d59d2b50; 1 drivers
v0x5566d57d6020_210 .net/s v0x5566d57d6020 210, 15 0, L_0x5566d59d2c10; 1 drivers
v0x5566d57d6020_211 .net/s v0x5566d57d6020 211, 15 0, L_0x5566d59d2cd0; 1 drivers
v0x5566d57d6020_212 .net/s v0x5566d57d6020 212, 15 0, L_0x5566d59d2d90; 1 drivers
v0x5566d57d6020_213 .net/s v0x5566d57d6020 213, 15 0, L_0x5566d59d2e50; 1 drivers
v0x5566d57d6020_214 .net/s v0x5566d57d6020 214, 15 0, L_0x5566d59d2f10; 1 drivers
v0x5566d57d6020_215 .net/s v0x5566d57d6020 215, 15 0, L_0x5566d59d3040; 1 drivers
v0x5566d57d6020_216 .net/s v0x5566d57d6020 216, 15 0, L_0x5566d59d3100; 1 drivers
v0x5566d57d6020_217 .net/s v0x5566d57d6020 217, 15 0, L_0x5566d59d31c0; 1 drivers
v0x5566d57d6020_218 .net/s v0x5566d57d6020 218, 15 0, L_0x5566d59d3280; 1 drivers
v0x5566d57d6020_219 .net/s v0x5566d57d6020 219, 15 0, L_0x5566d59d3340; 1 drivers
v0x5566d57d6020_220 .net/s v0x5566d57d6020 220, 15 0, L_0x5566d59d3400; 1 drivers
v0x5566d57d6020_221 .net/s v0x5566d57d6020 221, 15 0, L_0x5566d59d34c0; 1 drivers
v0x5566d57d6020_222 .net/s v0x5566d57d6020 222, 15 0, L_0x5566d59d3580; 1 drivers
v0x5566d57d6020_223 .net/s v0x5566d57d6020 223, 15 0, L_0x5566d59d3640; 1 drivers
v0x5566d57d6020_224 .net/s v0x5566d57d6020 224, 15 0, L_0x5566d59d3700; 1 drivers
v0x5566d57d6020_225 .net/s v0x5566d57d6020 225, 15 0, L_0x5566d59d37c0; 1 drivers
v0x5566d57d6020_226 .net/s v0x5566d57d6020 226, 15 0, L_0x5566d59d3880; 1 drivers
v0x5566d57d6020_227 .net/s v0x5566d57d6020 227, 15 0, L_0x5566d59d3940; 1 drivers
v0x5566d57d6020_228 .net/s v0x5566d57d6020 228, 15 0, L_0x5566d59d3a00; 1 drivers
v0x5566d57d6020_229 .net/s v0x5566d57d6020 229, 15 0, L_0x5566d59d3ac0; 1 drivers
v0x5566d57d6020_230 .net/s v0x5566d57d6020 230, 15 0, L_0x5566d59d3b80; 1 drivers
v0x5566d57d6020_231 .net/s v0x5566d57d6020 231, 15 0, L_0x5566d59d3c40; 1 drivers
v0x5566d57d6020_232 .net/s v0x5566d57d6020 232, 15 0, L_0x5566d59d3d00; 1 drivers
v0x5566d57d6020_233 .net/s v0x5566d57d6020 233, 15 0, L_0x5566d59d3dc0; 1 drivers
v0x5566d57d6020_234 .net/s v0x5566d57d6020 234, 15 0, L_0x5566d59d3e80; 1 drivers
v0x5566d57d6020_235 .net/s v0x5566d57d6020 235, 15 0, L_0x5566d59d3f40; 1 drivers
v0x5566d57d6020_236 .net/s v0x5566d57d6020 236, 15 0, L_0x5566d59d4000; 1 drivers
v0x5566d57d6020_237 .net/s v0x5566d57d6020 237, 15 0, L_0x5566d59d40c0; 1 drivers
v0x5566d57d6020_238 .net/s v0x5566d57d6020 238, 15 0, L_0x5566d59d4180; 1 drivers
v0x5566d57d6020_239 .net/s v0x5566d57d6020 239, 15 0, L_0x5566d59d4240; 1 drivers
v0x5566d57d6020_240 .net/s v0x5566d57d6020 240, 15 0, L_0x5566d59d4300; 1 drivers
v0x5566d57d6020_241 .net/s v0x5566d57d6020 241, 15 0, L_0x5566d59d43c0; 1 drivers
v0x5566d57d6020_242 .net/s v0x5566d57d6020 242, 15 0, L_0x5566d59d4480; 1 drivers
v0x5566d57d6020_243 .net/s v0x5566d57d6020 243, 15 0, L_0x5566d59d4540; 1 drivers
v0x5566d57d6020_244 .net/s v0x5566d57d6020 244, 15 0, L_0x5566d59d4600; 1 drivers
v0x5566d57d6020_245 .net/s v0x5566d57d6020 245, 15 0, L_0x5566d59d46c0; 1 drivers
v0x5566d57d6020_246 .net/s v0x5566d57d6020 246, 15 0, L_0x5566d59d4780; 1 drivers
v0x5566d57d6020_247 .net/s v0x5566d57d6020 247, 15 0, L_0x5566d59d4840; 1 drivers
v0x5566d57d6020_248 .net/s v0x5566d57d6020 248, 15 0, L_0x5566d59d4900; 1 drivers
v0x5566d57d6020_249 .net/s v0x5566d57d6020 249, 15 0, L_0x5566d59d49c0; 1 drivers
v0x5566d57d6020_250 .net/s v0x5566d57d6020 250, 15 0, L_0x5566d59d4a80; 1 drivers
v0x5566d57d6020_251 .net/s v0x5566d57d6020 251, 15 0, L_0x5566d59d4b40; 1 drivers
v0x5566d57d6020_252 .net/s v0x5566d57d6020 252, 15 0, L_0x5566d59d4c00; 1 drivers
v0x5566d57d6020_253 .net/s v0x5566d57d6020 253, 15 0, L_0x5566d59d4cc0; 1 drivers
v0x5566d57d6020_254 .net/s v0x5566d57d6020 254, 15 0, L_0x5566d59d4d80; 1 drivers
v0x5566d57d6020_255 .net/s v0x5566d57d6020 255, 15 0, L_0x5566d59d4e40; 1 drivers
v0x5566d57f4c60 .array "matB", 47 0;
v0x5566d57f4c60_0 .net/s v0x5566d57f4c60 0, 15 0, L_0x5566d59d4f00; 1 drivers
v0x5566d57f4c60_1 .net/s v0x5566d57f4c60 1, 15 0, L_0x5566d59d4fc0; 1 drivers
v0x5566d57f4c60_2 .net/s v0x5566d57f4c60 2, 15 0, L_0x5566d59d5080; 1 drivers
v0x5566d57f4c60_3 .net/s v0x5566d57f4c60 3, 15 0, L_0x5566d59d5140; 1 drivers
v0x5566d57f4c60_4 .net/s v0x5566d57f4c60 4, 15 0, L_0x5566d59d5200; 1 drivers
v0x5566d57f4c60_5 .net/s v0x5566d57f4c60 5, 15 0, L_0x5566d59d52c0; 1 drivers
v0x5566d57f4c60_6 .net/s v0x5566d57f4c60 6, 15 0, L_0x5566d59d5380; 1 drivers
v0x5566d57f4c60_7 .net/s v0x5566d57f4c60 7, 15 0, L_0x5566d59d5440; 1 drivers
v0x5566d57f4c60_8 .net/s v0x5566d57f4c60 8, 15 0, L_0x5566d59d5500; 1 drivers
v0x5566d57f4c60_9 .net/s v0x5566d57f4c60 9, 15 0, L_0x5566d59d55c0; 1 drivers
v0x5566d57f4c60_10 .net/s v0x5566d57f4c60 10, 15 0, L_0x5566d59d5680; 1 drivers
v0x5566d57f4c60_11 .net/s v0x5566d57f4c60 11, 15 0, L_0x5566d59d5740; 1 drivers
v0x5566d57f4c60_12 .net/s v0x5566d57f4c60 12, 15 0, L_0x5566d59d5800; 1 drivers
v0x5566d57f4c60_13 .net/s v0x5566d57f4c60 13, 15 0, L_0x5566d59d58c0; 1 drivers
v0x5566d57f4c60_14 .net/s v0x5566d57f4c60 14, 15 0, L_0x5566d59d5980; 1 drivers
v0x5566d57f4c60_15 .net/s v0x5566d57f4c60 15, 15 0, L_0x5566d59d5a40; 1 drivers
v0x5566d57f4c60_16 .net/s v0x5566d57f4c60 16, 15 0, L_0x5566d59d5b00; 1 drivers
v0x5566d57f4c60_17 .net/s v0x5566d57f4c60 17, 15 0, L_0x5566d59d5bc0; 1 drivers
v0x5566d57f4c60_18 .net/s v0x5566d57f4c60 18, 15 0, L_0x5566d59d5c80; 1 drivers
v0x5566d57f4c60_19 .net/s v0x5566d57f4c60 19, 15 0, L_0x5566d59d5d40; 1 drivers
v0x5566d57f4c60_20 .net/s v0x5566d57f4c60 20, 15 0, L_0x5566d59d5e00; 1 drivers
v0x5566d57f4c60_21 .net/s v0x5566d57f4c60 21, 15 0, L_0x5566d59d8fb0; 1 drivers
v0x5566d57f4c60_22 .net/s v0x5566d57f4c60 22, 15 0, L_0x5566d59d9070; 1 drivers
v0x5566d57f4c60_23 .net/s v0x5566d57f4c60 23, 15 0, L_0x5566d59d5f20; 1 drivers
v0x5566d57f4c60_24 .net/s v0x5566d57f4c60 24, 15 0, L_0x5566d59d5fe0; 1 drivers
v0x5566d57f4c60_25 .net/s v0x5566d57f4c60 25, 15 0, L_0x5566d59d60a0; 1 drivers
v0x5566d57f4c60_26 .net/s v0x5566d57f4c60 26, 15 0, L_0x5566d59d6160; 1 drivers
v0x5566d57f4c60_27 .net/s v0x5566d57f4c60 27, 15 0, L_0x5566d59d6220; 1 drivers
v0x5566d57f4c60_28 .net/s v0x5566d57f4c60 28, 15 0, L_0x5566d59d62e0; 1 drivers
v0x5566d57f4c60_29 .net/s v0x5566d57f4c60 29, 15 0, L_0x5566d59d63a0; 1 drivers
v0x5566d57f4c60_30 .net/s v0x5566d57f4c60 30, 15 0, L_0x5566d59d6460; 1 drivers
v0x5566d57f4c60_31 .net/s v0x5566d57f4c60 31, 15 0, L_0x5566d59d6520; 1 drivers
v0x5566d57f4c60_32 .net/s v0x5566d57f4c60 32, 15 0, L_0x5566d59d65e0; 1 drivers
v0x5566d57f4c60_33 .net/s v0x5566d57f4c60 33, 15 0, L_0x5566d59d66a0; 1 drivers
v0x5566d57f4c60_34 .net/s v0x5566d57f4c60 34, 15 0, L_0x5566d59d6760; 1 drivers
v0x5566d57f4c60_35 .net/s v0x5566d57f4c60 35, 15 0, L_0x5566d59d6820; 1 drivers
v0x5566d57f4c60_36 .net/s v0x5566d57f4c60 36, 15 0, L_0x5566d59d68e0; 1 drivers
v0x5566d57f4c60_37 .net/s v0x5566d57f4c60 37, 15 0, L_0x5566d59d69a0; 1 drivers
v0x5566d57f4c60_38 .net/s v0x5566d57f4c60 38, 15 0, L_0x5566d59d6a60; 1 drivers
v0x5566d57f4c60_39 .net/s v0x5566d57f4c60 39, 15 0, L_0x5566d59d6b20; 1 drivers
v0x5566d57f4c60_40 .net/s v0x5566d57f4c60 40, 15 0, L_0x5566d59d6be0; 1 drivers
v0x5566d57f4c60_41 .net/s v0x5566d57f4c60 41, 15 0, L_0x5566d59d6ca0; 1 drivers
v0x5566d57f4c60_42 .net/s v0x5566d57f4c60 42, 15 0, L_0x5566d59d6d60; 1 drivers
v0x5566d57f4c60_43 .net/s v0x5566d57f4c60 43, 15 0, L_0x5566d59d6e20; 1 drivers
v0x5566d57f4c60_44 .net/s v0x5566d57f4c60 44, 15 0, L_0x5566d59d6ee0; 1 drivers
v0x5566d57f4c60_45 .net/s v0x5566d57f4c60 45, 15 0, L_0x5566d59d6fa0; 1 drivers
v0x5566d57f4c60_46 .net/s v0x5566d57f4c60 46, 15 0, L_0x5566d59d7060; 1 drivers
v0x5566d57f4c60_47 .net/s v0x5566d57f4c60 47, 15 0, L_0x5566d59d7120; 1 drivers
v0x5566d57fb5c0 .array/s "result_matrix", 47 0, 15 0;
E_0x5566d55d5ae0/0 .event anyedge, v0x5566d57d6020_0, v0x5566d57d6020_1, v0x5566d57d6020_2, v0x5566d57d6020_3;
E_0x5566d55d5ae0/1 .event anyedge, v0x5566d57d6020_4, v0x5566d57d6020_5, v0x5566d57d6020_6, v0x5566d57d6020_7;
E_0x5566d55d5ae0/2 .event anyedge, v0x5566d57d6020_8, v0x5566d57d6020_9, v0x5566d57d6020_10, v0x5566d57d6020_11;
E_0x5566d55d5ae0/3 .event anyedge, v0x5566d57d6020_12, v0x5566d57d6020_13, v0x5566d57d6020_14, v0x5566d57d6020_15;
E_0x5566d55d5ae0/4 .event anyedge, v0x5566d57d6020_16, v0x5566d57d6020_17, v0x5566d57d6020_18, v0x5566d57d6020_19;
E_0x5566d55d5ae0/5 .event anyedge, v0x5566d57d6020_20, v0x5566d57d6020_21, v0x5566d57d6020_22, v0x5566d57d6020_23;
E_0x5566d55d5ae0/6 .event anyedge, v0x5566d57d6020_24, v0x5566d57d6020_25, v0x5566d57d6020_26, v0x5566d57d6020_27;
E_0x5566d55d5ae0/7 .event anyedge, v0x5566d57d6020_28, v0x5566d57d6020_29, v0x5566d57d6020_30, v0x5566d57d6020_31;
E_0x5566d55d5ae0/8 .event anyedge, v0x5566d57d6020_32, v0x5566d57d6020_33, v0x5566d57d6020_34, v0x5566d57d6020_35;
E_0x5566d55d5ae0/9 .event anyedge, v0x5566d57d6020_36, v0x5566d57d6020_37, v0x5566d57d6020_38, v0x5566d57d6020_39;
E_0x5566d55d5ae0/10 .event anyedge, v0x5566d57d6020_40, v0x5566d57d6020_41, v0x5566d57d6020_42, v0x5566d57d6020_43;
E_0x5566d55d5ae0/11 .event anyedge, v0x5566d57d6020_44, v0x5566d57d6020_45, v0x5566d57d6020_46, v0x5566d57d6020_47;
E_0x5566d55d5ae0/12 .event anyedge, v0x5566d57d6020_48, v0x5566d57d6020_49, v0x5566d57d6020_50, v0x5566d57d6020_51;
E_0x5566d55d5ae0/13 .event anyedge, v0x5566d57d6020_52, v0x5566d57d6020_53, v0x5566d57d6020_54, v0x5566d57d6020_55;
E_0x5566d55d5ae0/14 .event anyedge, v0x5566d57d6020_56, v0x5566d57d6020_57, v0x5566d57d6020_58, v0x5566d57d6020_59;
E_0x5566d55d5ae0/15 .event anyedge, v0x5566d57d6020_60, v0x5566d57d6020_61, v0x5566d57d6020_62, v0x5566d57d6020_63;
E_0x5566d55d5ae0/16 .event anyedge, v0x5566d57d6020_64, v0x5566d57d6020_65, v0x5566d57d6020_66, v0x5566d57d6020_67;
E_0x5566d55d5ae0/17 .event anyedge, v0x5566d57d6020_68, v0x5566d57d6020_69, v0x5566d57d6020_70, v0x5566d57d6020_71;
E_0x5566d55d5ae0/18 .event anyedge, v0x5566d57d6020_72, v0x5566d57d6020_73, v0x5566d57d6020_74, v0x5566d57d6020_75;
E_0x5566d55d5ae0/19 .event anyedge, v0x5566d57d6020_76, v0x5566d57d6020_77, v0x5566d57d6020_78, v0x5566d57d6020_79;
E_0x5566d55d5ae0/20 .event anyedge, v0x5566d57d6020_80, v0x5566d57d6020_81, v0x5566d57d6020_82, v0x5566d57d6020_83;
E_0x5566d55d5ae0/21 .event anyedge, v0x5566d57d6020_84, v0x5566d57d6020_85, v0x5566d57d6020_86, v0x5566d57d6020_87;
E_0x5566d55d5ae0/22 .event anyedge, v0x5566d57d6020_88, v0x5566d57d6020_89, v0x5566d57d6020_90, v0x5566d57d6020_91;
E_0x5566d55d5ae0/23 .event anyedge, v0x5566d57d6020_92, v0x5566d57d6020_93, v0x5566d57d6020_94, v0x5566d57d6020_95;
E_0x5566d55d5ae0/24 .event anyedge, v0x5566d57d6020_96, v0x5566d57d6020_97, v0x5566d57d6020_98, v0x5566d57d6020_99;
E_0x5566d55d5ae0/25 .event anyedge, v0x5566d57d6020_100, v0x5566d57d6020_101, v0x5566d57d6020_102, v0x5566d57d6020_103;
E_0x5566d55d5ae0/26 .event anyedge, v0x5566d57d6020_104, v0x5566d57d6020_105, v0x5566d57d6020_106, v0x5566d57d6020_107;
E_0x5566d55d5ae0/27 .event anyedge, v0x5566d57d6020_108, v0x5566d57d6020_109, v0x5566d57d6020_110, v0x5566d57d6020_111;
E_0x5566d55d5ae0/28 .event anyedge, v0x5566d57d6020_112, v0x5566d57d6020_113, v0x5566d57d6020_114, v0x5566d57d6020_115;
E_0x5566d55d5ae0/29 .event anyedge, v0x5566d57d6020_116, v0x5566d57d6020_117, v0x5566d57d6020_118, v0x5566d57d6020_119;
E_0x5566d55d5ae0/30 .event anyedge, v0x5566d57d6020_120, v0x5566d57d6020_121, v0x5566d57d6020_122, v0x5566d57d6020_123;
E_0x5566d55d5ae0/31 .event anyedge, v0x5566d57d6020_124, v0x5566d57d6020_125, v0x5566d57d6020_126, v0x5566d57d6020_127;
E_0x5566d55d5ae0/32 .event anyedge, v0x5566d57d6020_128, v0x5566d57d6020_129, v0x5566d57d6020_130, v0x5566d57d6020_131;
E_0x5566d55d5ae0/33 .event anyedge, v0x5566d57d6020_132, v0x5566d57d6020_133, v0x5566d57d6020_134, v0x5566d57d6020_135;
E_0x5566d55d5ae0/34 .event anyedge, v0x5566d57d6020_136, v0x5566d57d6020_137, v0x5566d57d6020_138, v0x5566d57d6020_139;
E_0x5566d55d5ae0/35 .event anyedge, v0x5566d57d6020_140, v0x5566d57d6020_141, v0x5566d57d6020_142, v0x5566d57d6020_143;
E_0x5566d55d5ae0/36 .event anyedge, v0x5566d57d6020_144, v0x5566d57d6020_145, v0x5566d57d6020_146, v0x5566d57d6020_147;
E_0x5566d55d5ae0/37 .event anyedge, v0x5566d57d6020_148, v0x5566d57d6020_149, v0x5566d57d6020_150, v0x5566d57d6020_151;
E_0x5566d55d5ae0/38 .event anyedge, v0x5566d57d6020_152, v0x5566d57d6020_153, v0x5566d57d6020_154, v0x5566d57d6020_155;
E_0x5566d55d5ae0/39 .event anyedge, v0x5566d57d6020_156, v0x5566d57d6020_157, v0x5566d57d6020_158, v0x5566d57d6020_159;
E_0x5566d55d5ae0/40 .event anyedge, v0x5566d57d6020_160, v0x5566d57d6020_161, v0x5566d57d6020_162, v0x5566d57d6020_163;
E_0x5566d55d5ae0/41 .event anyedge, v0x5566d57d6020_164, v0x5566d57d6020_165, v0x5566d57d6020_166, v0x5566d57d6020_167;
E_0x5566d55d5ae0/42 .event anyedge, v0x5566d57d6020_168, v0x5566d57d6020_169, v0x5566d57d6020_170, v0x5566d57d6020_171;
E_0x5566d55d5ae0/43 .event anyedge, v0x5566d57d6020_172, v0x5566d57d6020_173, v0x5566d57d6020_174, v0x5566d57d6020_175;
E_0x5566d55d5ae0/44 .event anyedge, v0x5566d57d6020_176, v0x5566d57d6020_177, v0x5566d57d6020_178, v0x5566d57d6020_179;
E_0x5566d55d5ae0/45 .event anyedge, v0x5566d57d6020_180, v0x5566d57d6020_181, v0x5566d57d6020_182, v0x5566d57d6020_183;
E_0x5566d55d5ae0/46 .event anyedge, v0x5566d57d6020_184, v0x5566d57d6020_185, v0x5566d57d6020_186, v0x5566d57d6020_187;
E_0x5566d55d5ae0/47 .event anyedge, v0x5566d57d6020_188, v0x5566d57d6020_189, v0x5566d57d6020_190, v0x5566d57d6020_191;
E_0x5566d55d5ae0/48 .event anyedge, v0x5566d57d6020_192, v0x5566d57d6020_193, v0x5566d57d6020_194, v0x5566d57d6020_195;
E_0x5566d55d5ae0/49 .event anyedge, v0x5566d57d6020_196, v0x5566d57d6020_197, v0x5566d57d6020_198, v0x5566d57d6020_199;
E_0x5566d55d5ae0/50 .event anyedge, v0x5566d57d6020_200, v0x5566d57d6020_201, v0x5566d57d6020_202, v0x5566d57d6020_203;
E_0x5566d55d5ae0/51 .event anyedge, v0x5566d57d6020_204, v0x5566d57d6020_205, v0x5566d57d6020_206, v0x5566d57d6020_207;
E_0x5566d55d5ae0/52 .event anyedge, v0x5566d57d6020_208, v0x5566d57d6020_209, v0x5566d57d6020_210, v0x5566d57d6020_211;
E_0x5566d55d5ae0/53 .event anyedge, v0x5566d57d6020_212, v0x5566d57d6020_213, v0x5566d57d6020_214, v0x5566d57d6020_215;
E_0x5566d55d5ae0/54 .event anyedge, v0x5566d57d6020_216, v0x5566d57d6020_217, v0x5566d57d6020_218, v0x5566d57d6020_219;
E_0x5566d55d5ae0/55 .event anyedge, v0x5566d57d6020_220, v0x5566d57d6020_221, v0x5566d57d6020_222, v0x5566d57d6020_223;
E_0x5566d55d5ae0/56 .event anyedge, v0x5566d57d6020_224, v0x5566d57d6020_225, v0x5566d57d6020_226, v0x5566d57d6020_227;
E_0x5566d55d5ae0/57 .event anyedge, v0x5566d57d6020_228, v0x5566d57d6020_229, v0x5566d57d6020_230, v0x5566d57d6020_231;
E_0x5566d55d5ae0/58 .event anyedge, v0x5566d57d6020_232, v0x5566d57d6020_233, v0x5566d57d6020_234, v0x5566d57d6020_235;
E_0x5566d55d5ae0/59 .event anyedge, v0x5566d57d6020_236, v0x5566d57d6020_237, v0x5566d57d6020_238, v0x5566d57d6020_239;
E_0x5566d55d5ae0/60 .event anyedge, v0x5566d57d6020_240, v0x5566d57d6020_241, v0x5566d57d6020_242, v0x5566d57d6020_243;
E_0x5566d55d5ae0/61 .event anyedge, v0x5566d57d6020_244, v0x5566d57d6020_245, v0x5566d57d6020_246, v0x5566d57d6020_247;
E_0x5566d55d5ae0/62 .event anyedge, v0x5566d57d6020_248, v0x5566d57d6020_249, v0x5566d57d6020_250, v0x5566d57d6020_251;
E_0x5566d55d5ae0/63 .event anyedge, v0x5566d57d6020_252, v0x5566d57d6020_253, v0x5566d57d6020_254, v0x5566d57d6020_255;
E_0x5566d55d5ae0/64 .event anyedge, v0x5566d57f4c60_0, v0x5566d57f4c60_1, v0x5566d57f4c60_2, v0x5566d57f4c60_3;
E_0x5566d55d5ae0/65 .event anyedge, v0x5566d57f4c60_4, v0x5566d57f4c60_5, v0x5566d57f4c60_6, v0x5566d57f4c60_7;
E_0x5566d55d5ae0/66 .event anyedge, v0x5566d57f4c60_8, v0x5566d57f4c60_9, v0x5566d57f4c60_10, v0x5566d57f4c60_11;
E_0x5566d55d5ae0/67 .event anyedge, v0x5566d57f4c60_12, v0x5566d57f4c60_13, v0x5566d57f4c60_14, v0x5566d57f4c60_15;
E_0x5566d55d5ae0/68 .event anyedge, v0x5566d57f4c60_16, v0x5566d57f4c60_17, v0x5566d57f4c60_18, v0x5566d57f4c60_19;
E_0x5566d55d5ae0/69 .event anyedge, v0x5566d57f4c60_20, v0x5566d57f4c60_21, v0x5566d57f4c60_22, v0x5566d57f4c60_23;
E_0x5566d55d5ae0/70 .event anyedge, v0x5566d57f4c60_24, v0x5566d57f4c60_25, v0x5566d57f4c60_26, v0x5566d57f4c60_27;
E_0x5566d55d5ae0/71 .event anyedge, v0x5566d57f4c60_28, v0x5566d57f4c60_29, v0x5566d57f4c60_30, v0x5566d57f4c60_31;
E_0x5566d55d5ae0/72 .event anyedge, v0x5566d57f4c60_32, v0x5566d57f4c60_33, v0x5566d57f4c60_34, v0x5566d57f4c60_35;
E_0x5566d55d5ae0/73 .event anyedge, v0x5566d57f4c60_36, v0x5566d57f4c60_37, v0x5566d57f4c60_38, v0x5566d57f4c60_39;
E_0x5566d55d5ae0/74 .event anyedge, v0x5566d57f4c60_40, v0x5566d57f4c60_41, v0x5566d57f4c60_42, v0x5566d57f4c60_43;
E_0x5566d55d5ae0/75 .event anyedge, v0x5566d57f4c60_44, v0x5566d57f4c60_45, v0x5566d57f4c60_46, v0x5566d57f4c60_47;
E_0x5566d55d5ae0 .event/or E_0x5566d55d5ae0/0, E_0x5566d55d5ae0/1, E_0x5566d55d5ae0/2, E_0x5566d55d5ae0/3, E_0x5566d55d5ae0/4, E_0x5566d55d5ae0/5, E_0x5566d55d5ae0/6, E_0x5566d55d5ae0/7, E_0x5566d55d5ae0/8, E_0x5566d55d5ae0/9, E_0x5566d55d5ae0/10, E_0x5566d55d5ae0/11, E_0x5566d55d5ae0/12, E_0x5566d55d5ae0/13, E_0x5566d55d5ae0/14, E_0x5566d55d5ae0/15, E_0x5566d55d5ae0/16, E_0x5566d55d5ae0/17, E_0x5566d55d5ae0/18, E_0x5566d55d5ae0/19, E_0x5566d55d5ae0/20, E_0x5566d55d5ae0/21, E_0x5566d55d5ae0/22, E_0x5566d55d5ae0/23, E_0x5566d55d5ae0/24, E_0x5566d55d5ae0/25, E_0x5566d55d5ae0/26, E_0x5566d55d5ae0/27, E_0x5566d55d5ae0/28, E_0x5566d55d5ae0/29, E_0x5566d55d5ae0/30, E_0x5566d55d5ae0/31, E_0x5566d55d5ae0/32, E_0x5566d55d5ae0/33, E_0x5566d55d5ae0/34, E_0x5566d55d5ae0/35, E_0x5566d55d5ae0/36, E_0x5566d55d5ae0/37, E_0x5566d55d5ae0/38, E_0x5566d55d5ae0/39, E_0x5566d55d5ae0/40, E_0x5566d55d5ae0/41, E_0x5566d55d5ae0/42, E_0x5566d55d5ae0/43, E_0x5566d55d5ae0/44, E_0x5566d55d5ae0/45, E_0x5566d55d5ae0/46, E_0x5566d55d5ae0/47, E_0x5566d55d5ae0/48, E_0x5566d55d5ae0/49, E_0x5566d55d5ae0/50, E_0x5566d55d5ae0/51, E_0x5566d55d5ae0/52, E_0x5566d55d5ae0/53, E_0x5566d55d5ae0/54, E_0x5566d55d5ae0/55, E_0x5566d55d5ae0/56, E_0x5566d55d5ae0/57, E_0x5566d55d5ae0/58, E_0x5566d55d5ae0/59, E_0x5566d55d5ae0/60, E_0x5566d55d5ae0/61, E_0x5566d55d5ae0/62, E_0x5566d55d5ae0/63, E_0x5566d55d5ae0/64, E_0x5566d55d5ae0/65, E_0x5566d55d5ae0/66, E_0x5566d55d5ae0/67, E_0x5566d55d5ae0/68, E_0x5566d55d5ae0/69, E_0x5566d55d5ae0/70, E_0x5566d55d5ae0/71, E_0x5566d55d5ae0/72, E_0x5566d55d5ae0/73, E_0x5566d55d5ae0/74, E_0x5566d55d5ae0/75;
S_0x5566d5744dd0 .scope module, "key_transpose_calc" "matrix_transpose" 4 55, 6 1 0, S_0x5566d573d2e0;
 .timescale 0 0;
    .port_info 0 /INPUT 768 "matA";
    .port_info 1 /OUTPUT 768 "matA_tp";
P_0x5566d579e070 .param/l "col" 0 6 3, +C4<00000000000000000000000000000011>;
P_0x5566d579e0b0 .param/l "row" 0 6 2, +C4<00000000000000000000000000010000>;
v0x5566d5807670 .array "matA", 47 0;
v0x5566d5807670_0 .net/s v0x5566d5807670 0, 15 0, L_0x5566d599d5d0; 1 drivers
v0x5566d5807670_1 .net/s v0x5566d5807670 1, 15 0, L_0x5566d599d6c0; 1 drivers
v0x5566d5807670_2 .net/s v0x5566d5807670 2, 15 0, L_0x5566d599d780; 1 drivers
v0x5566d5807670_3 .net/s v0x5566d5807670 3, 15 0, L_0x5566d599d840; 1 drivers
v0x5566d5807670_4 .net/s v0x5566d5807670 4, 15 0, L_0x5566d599d900; 1 drivers
v0x5566d5807670_5 .net/s v0x5566d5807670 5, 15 0, L_0x5566d599d9c0; 1 drivers
v0x5566d5807670_6 .net/s v0x5566d5807670 6, 15 0, L_0x5566d599da80; 1 drivers
v0x5566d5807670_7 .net/s v0x5566d5807670 7, 15 0, L_0x5566d5951360; 1 drivers
v0x5566d5807670_8 .net/s v0x5566d5807670 8, 15 0, L_0x5566d599e5f0; 1 drivers
v0x5566d5807670_9 .net/s v0x5566d5807670 9, 15 0, L_0x5566d599dbd0; 1 drivers
v0x5566d5807670_10 .net/s v0x5566d5807670 10, 15 0, L_0x5566d599dc90; 1 drivers
v0x5566d5807670_11 .net/s v0x5566d5807670 11, 15 0, L_0x5566d599dd50; 1 drivers
v0x5566d5807670_12 .net/s v0x5566d5807670 12, 15 0, L_0x5566d599de10; 1 drivers
v0x5566d5807670_13 .net/s v0x5566d5807670 13, 15 0, L_0x5566d599ded0; 1 drivers
v0x5566d5807670_14 .net/s v0x5566d5807670 14, 15 0, L_0x5566d599df90; 1 drivers
v0x5566d5807670_15 .net/s v0x5566d5807670 15, 15 0, L_0x5566d599e050; 1 drivers
v0x5566d5807670_16 .net/s v0x5566d5807670 16, 15 0, L_0x5566d599e110; 1 drivers
v0x5566d5807670_17 .net/s v0x5566d5807670 17, 15 0, L_0x5566d599e1d0; 1 drivers
v0x5566d5807670_18 .net/s v0x5566d5807670 18, 15 0, L_0x5566d599e290; 1 drivers
v0x5566d5807670_19 .net/s v0x5566d5807670 19, 15 0, L_0x5566d599e350; 1 drivers
v0x5566d5807670_20 .net/s v0x5566d5807670 20, 15 0, L_0x5566d599e410; 1 drivers
v0x5566d5807670_21 .net/s v0x5566d5807670 21, 15 0, L_0x5566d599e4d0; 1 drivers
v0x5566d5807670_22 .net/s v0x5566d5807670 22, 15 0, L_0x5566d599f140; 1 drivers
v0x5566d5807670_23 .net/s v0x5566d5807670 23, 15 0, L_0x5566d599e6b0; 1 drivers
v0x5566d5807670_24 .net/s v0x5566d5807670 24, 15 0, L_0x5566d599e770; 1 drivers
v0x5566d5807670_25 .net/s v0x5566d5807670 25, 15 0, L_0x5566d599e830; 1 drivers
v0x5566d5807670_26 .net/s v0x5566d5807670 26, 15 0, L_0x5566d599e8f0; 1 drivers
v0x5566d5807670_27 .net/s v0x5566d5807670 27, 15 0, L_0x5566d599e9b0; 1 drivers
v0x5566d5807670_28 .net/s v0x5566d5807670 28, 15 0, L_0x5566d599ea70; 1 drivers
v0x5566d5807670_29 .net/s v0x5566d5807670 29, 15 0, L_0x5566d599eb30; 1 drivers
v0x5566d5807670_30 .net/s v0x5566d5807670 30, 15 0, L_0x5566d599ebf0; 1 drivers
v0x5566d5807670_31 .net/s v0x5566d5807670 31, 15 0, L_0x5566d599ecb0; 1 drivers
v0x5566d5807670_32 .net/s v0x5566d5807670 32, 15 0, L_0x5566d599ed70; 1 drivers
v0x5566d5807670_33 .net/s v0x5566d5807670 33, 15 0, L_0x5566d599ee30; 1 drivers
v0x5566d5807670_34 .net/s v0x5566d5807670 34, 15 0, L_0x5566d599eef0; 1 drivers
v0x5566d5807670_35 .net/s v0x5566d5807670 35, 15 0, L_0x5566d599efb0; 1 drivers
v0x5566d5807670_36 .net/s v0x5566d5807670 36, 15 0, L_0x5566d599f070; 1 drivers
v0x5566d5807670_37 .net/s v0x5566d5807670 37, 15 0, L_0x5566d599fcc0; 1 drivers
v0x5566d5807670_38 .net/s v0x5566d5807670 38, 15 0, L_0x5566d599fd80; 1 drivers
v0x5566d5807670_39 .net/s v0x5566d5807670 39, 15 0, L_0x5566d599f1b0; 1 drivers
v0x5566d5807670_40 .net/s v0x5566d5807670 40, 15 0, L_0x5566d599f270; 1 drivers
v0x5566d5807670_41 .net/s v0x5566d5807670 41, 15 0, L_0x5566d599f330; 1 drivers
v0x5566d5807670_42 .net/s v0x5566d5807670 42, 15 0, L_0x5566d599f3f0; 1 drivers
v0x5566d5807670_43 .net/s v0x5566d5807670 43, 15 0, L_0x5566d599f4b0; 1 drivers
v0x5566d5807670_44 .net/s v0x5566d5807670 44, 15 0, L_0x5566d599f570; 1 drivers
v0x5566d5807670_45 .net/s v0x5566d5807670 45, 15 0, L_0x5566d599f630; 1 drivers
v0x5566d5807670_46 .net/s v0x5566d5807670 46, 15 0, L_0x5566d599f6f0; 1 drivers
v0x5566d5807670_47 .net/s v0x5566d5807670 47, 15 0, L_0x5566d599f7b0; 1 drivers
v0x5566d580dfd0 .array/s "matA_tp", 47 0, 15 0;
E_0x5566d55d74a0/0 .event anyedge, v0x5566d5807670_0, v0x5566d5807670_1, v0x5566d5807670_2, v0x5566d5807670_3;
E_0x5566d55d74a0/1 .event anyedge, v0x5566d5807670_4, v0x5566d5807670_5, v0x5566d5807670_6, v0x5566d5807670_7;
E_0x5566d55d74a0/2 .event anyedge, v0x5566d5807670_8, v0x5566d5807670_9, v0x5566d5807670_10, v0x5566d5807670_11;
E_0x5566d55d74a0/3 .event anyedge, v0x5566d5807670_12, v0x5566d5807670_13, v0x5566d5807670_14, v0x5566d5807670_15;
E_0x5566d55d74a0/4 .event anyedge, v0x5566d5807670_16, v0x5566d5807670_17, v0x5566d5807670_18, v0x5566d5807670_19;
E_0x5566d55d74a0/5 .event anyedge, v0x5566d5807670_20, v0x5566d5807670_21, v0x5566d5807670_22, v0x5566d5807670_23;
E_0x5566d55d74a0/6 .event anyedge, v0x5566d5807670_24, v0x5566d5807670_25, v0x5566d5807670_26, v0x5566d5807670_27;
E_0x5566d55d74a0/7 .event anyedge, v0x5566d5807670_28, v0x5566d5807670_29, v0x5566d5807670_30, v0x5566d5807670_31;
E_0x5566d55d74a0/8 .event anyedge, v0x5566d5807670_32, v0x5566d5807670_33, v0x5566d5807670_34, v0x5566d5807670_35;
E_0x5566d55d74a0/9 .event anyedge, v0x5566d5807670_36, v0x5566d5807670_37, v0x5566d5807670_38, v0x5566d5807670_39;
E_0x5566d55d74a0/10 .event anyedge, v0x5566d5807670_40, v0x5566d5807670_41, v0x5566d5807670_42, v0x5566d5807670_43;
E_0x5566d55d74a0/11 .event anyedge, v0x5566d5807670_44, v0x5566d5807670_45, v0x5566d5807670_46, v0x5566d5807670_47;
E_0x5566d55d74a0 .event/or E_0x5566d55d74a0/0, E_0x5566d55d74a0/1, E_0x5566d55d74a0/2, E_0x5566d55d74a0/3, E_0x5566d55d74a0/4, E_0x5566d55d74a0/5, E_0x5566d55d74a0/6, E_0x5566d55d74a0/7, E_0x5566d55d74a0/8, E_0x5566d55d74a0/9, E_0x5566d55d74a0/10, E_0x5566d55d74a0/11;
S_0x5566d57470f0 .scope begin, "$unm_blk_5" "$unm_blk_5" 6 8, 6 8 0, S_0x5566d5744dd0;
 .timescale 0 0;
v0x5566d5805350_0 .var/2s "i", 31 0;
v0x5566d58064e0_0 .var/2s "j", 31 0;
S_0x5566d574a5a0 .scope module, "key_vector_calc" "matrix_multiplication" 4 35, 5 1 0, S_0x5566d573d2e0;
 .timescale 0 0;
    .port_info 0 /INPUT 768 "matA";
    .port_info 1 /INPUT 144 "matB";
    .port_info 2 /OUTPUT 768 "result_matrix";
P_0x5566d5814980 .param/l "M1" 0 5 2, +C4<00000000000000000000000000010000>;
P_0x5566d58149c0 .param/l "N" 0 5 3, +C4<00000000000000000000000000000011>;
P_0x5566d5814a00 .param/l "N2" 0 5 4, +C4<00000000000000000000000000000011>;
v0x5566d5816ce0_0 .var/s "accumulator", 31 0;
v0x5566d55df0b0_0 .var/2s "i", 31 0;
v0x5566d55df190_0 .var/2s "j", 31 0;
v0x5566d55df250_0 .var/2s "k", 31 0;
v0x5566d5817de0 .array "matA", 47 0;
v0x5566d5817de0_0 .net/s v0x5566d5817de0 0, 15 0, L_0x5566d5994210; 1 drivers
v0x5566d5817de0_1 .net/s v0x5566d5817de0 1, 15 0, L_0x5566d5724cd0; 1 drivers
v0x5566d5817de0_2 .net/s v0x5566d5817de0 2, 15 0, L_0x5566d59947f0; 1 drivers
v0x5566d5817de0_3 .net/s v0x5566d5817de0 3, 15 0, L_0x5566d5994440; 1 drivers
v0x5566d5817de0_4 .net/s v0x5566d5817de0 4, 15 0, L_0x5566d5994500; 1 drivers
v0x5566d5817de0_5 .net/s v0x5566d5817de0 5, 15 0, L_0x5566d59945c0; 1 drivers
v0x5566d5817de0_6 .net/s v0x5566d5817de0 6, 15 0, L_0x5566d5994680; 1 drivers
v0x5566d5817de0_7 .net/s v0x5566d5817de0 7, 15 0, L_0x5566d5994c40; 1 drivers
v0x5566d5817de0_8 .net/s v0x5566d5817de0 8, 15 0, L_0x5566d5994cb0; 1 drivers
v0x5566d5817de0_9 .net/s v0x5566d5817de0 9, 15 0, L_0x5566d59948b0; 1 drivers
v0x5566d5817de0_10 .net/s v0x5566d5817de0 10, 15 0, L_0x5566d5994970; 1 drivers
v0x5566d5817de0_11 .net/s v0x5566d5817de0 11, 15 0, L_0x5566d5994a30; 1 drivers
v0x5566d5817de0_12 .net/s v0x5566d5817de0 12, 15 0, L_0x5566d5994af0; 1 drivers
v0x5566d5817de0_13 .net/s v0x5566d5817de0 13, 15 0, L_0x5566d5994bb0; 1 drivers
v0x5566d5817de0_14 .net/s v0x5566d5817de0 14, 15 0, L_0x5566d5995180; 1 drivers
v0x5566d5817de0_15 .net/s v0x5566d5817de0 15, 15 0, L_0x5566d5994d70; 1 drivers
v0x5566d5817de0_16 .net/s v0x5566d5817de0 16, 15 0, L_0x5566d5994e30; 1 drivers
v0x5566d5817de0_17 .net/s v0x5566d5817de0 17, 15 0, L_0x5566d5994ef0; 1 drivers
v0x5566d5817de0_18 .net/s v0x5566d5817de0 18, 15 0, L_0x5566d5994fb0; 1 drivers
v0x5566d5817de0_19 .net/s v0x5566d5817de0 19, 15 0, L_0x5566d5995070; 1 drivers
v0x5566d5817de0_20 .net/s v0x5566d5817de0 20, 15 0, L_0x5566d5995630; 1 drivers
v0x5566d5817de0_21 .net/s v0x5566d5817de0 21, 15 0, L_0x5566d5995240; 1 drivers
v0x5566d5817de0_22 .net/s v0x5566d5817de0 22, 15 0, L_0x5566d5995300; 1 drivers
v0x5566d5817de0_23 .net/s v0x5566d5817de0 23, 15 0, L_0x5566d59953c0; 1 drivers
v0x5566d5817de0_24 .net/s v0x5566d5817de0 24, 15 0, L_0x5566d5995480; 1 drivers
v0x5566d5817de0_25 .net/s v0x5566d5817de0 25, 15 0, L_0x5566d5995540; 1 drivers
v0x5566d5817de0_26 .net/s v0x5566d5817de0 26, 15 0, L_0x5566d5995b10; 1 drivers
v0x5566d5817de0_27 .net/s v0x5566d5817de0 27, 15 0, L_0x5566d59956f0; 1 drivers
v0x5566d5817de0_28 .net/s v0x5566d5817de0 28, 15 0, L_0x5566d59957b0; 1 drivers
v0x5566d5817de0_29 .net/s v0x5566d5817de0 29, 15 0, L_0x5566d5995870; 1 drivers
v0x5566d5817de0_30 .net/s v0x5566d5817de0 30, 15 0, L_0x5566d5995930; 1 drivers
v0x5566d5817de0_31 .net/s v0x5566d5817de0 31, 15 0, L_0x5566d59959f0; 1 drivers
v0x5566d5817de0_32 .net/s v0x5566d5817de0 32, 15 0, L_0x5566d5996020; 1 drivers
v0x5566d5817de0_33 .net/s v0x5566d5817de0 33, 15 0, L_0x5566d5995bd0; 1 drivers
v0x5566d5817de0_34 .net/s v0x5566d5817de0 34, 15 0, L_0x5566d5995c90; 1 drivers
v0x5566d5817de0_35 .net/s v0x5566d5817de0 35, 15 0, L_0x5566d5995d50; 1 drivers
v0x5566d5817de0_36 .net/s v0x5566d5817de0 36, 15 0, L_0x5566d5995e10; 1 drivers
v0x5566d5817de0_37 .net/s v0x5566d5817de0 37, 15 0, L_0x5566d5995ed0; 1 drivers
v0x5566d5817de0_38 .net/s v0x5566d5817de0 38, 15 0, L_0x5566d5995f90; 1 drivers
v0x5566d5817de0_39 .net/s v0x5566d5817de0 39, 15 0, L_0x5566d5996090; 1 drivers
v0x5566d5817de0_40 .net/s v0x5566d5817de0 40, 15 0, L_0x5566d5996150; 1 drivers
v0x5566d5817de0_41 .net/s v0x5566d5817de0 41, 15 0, L_0x5566d5996210; 1 drivers
v0x5566d5817de0_42 .net/s v0x5566d5817de0 42, 15 0, L_0x5566d59962d0; 1 drivers
v0x5566d5817de0_43 .net/s v0x5566d5817de0 43, 15 0, L_0x5566d5996390; 1 drivers
v0x5566d5817de0_44 .net/s v0x5566d5817de0 44, 15 0, L_0x5566d5996450; 1 drivers
v0x5566d5817de0_45 .net/s v0x5566d5817de0 45, 15 0, L_0x5566d5996a20; 1 drivers
v0x5566d5817de0_46 .net/s v0x5566d5817de0 46, 15 0, L_0x5566d5996ae0; 1 drivers
v0x5566d5817de0_47 .net/s v0x5566d5817de0 47, 15 0, L_0x5566d5996560; 1 drivers
v0x5566d581e740 .array "matB", 8 0;
v0x5566d581e740_0 .net/s v0x5566d581e740 0, 15 0, L_0x5566d5996620; 1 drivers
v0x5566d581e740_1 .net/s v0x5566d581e740 1, 15 0, L_0x5566d5996690; 1 drivers
v0x5566d581e740_2 .net/s v0x5566d581e740 2, 15 0, L_0x5566d5996700; 1 drivers
v0x5566d581e740_3 .net/s v0x5566d581e740 3, 15 0, L_0x5566d59967a0; 1 drivers
v0x5566d581e740_4 .net/s v0x5566d581e740 4, 15 0, L_0x5566d5996870; 1 drivers
v0x5566d581e740_5 .net/s v0x5566d581e740 5, 15 0, L_0x5566d5996940; 1 drivers
v0x5566d581e740_6 .net/s v0x5566d581e740 6, 15 0, L_0x5566d59970a0; 1 drivers
v0x5566d581e740_7 .net/s v0x5566d581e740 7, 15 0, L_0x5566d5996ba0; 1 drivers
v0x5566d581e740_8 .net/s v0x5566d581e740 8, 15 0, L_0x5566d5996c70; 1 drivers
v0x5566d5820a60 .array/s "result_matrix", 47 0, 15 0;
E_0x5566d55d5250/0 .event anyedge, v0x5566d5817de0_0, v0x5566d5817de0_1, v0x5566d5817de0_2, v0x5566d5817de0_3;
E_0x5566d55d5250/1 .event anyedge, v0x5566d5817de0_4, v0x5566d5817de0_5, v0x5566d5817de0_6, v0x5566d5817de0_7;
E_0x5566d55d5250/2 .event anyedge, v0x5566d5817de0_8, v0x5566d5817de0_9, v0x5566d5817de0_10, v0x5566d5817de0_11;
E_0x5566d55d5250/3 .event anyedge, v0x5566d5817de0_12, v0x5566d5817de0_13, v0x5566d5817de0_14, v0x5566d5817de0_15;
E_0x5566d55d5250/4 .event anyedge, v0x5566d5817de0_16, v0x5566d5817de0_17, v0x5566d5817de0_18, v0x5566d5817de0_19;
E_0x5566d55d5250/5 .event anyedge, v0x5566d5817de0_20, v0x5566d5817de0_21, v0x5566d5817de0_22, v0x5566d5817de0_23;
E_0x5566d55d5250/6 .event anyedge, v0x5566d5817de0_24, v0x5566d5817de0_25, v0x5566d5817de0_26, v0x5566d5817de0_27;
E_0x5566d55d5250/7 .event anyedge, v0x5566d5817de0_28, v0x5566d5817de0_29, v0x5566d5817de0_30, v0x5566d5817de0_31;
E_0x5566d55d5250/8 .event anyedge, v0x5566d5817de0_32, v0x5566d5817de0_33, v0x5566d5817de0_34, v0x5566d5817de0_35;
E_0x5566d55d5250/9 .event anyedge, v0x5566d5817de0_36, v0x5566d5817de0_37, v0x5566d5817de0_38, v0x5566d5817de0_39;
E_0x5566d55d5250/10 .event anyedge, v0x5566d5817de0_40, v0x5566d5817de0_41, v0x5566d5817de0_42, v0x5566d5817de0_43;
E_0x5566d55d5250/11 .event anyedge, v0x5566d5817de0_44, v0x5566d5817de0_45, v0x5566d5817de0_46, v0x5566d5817de0_47;
E_0x5566d55d5250/12 .event anyedge, v0x5566d581e740_0, v0x5566d581e740_1, v0x5566d581e740_2, v0x5566d581e740_3;
E_0x5566d55d5250/13 .event anyedge, v0x5566d581e740_4, v0x5566d581e740_5, v0x5566d581e740_6, v0x5566d581e740_7;
E_0x5566d55d5250/14 .event anyedge, v0x5566d581e740_8;
E_0x5566d55d5250 .event/or E_0x5566d55d5250/0, E_0x5566d55d5250/1, E_0x5566d55d5250/2, E_0x5566d55d5250/3, E_0x5566d55d5250/4, E_0x5566d55d5250/5, E_0x5566d55d5250/6, E_0x5566d55d5250/7, E_0x5566d55d5250/8, E_0x5566d55d5250/9, E_0x5566d55d5250/10, E_0x5566d55d5250/11, E_0x5566d55d5250/12, E_0x5566d55d5250/13, E_0x5566d55d5250/14;
S_0x5566d574da50 .scope module, "query_vector_calc" "matrix_multiplication" 4 24, 5 1 0, S_0x5566d573d2e0;
 .timescale 0 0;
    .port_info 0 /INPUT 768 "matA";
    .port_info 1 /INPUT 144 "matB";
    .port_info 2 /OUTPUT 768 "result_matrix";
P_0x5566d5715790 .param/l "M1" 0 5 2, +C4<00000000000000000000000000010000>;
P_0x5566d57157d0 .param/l "N" 0 5 3, +C4<00000000000000000000000000000011>;
P_0x5566d5715810 .param/l "N2" 0 5 4, +C4<00000000000000000000000000000011>;
v0x5566d55e4350_0 .var/s "accumulator", 31 0;
v0x5566d55e4450_0 .var/2s "i", 31 0;
v0x5566d55e4530_0 .var/2s "j", 31 0;
v0x5566d57169a0_0 .var/2s "k", 31 0;
v0x5566d5717a90 .array "matA", 47 0;
v0x5566d5717a90_0 .net/s v0x5566d5717a90 0, 15 0, L_0x5566d598f760; 1 drivers
v0x5566d5717a90_1 .net/s v0x5566d5717a90 1, 15 0, L_0x5566d598f830; 1 drivers
v0x5566d5717a90_2 .net/s v0x5566d5717a90 2, 15 0, L_0x5566d598f900; 1 drivers
v0x5566d5717a90_3 .net/s v0x5566d5717a90 3, 15 0, L_0x5566d598f9d0; 1 drivers
v0x5566d5717a90_4 .net/s v0x5566d5717a90 4, 15 0, L_0x5566d598faa0; 1 drivers
v0x5566d5717a90_5 .net/s v0x5566d5717a90 5, 15 0, L_0x5566d598fb70; 1 drivers
v0x5566d5717a90_6 .net/s v0x5566d5717a90 6, 15 0, L_0x5566d598fc40; 1 drivers
v0x5566d5717a90_7 .net/s v0x5566d5717a90 7, 15 0, L_0x5566d598fce0; 1 drivers
v0x5566d5717a90_8 .net/s v0x5566d5717a90 8, 15 0, L_0x5566d598fe00; 1 drivers
v0x5566d5717a90_9 .net/s v0x5566d5717a90 9, 15 0, L_0x5566d598fe70; 1 drivers
v0x5566d5717a90_10 .net/s v0x5566d5717a90 10, 15 0, L_0x5566d598ffa0; 1 drivers
v0x5566d5717a90_11 .net/s v0x5566d5717a90 11, 15 0, L_0x5566d5990010; 1 drivers
v0x5566d5717a90_12 .net/s v0x5566d5717a90 12, 15 0, L_0x5566d5990120; 1 drivers
v0x5566d5717a90_13 .net/s v0x5566d5717a90 13, 15 0, L_0x5566d5990190; 1 drivers
v0x5566d5717a90_14 .net/s v0x5566d5717a90 14, 15 0, L_0x5566d59900b0; 1 drivers
v0x5566d5717a90_15 .net/s v0x5566d5717a90 15, 15 0, L_0x5566d5990310; 1 drivers
v0x5566d5717a90_16 .net/s v0x5566d5717a90 16, 15 0, L_0x5566d5990260; 1 drivers
v0x5566d5717a90_17 .net/s v0x5566d5717a90 17, 15 0, L_0x5566d59904a0; 1 drivers
v0x5566d5717a90_18 .net/s v0x5566d5717a90 18, 15 0, L_0x5566d59903e0; 1 drivers
v0x5566d5717a90_19 .net/s v0x5566d5717a90 19, 15 0, L_0x5566d5990640; 1 drivers
v0x5566d5717a90_20 .net/s v0x5566d5717a90 20, 15 0, L_0x5566d5990570; 1 drivers
v0x5566d5717a90_21 .net/s v0x5566d5717a90 21, 15 0, L_0x5566d59907c0; 1 drivers
v0x5566d5717a90_22 .net/s v0x5566d5717a90 22, 15 0, L_0x5566d5990710; 1 drivers
v0x5566d5717a90_23 .net/s v0x5566d5717a90 23, 15 0, L_0x5566d5990950; 1 drivers
v0x5566d5717a90_24 .net/s v0x5566d5717a90 24, 15 0, L_0x5566d5990860; 1 drivers
v0x5566d5717a90_25 .net/s v0x5566d5717a90 25, 15 0, L_0x5566d5990af0; 1 drivers
v0x5566d5717a90_26 .net/s v0x5566d5717a90 26, 15 0, L_0x5566d5990a20; 1 drivers
v0x5566d5717a90_27 .net/s v0x5566d5717a90 27, 15 0, L_0x5566d5990ca0; 1 drivers
v0x5566d5717a90_28 .net/s v0x5566d5717a90 28, 15 0, L_0x5566d5990bc0; 1 drivers
v0x5566d5717a90_29 .net/s v0x5566d5717a90 29, 15 0, L_0x5566d5990e00; 1 drivers
v0x5566d5717a90_30 .net/s v0x5566d5717a90 30, 15 0, L_0x5566d5990d10; 1 drivers
v0x5566d5717a90_31 .net/s v0x5566d5717a90 31, 15 0, L_0x5566d5990fa0; 1 drivers
v0x5566d5717a90_32 .net/s v0x5566d5717a90 32, 15 0, L_0x5566d5990ea0; 1 drivers
v0x5566d5717a90_33 .net/s v0x5566d5717a90 33, 15 0, L_0x5566d5991120; 1 drivers
v0x5566d5717a90_34 .net/s v0x5566d5717a90 34, 15 0, L_0x5566d5991010; 1 drivers
v0x5566d5717a90_35 .net/s v0x5566d5717a90 35, 15 0, L_0x5566d59912e0; 1 drivers
v0x5566d5717a90_36 .net/s v0x5566d5717a90 36, 15 0, L_0x5566d59911c0; 1 drivers
v0x5566d5717a90_37 .net/s v0x5566d5717a90 37, 15 0, L_0x5566d5958c30; 1 drivers
v0x5566d5717a90_38 .net/s v0x5566d5717a90 38, 15 0, L_0x5566d5991350; 1 drivers
v0x5566d5717a90_39 .net/s v0x5566d5717a90 39, 15 0, L_0x5566d59915f0; 1 drivers
v0x5566d5717a90_40 .net/s v0x5566d5717a90 40, 15 0, L_0x5566d59914b0; 1 drivers
v0x5566d5717a90_41 .net/s v0x5566d5717a90 41, 15 0, L_0x5566d5991550; 1 drivers
v0x5566d5717a90_42 .net/s v0x5566d5717a90 42, 15 0, L_0x5566d59917c0; 1 drivers
v0x5566d5717a90_43 .net/s v0x5566d5717a90 43, 15 0, L_0x5566d5991860; 1 drivers
v0x5566d5717a90_44 .net/s v0x5566d5717a90 44, 15 0, L_0x5566d5991660; 1 drivers
v0x5566d5717a90_45 .net/s v0x5566d5717a90 45, 15 0, L_0x5566d5991730; 1 drivers
v0x5566d5717a90_46 .net/s v0x5566d5717a90 46, 15 0, L_0x5566d5991ab0; 1 drivers
v0x5566d5717a90_47 .net/s v0x5566d5717a90 47, 15 0, L_0x5566d5991b80; 1 drivers
v0x5566d571e390 .array "matB", 8 0;
v0x5566d571e390_0 .net/s v0x5566d571e390 0, 15 0, L_0x5566d5991930; 1 drivers
v0x5566d571e390_1 .net/s v0x5566d571e390 1, 15 0, L_0x5566d5991a00; 1 drivers
v0x5566d571e390_2 .net/s v0x5566d571e390 2, 15 0, L_0x5566d5991c20; 1 drivers
v0x5566d571e390_3 .net/s v0x5566d571e390 3, 15 0, L_0x5566d5991cf0; 1 drivers
v0x5566d571e390_4 .net/s v0x5566d571e390 4, 15 0, L_0x5566d5991f90; 1 drivers
v0x5566d571e390_5 .net/s v0x5566d571e390 5, 15 0, L_0x5566d5992030; 1 drivers
v0x5566d571e390_6 .net/s v0x5566d571e390 6, 15 0, L_0x5566d5991de0; 1 drivers
v0x5566d571e390_7 .net/s v0x5566d571e390 7, 15 0, L_0x5566d5991eb0; 1 drivers
v0x5566d571e390_8 .net/s v0x5566d571e390 8, 15 0, L_0x5566d5992270; 1 drivers
v0x5566d571f570 .array/s "result_matrix", 47 0, 15 0;
E_0x5566d55d8b50/0 .event anyedge, v0x5566d5717a90_0, v0x5566d5717a90_1, v0x5566d5717a90_2, v0x5566d5717a90_3;
E_0x5566d55d8b50/1 .event anyedge, v0x5566d5717a90_4, v0x5566d5717a90_5, v0x5566d5717a90_6, v0x5566d5717a90_7;
E_0x5566d55d8b50/2 .event anyedge, v0x5566d5717a90_8, v0x5566d5717a90_9, v0x5566d5717a90_10, v0x5566d5717a90_11;
E_0x5566d55d8b50/3 .event anyedge, v0x5566d5717a90_12, v0x5566d5717a90_13, v0x5566d5717a90_14, v0x5566d5717a90_15;
E_0x5566d55d8b50/4 .event anyedge, v0x5566d5717a90_16, v0x5566d5717a90_17, v0x5566d5717a90_18, v0x5566d5717a90_19;
E_0x5566d55d8b50/5 .event anyedge, v0x5566d5717a90_20, v0x5566d5717a90_21, v0x5566d5717a90_22, v0x5566d5717a90_23;
E_0x5566d55d8b50/6 .event anyedge, v0x5566d5717a90_24, v0x5566d5717a90_25, v0x5566d5717a90_26, v0x5566d5717a90_27;
E_0x5566d55d8b50/7 .event anyedge, v0x5566d5717a90_28, v0x5566d5717a90_29, v0x5566d5717a90_30, v0x5566d5717a90_31;
E_0x5566d55d8b50/8 .event anyedge, v0x5566d5717a90_32, v0x5566d5717a90_33, v0x5566d5717a90_34, v0x5566d5717a90_35;
E_0x5566d55d8b50/9 .event anyedge, v0x5566d5717a90_36, v0x5566d5717a90_37, v0x5566d5717a90_38, v0x5566d5717a90_39;
E_0x5566d55d8b50/10 .event anyedge, v0x5566d5717a90_40, v0x5566d5717a90_41, v0x5566d5717a90_42, v0x5566d5717a90_43;
E_0x5566d55d8b50/11 .event anyedge, v0x5566d5717a90_44, v0x5566d5717a90_45, v0x5566d5717a90_46, v0x5566d5717a90_47;
E_0x5566d55d8b50/12 .event anyedge, v0x5566d571e390_0, v0x5566d571e390_1, v0x5566d571e390_2, v0x5566d571e390_3;
E_0x5566d55d8b50/13 .event anyedge, v0x5566d571e390_4, v0x5566d571e390_5, v0x5566d571e390_6, v0x5566d571e390_7;
E_0x5566d55d8b50/14 .event anyedge, v0x5566d571e390_8;
E_0x5566d55d8b50 .event/or E_0x5566d55d8b50/0, E_0x5566d55d8b50/1, E_0x5566d55d8b50/2, E_0x5566d55d8b50/3, E_0x5566d55d8b50/4, E_0x5566d55d8b50/5, E_0x5566d55d8b50/6, E_0x5566d55d8b50/7, E_0x5566d55d8b50/8, E_0x5566d55d8b50/9, E_0x5566d55d8b50/10, E_0x5566d55d8b50/11, E_0x5566d55d8b50/12, E_0x5566d55d8b50/13, E_0x5566d55d8b50/14;
S_0x5566d5750f00 .scope generate, "scale_rows[0]" "scale_rows[0]" 4 74, 4 74 0, S_0x5566d573d2e0;
 .timescale 0 0;
P_0x5566d5725e80 .param/l "row_idx" 1 4 74, +C4<00>;
S_0x5566d5752090 .scope generate, "scale_cols[0]" "scale_cols[0]" 4 75, 4 75 0, S_0x5566d5750f00;
 .timescale 0 0;
P_0x5566d5727000 .param/l "col_idx" 1 4 75, +C4<00>;
S_0x5566d5753220 .scope module, "scale_score" "vector_scaling" 4 76, 7 1 0, S_0x5566d5752090;
 .timescale 0 0;
    .port_info 0 /INPUT 32 "vector_dim";
    .port_info 1 /INPUT 16 "score";
    .port_info 2 /OUTPUT 16 "scaled_score";
v0x5566d5729290_0 .var/s "scaled_score", 15 0;
v0x5566d572a410_0 .net/s "score", 15 0, L_0x5566d59a61a0;  alias, 1 drivers
L_0x7f17ba137018 .functor BUFT 1, C4<00000000000000000000000000000011>, C4<0>, C4<0>, C4<0>;
v0x5566d572b590_0 .net/2s "vector_dim", 31 0, L_0x7f17ba137018;  1 drivers
E_0x5566d55d6380 .event anyedge, v0x5566d572a410_0, v0x5566d572b590_0;
S_0x5566d57543b0 .scope generate, "scale_cols[1]" "scale_cols[1]" 4 75, 4 75 0, S_0x5566d5750f00;
 .timescale 0 0;
P_0x5566d572a4f0 .param/l "col_idx" 1 4 75, +C4<01>;
S_0x5566d5755540 .scope module, "scale_score" "vector_scaling" 4 76, 7 1 0, S_0x5566d57543b0;
 .timescale 0 0;
    .port_info 0 /INPUT 32 "vector_dim";
    .port_info 1 /INPUT 16 "score";
    .port_info 2 /OUTPUT 16 "scaled_score";
v0x5566d572d8b0_0 .var/s "scaled_score", 15 0;
v0x5566d572ea10_0 .net/s "score", 15 0, L_0x5566d59a6260;  alias, 1 drivers
L_0x7f17ba137060 .functor BUFT 1, C4<00000000000000000000000000000011>, C4<0>, C4<0>, C4<0>;
v0x5566d572fba0_0 .net/2s "vector_dim", 31 0, L_0x7f17ba137060;  1 drivers
E_0x5566d55d92e0 .event anyedge, v0x5566d572ea10_0, v0x5566d572fba0_0;
S_0x5566d57566d0 .scope generate, "scale_cols[2]" "scale_cols[2]" 4 75, 4 75 0, S_0x5566d5750f00;
 .timescale 0 0;
P_0x5566d5730d60 .param/l "col_idx" 1 4 75, +C4<010>;
S_0x5566d5757860 .scope module, "scale_score" "vector_scaling" 4 76, 7 1 0, S_0x5566d57566d0;
 .timescale 0 0;
    .port_info 0 /INPUT 32 "vector_dim";
    .port_info 1 /INPUT 16 "score";
    .port_info 2 /OUTPUT 16 "scaled_score";
v0x5566d5733050_0 .var/s "scaled_score", 15 0;
v0x5566d57341e0_0 .net/s "score", 15 0, L_0x5566d59a6320;  alias, 1 drivers
L_0x7f17ba1370a8 .functor BUFT 1, C4<00000000000000000000000000000011>, C4<0>, C4<0>, C4<0>;
v0x5566d5735370_0 .net/2s "vector_dim", 31 0, L_0x7f17ba1370a8;  1 drivers
E_0x5566d55da200 .event anyedge, v0x5566d57341e0_0, v0x5566d5735370_0;
S_0x5566d57589f0 .scope generate, "scale_cols[3]" "scale_cols[3]" 4 75, 4 75 0, S_0x5566d5750f00;
 .timescale 0 0;
P_0x5566d57342c0 .param/l "col_idx" 1 4 75, +C4<011>;
S_0x5566d5759b80 .scope module, "scale_score" "vector_scaling" 4 76, 7 1 0, S_0x5566d57589f0;
 .timescale 0 0;
    .port_info 0 /INPUT 32 "vector_dim";
    .port_info 1 /INPUT 16 "score";
    .port_info 2 /OUTPUT 16 "scaled_score";
v0x5566d5737690_0 .var/s "scaled_score", 15 0;
v0x5566d5738820_0 .net/s "score", 15 0, L_0x5566d59a63e0;  alias, 1 drivers
L_0x7f17ba1370f0 .functor BUFT 1, C4<00000000000000000000000000000011>, C4<0>, C4<0>, C4<0>;
v0x5566d57399b0_0 .net/2s "vector_dim", 31 0, L_0x7f17ba1370f0;  1 drivers
E_0x5566d55d6bf0 .event anyedge, v0x5566d5738820_0, v0x5566d57399b0_0;
S_0x5566d575ad10 .scope generate, "scale_cols[4]" "scale_cols[4]" 4 75, 4 75 0, S_0x5566d5750f00;
 .timescale 0 0;
P_0x5566d573ab40 .param/l "col_idx" 1 4 75, +C4<0100>;
S_0x5566d575bea0 .scope module, "scale_score" "vector_scaling" 4 76, 7 1 0, S_0x5566d575ad10;
 .timescale 0 0;
    .port_info 0 /INPUT 32 "vector_dim";
    .port_info 1 /INPUT 16 "score";
    .port_info 2 /OUTPUT 16 "scaled_score";
v0x5566d573bd60_0 .var/s "scaled_score", 15 0;
v0x5566d573cea0_0 .net/s "score", 15 0, L_0x5566d59a64a0;  alias, 1 drivers
L_0x7f17ba137138 .functor BUFT 1, C4<00000000000000000000000000000011>, C4<0>, C4<0>, C4<0>;
v0x5566d573dff0_0 .net/2s "vector_dim", 31 0, L_0x7f17ba137138;  1 drivers
E_0x5566d55d4980 .event anyedge, v0x5566d573cea0_0, v0x5566d573dff0_0;
S_0x5566d575d030 .scope generate, "scale_cols[5]" "scale_cols[5]" 4 75, 4 75 0, S_0x5566d5750f00;
 .timescale 0 0;
P_0x5566d573f1d0 .param/l "col_idx" 1 4 75, +C4<0101>;
S_0x5566d575e1c0 .scope module, "scale_score" "vector_scaling" 4 76, 7 1 0, S_0x5566d575d030;
 .timescale 0 0;
    .port_info 0 /INPUT 32 "vector_dim";
    .port_info 1 /INPUT 16 "score";
    .port_info 2 /OUTPUT 16 "scaled_score";
v0x5566d57414a0_0 .var/s "scaled_score", 15 0;
v0x5566d5742630_0 .net/s "score", 15 0, L_0x5566d59a6560;  alias, 1 drivers
L_0x7f17ba137180 .functor BUFT 1, C4<00000000000000000000000000000011>, C4<0>, C4<0>, C4<0>;
v0x5566d57437c0_0 .net/2s "vector_dim", 31 0, L_0x7f17ba137180;  1 drivers
E_0x5566d55d9a70 .event anyedge, v0x5566d5742630_0, v0x5566d57437c0_0;
S_0x5566d575f350 .scope generate, "scale_cols[6]" "scale_cols[6]" 4 75, 4 75 0, S_0x5566d5750f00;
 .timescale 0 0;
P_0x5566d5742710 .param/l "col_idx" 1 4 75, +C4<0110>;
S_0x5566d57604e0 .scope module, "scale_score" "vector_scaling" 4 76, 7 1 0, S_0x5566d575f350;
 .timescale 0 0;
    .port_info 0 /INPUT 32 "vector_dim";
    .port_info 1 /INPUT 16 "score";
    .port_info 2 /OUTPUT 16 "scaled_score";
v0x5566d5745ae0_0 .var/s "scaled_score", 15 0;
v0x5566d5746c70_0 .net/s "score", 15 0, L_0x5566d59a6620;  alias, 1 drivers
L_0x7f17ba1371c8 .functor BUFT 1, C4<00000000000000000000000000000011>, C4<0>, C4<0>, C4<0>;
v0x5566d5747e00_0 .net/2s "vector_dim", 31 0, L_0x7f17ba1371c8;  1 drivers
E_0x5566d55dc9a0 .event anyedge, v0x5566d5746c70_0, v0x5566d5747e00_0;
S_0x5566d5761670 .scope generate, "scale_cols[7]" "scale_cols[7]" 4 75, 4 75 0, S_0x5566d5750f00;
 .timescale 0 0;
P_0x5566d5748f90 .param/l "col_idx" 1 4 75, +C4<0111>;
S_0x5566d5762800 .scope module, "scale_score" "vector_scaling" 4 76, 7 1 0, S_0x5566d5761670;
 .timescale 0 0;
    .port_info 0 /INPUT 32 "vector_dim";
    .port_info 1 /INPUT 16 "score";
    .port_info 2 /OUTPUT 16 "scaled_score";
v0x5566d574a1d0_0 .var/s "scaled_score", 15 0;
v0x5566d574b2d0_0 .net/s "score", 15 0, L_0x5566d59a66e0;  alias, 1 drivers
L_0x7f17ba137210 .functor BUFT 1, C4<00000000000000000000000000000011>, C4<0>, C4<0>, C4<0>;
v0x5566d574c440_0 .net/2s "vector_dim", 31 0, L_0x7f17ba137210;  1 drivers
E_0x5566d55dc8f0 .event anyedge, v0x5566d574b2d0_0, v0x5566d574c440_0;
S_0x5566d5763990 .scope generate, "scale_cols[8]" "scale_cols[8]" 4 75, 4 75 0, S_0x5566d5750f00;
 .timescale 0 0;
P_0x5566d5738900 .param/l "col_idx" 1 4 75, +C4<01000>;
S_0x5566d5764b20 .scope module, "scale_score" "vector_scaling" 4 76, 7 1 0, S_0x5566d5763990;
 .timescale 0 0;
    .port_info 0 /INPUT 32 "vector_dim";
    .port_info 1 /INPUT 16 "score";
    .port_info 2 /OUTPUT 16 "scaled_score";
v0x5566d574e810_0 .var/s "scaled_score", 15 0;
v0x5566d574f950_0 .net/s "score", 15 0, L_0x5566d59a67a0;  alias, 1 drivers
L_0x7f17ba137258 .functor BUFT 1, C4<00000000000000000000000000000011>, C4<0>, C4<0>, C4<0>;
v0x5566d5750a80_0 .net/2s "vector_dim", 31 0, L_0x7f17ba137258;  1 drivers
E_0x5566d55bf950 .event anyedge, v0x5566d574f950_0, v0x5566d5750a80_0;
S_0x5566d5765cb0 .scope generate, "scale_cols[9]" "scale_cols[9]" 4 75, 4 75 0, S_0x5566d5750f00;
 .timescale 0 0;
P_0x5566d5751c80 .param/l "col_idx" 1 4 75, +C4<01001>;
S_0x5566d5766e40 .scope module, "scale_score" "vector_scaling" 4 76, 7 1 0, S_0x5566d5765cb0;
 .timescale 0 0;
    .port_info 0 /INPUT 32 "vector_dim";
    .port_info 1 /INPUT 16 "score";
    .port_info 2 /OUTPUT 16 "scaled_score";
v0x5566d5753f30_0 .var/s "scaled_score", 15 0;
v0x5566d57550c0_0 .net/s "score", 15 0, L_0x5566d59a6860;  alias, 1 drivers
L_0x7f17ba1372a0 .functor BUFT 1, C4<00000000000000000000000000000011>, C4<0>, C4<0>, C4<0>;
v0x5566d5756250_0 .net/2s "vector_dim", 31 0, L_0x7f17ba1372a0;  1 drivers
E_0x5566d58d9b50 .event anyedge, v0x5566d57550c0_0, v0x5566d5756250_0;
S_0x5566d5767fd0 .scope generate, "scale_cols[10]" "scale_cols[10]" 4 75, 4 75 0, S_0x5566d5750f00;
 .timescale 0 0;
P_0x5566d57551a0 .param/l "col_idx" 1 4 75, +C4<01010>;
S_0x5566d5769160 .scope module, "scale_score" "vector_scaling" 4 76, 7 1 0, S_0x5566d5767fd0;
 .timescale 0 0;
    .port_info 0 /INPUT 32 "vector_dim";
    .port_info 1 /INPUT 16 "score";
    .port_info 2 /OUTPUT 16 "scaled_score";
v0x5566d57585f0_0 .var/s "scaled_score", 15 0;
v0x5566d5759720_0 .net/s "score", 15 0, L_0x5566d59a6920;  alias, 1 drivers
L_0x7f17ba1372e8 .functor BUFT 1, C4<00000000000000000000000000000011>, C4<0>, C4<0>, C4<0>;
v0x5566d575a890_0 .net/2s "vector_dim", 31 0, L_0x7f17ba1372e8;  1 drivers
E_0x5566d5758570 .event anyedge, v0x5566d5759720_0, v0x5566d575a890_0;
S_0x5566d576a2f0 .scope generate, "scale_cols[11]" "scale_cols[11]" 4 75, 4 75 0, S_0x5566d5750f00;
 .timescale 0 0;
P_0x5566d575ba70 .param/l "col_idx" 1 4 75, +C4<01011>;
S_0x5566d576b480 .scope module, "scale_score" "vector_scaling" 4 76, 7 1 0, S_0x5566d576a2f0;
 .timescale 0 0;
    .port_info 0 /INPUT 32 "vector_dim";
    .port_info 1 /INPUT 16 "score";
    .port_info 2 /OUTPUT 16 "scaled_score";
v0x5566d575dd40_0 .var/s "scaled_score", 15 0;
v0x5566d575eed0_0 .net/s "score", 15 0, L_0x5566d59a69e0;  alias, 1 drivers
L_0x7f17ba137330 .functor BUFT 1, C4<00000000000000000000000000000011>, C4<0>, C4<0>, C4<0>;
v0x5566d5760060_0 .net/2s "vector_dim", 31 0, L_0x7f17ba137330;  1 drivers
E_0x5566d575bb30 .event anyedge, v0x5566d575eed0_0, v0x5566d5760060_0;
S_0x5566d576c610 .scope generate, "scale_cols[12]" "scale_cols[12]" 4 75, 4 75 0, S_0x5566d5750f00;
 .timescale 0 0;
P_0x5566d575efb0 .param/l "col_idx" 1 4 75, +C4<01100>;
S_0x5566d576d7a0 .scope module, "scale_score" "vector_scaling" 4 76, 7 1 0, S_0x5566d576c610;
 .timescale 0 0;
    .port_info 0 /INPUT 32 "vector_dim";
    .port_info 1 /INPUT 16 "score";
    .port_info 2 /OUTPUT 16 "scaled_score";
v0x5566d5762400_0 .var/s "scaled_score", 15 0;
v0x5566d5763550_0 .net/s "score", 15 0, L_0x5566d59a6aa0;  alias, 1 drivers
L_0x7f17ba137378 .functor BUFT 1, C4<00000000000000000000000000000011>, C4<0>, C4<0>, C4<0>;
v0x5566d57646a0_0 .net/2s "vector_dim", 31 0, L_0x7f17ba137378;  1 drivers
E_0x5566d5762380 .event anyedge, v0x5566d5763550_0, v0x5566d57646a0_0;
S_0x5566d576e930 .scope generate, "scale_cols[13]" "scale_cols[13]" 4 75, 4 75 0, S_0x5566d5750f00;
 .timescale 0 0;
P_0x5566d5765880 .param/l "col_idx" 1 4 75, +C4<01101>;
S_0x5566d576fac0 .scope module, "scale_score" "vector_scaling" 4 76, 7 1 0, S_0x5566d576e930;
 .timescale 0 0;
    .port_info 0 /INPUT 32 "vector_dim";
    .port_info 1 /INPUT 16 "score";
    .port_info 2 /OUTPUT 16 "scaled_score";
v0x5566d5767b50_0 .var/s "scaled_score", 15 0;
v0x5566d5768ce0_0 .net/s "score", 15 0, L_0x5566d59a6b60;  alias, 1 drivers
L_0x7f17ba1373c0 .functor BUFT 1, C4<00000000000000000000000000000011>, C4<0>, C4<0>, C4<0>;
v0x5566d5769e70_0 .net/2s "vector_dim", 31 0, L_0x7f17ba1373c0;  1 drivers
E_0x5566d5766a80 .event anyedge, v0x5566d5768ce0_0, v0x5566d5769e70_0;
S_0x5566d5770c50 .scope generate, "scale_cols[14]" "scale_cols[14]" 4 75, 4 75 0, S_0x5566d5750f00;
 .timescale 0 0;
P_0x5566d576b000 .param/l "col_idx" 1 4 75, +C4<01110>;
S_0x5566d5771de0 .scope module, "scale_score" "vector_scaling" 4 76, 7 1 0, S_0x5566d5770c50;
 .timescale 0 0;
    .port_info 0 /INPUT 32 "vector_dim";
    .port_info 1 /INPUT 16 "score";
    .port_info 2 /OUTPUT 16 "scaled_score";
v0x5566d576c240_0 .var/s "scaled_score", 15 0;
v0x5566d576d380_0 .net/s "score", 15 0, L_0x5566d59a6c20;  alias, 1 drivers
L_0x7f17ba137408 .functor BUFT 1, C4<00000000000000000000000000000011>, C4<0>, C4<0>, C4<0>;
v0x5566d576e4b0_0 .net/2s "vector_dim", 31 0, L_0x7f17ba137408;  1 drivers
E_0x5566d576b110 .event anyedge, v0x5566d576d380_0, v0x5566d576e4b0_0;
S_0x5566d5772f70 .scope generate, "scale_cols[15]" "scale_cols[15]" 4 75, 4 75 0, S_0x5566d5750f00;
 .timescale 0 0;
P_0x5566d576f6d0 .param/l "col_idx" 1 4 75, +C4<01111>;
S_0x5566d5774100 .scope module, "scale_score" "vector_scaling" 4 76, 7 1 0, S_0x5566d5772f70;
 .timescale 0 0;
    .port_info 0 /INPUT 32 "vector_dim";
    .port_info 1 /INPUT 16 "score";
    .port_info 2 /OUTPUT 16 "scaled_score";
v0x5566d57719a0_0 .var/s "scaled_score", 15 0;
v0x5566d5772af0_0 .net/s "score", 15 0, L_0x5566d59a6ce0;  alias, 1 drivers
L_0x7f17ba137450 .functor BUFT 1, C4<00000000000000000000000000000011>, C4<0>, C4<0>, C4<0>;
v0x5566d5773c80_0 .net/2s "vector_dim", 31 0, L_0x7f17ba137450;  1 drivers
E_0x5566d57708d0 .event anyedge, v0x5566d5772af0_0, v0x5566d5773c80_0;
S_0x5566d5775290 .scope generate, "scale_rows[1]" "scale_rows[1]" 4 74, 4 74 0, S_0x5566d573d2e0;
 .timescale 0 0;
P_0x5566d5774e10 .param/l "row_idx" 1 4 74, +C4<01>;
S_0x5566d5776420 .scope generate, "scale_cols[0]" "scale_cols[0]" 4 75, 4 75 0, S_0x5566d5775290;
 .timescale 0 0;
P_0x5566d5775fa0 .param/l "col_idx" 1 4 75, +C4<00>;
S_0x5566d57775b0 .scope module, "scale_score" "vector_scaling" 4 76, 7 1 0, S_0x5566d5776420;
 .timescale 0 0;
    .port_info 0 /INPUT 32 "vector_dim";
    .port_info 1 /INPUT 16 "score";
    .port_info 2 /OUTPUT 16 "scaled_score";
v0x5566d57782c0_0 .var/s "scaled_score", 15 0;
v0x5566d5779450_0 .net/s "score", 15 0, L_0x5566d59a6da0;  alias, 1 drivers
L_0x7f17ba137498 .functor BUFT 1, C4<00000000000000000000000000000011>, C4<0>, C4<0>, C4<0>;
v0x5566d577a5e0_0 .net/2s "vector_dim", 31 0, L_0x7f17ba137498;  1 drivers
E_0x5566d57771a0 .event anyedge, v0x5566d5779450_0, v0x5566d577a5e0_0;
S_0x5566d5778740 .scope generate, "scale_cols[1]" "scale_cols[1]" 4 75, 4 75 0, S_0x5566d5775290;
 .timescale 0 0;
P_0x5566d5777200 .param/l "col_idx" 1 4 75, +C4<01>;
S_0x5566d57798d0 .scope module, "scale_score" "vector_scaling" 4 76, 7 1 0, S_0x5566d5778740;
 .timescale 0 0;
    .port_info 0 /INPUT 32 "vector_dim";
    .port_info 1 /INPUT 16 "score";
    .port_info 2 /OUTPUT 16 "scaled_score";
v0x5566d577c980_0 .var/s "scaled_score", 15 0;
v0x5566d577da90_0 .net/s "score", 15 0, L_0x5566d59a6e60;  alias, 1 drivers
L_0x7f17ba1374e0 .functor BUFT 1, C4<00000000000000000000000000000011>, C4<0>, C4<0>, C4<0>;
v0x5566d577ec20_0 .net/2s "vector_dim", 31 0, L_0x7f17ba1374e0;  1 drivers
E_0x5566d577c900 .event anyedge, v0x5566d577da90_0, v0x5566d577ec20_0;
S_0x5566d577aa60 .scope generate, "scale_cols[2]" "scale_cols[2]" 4 75, 4 75 0, S_0x5566d5775290;
 .timescale 0 0;
P_0x5566d577fde0 .param/l "col_idx" 1 4 75, +C4<010>;
S_0x5566d577bbf0 .scope module, "scale_score" "vector_scaling" 4 76, 7 1 0, S_0x5566d577aa60;
 .timescale 0 0;
    .port_info 0 /INPUT 32 "vector_dim";
    .port_info 1 /INPUT 16 "score";
    .port_info 2 /OUTPUT 16 "scaled_score";
v0x5566d57820d0_0 .var/s "scaled_score", 15 0;
v0x5566d5783260_0 .net/s "score", 15 0, L_0x5566d59a6f20;  alias, 1 drivers
L_0x7f17ba137528 .functor BUFT 1, C4<00000000000000000000000000000011>, C4<0>, C4<0>, C4<0>;
v0x5566d57843f0_0 .net/2s "vector_dim", 31 0, L_0x7f17ba137528;  1 drivers
E_0x5566d5780fd0 .event anyedge, v0x5566d5783260_0, v0x5566d57843f0_0;
S_0x5566d577cd80 .scope generate, "scale_cols[3]" "scale_cols[3]" 4 75, 4 75 0, S_0x5566d5775290;
 .timescale 0 0;
P_0x5566d5783340 .param/l "col_idx" 1 4 75, +C4<011>;
S_0x5566d577df10 .scope module, "scale_score" "vector_scaling" 4 76, 7 1 0, S_0x5566d577cd80;
 .timescale 0 0;
    .port_info 0 /INPUT 32 "vector_dim";
    .port_info 1 /INPUT 16 "score";
    .port_info 2 /OUTPUT 16 "scaled_score";
v0x5566d5786770_0 .var/s "scaled_score", 15 0;
v0x5566d57878c0_0 .net/s "score", 15 0, L_0x5566d59a6fe0;  alias, 1 drivers
L_0x7f17ba137570 .functor BUFT 1, C4<00000000000000000000000000000011>, C4<0>, C4<0>, C4<0>;
v0x5566d5788a30_0 .net/2s "vector_dim", 31 0, L_0x7f17ba137570;  1 drivers
E_0x5566d5786710 .event anyedge, v0x5566d57878c0_0, v0x5566d5788a30_0;
S_0x5566d577f0a0 .scope generate, "scale_cols[4]" "scale_cols[4]" 4 75, 4 75 0, S_0x5566d5775290;
 .timescale 0 0;
P_0x5566d5789c60 .param/l "col_idx" 1 4 75, +C4<0100>;
S_0x5566d5780230 .scope module, "scale_score" "vector_scaling" 4 76, 7 1 0, S_0x5566d577f0a0;
 .timescale 0 0;
    .port_info 0 /INPUT 32 "vector_dim";
    .port_info 1 /INPUT 16 "score";
    .port_info 2 /OUTPUT 16 "scaled_score";
v0x5566d578bf60_0 .var/s "scaled_score", 15 0;
v0x5566d578d090_0 .net/s "score", 15 0, L_0x5566d59a82b0;  alias, 1 drivers
L_0x7f17ba1375b8 .functor BUFT 1, C4<00000000000000000000000000000011>, C4<0>, C4<0>, C4<0>;
v0x5566d578e200_0 .net/2s "vector_dim", 31 0, L_0x7f17ba1375b8;  1 drivers
E_0x5566d578bee0 .event anyedge, v0x5566d578d090_0, v0x5566d578e200_0;
S_0x5566d57813c0 .scope generate, "scale_cols[5]" "scale_cols[5]" 4 75, 4 75 0, S_0x5566d5775290;
 .timescale 0 0;
P_0x5566d578f3e0 .param/l "col_idx" 1 4 75, +C4<0101>;
S_0x5566d5782550 .scope module, "scale_score" "vector_scaling" 4 76, 7 1 0, S_0x5566d57813c0;
 .timescale 0 0;
    .port_info 0 /INPUT 32 "vector_dim";
    .port_info 1 /INPUT 16 "score";
    .port_info 2 /OUTPUT 16 "scaled_score";
v0x5566d57916b0_0 .var/s "scaled_score", 15 0;
v0x5566d5792840_0 .net/s "score", 15 0, L_0x5566d59a7230;  alias, 1 drivers
L_0x7f17ba137600 .functor BUFT 1, C4<00000000000000000000000000000011>, C4<0>, C4<0>, C4<0>;
v0x5566d57939d0_0 .net/2s "vector_dim", 31 0, L_0x7f17ba137600;  1 drivers
E_0x5566d578f4a0 .event anyedge, v0x5566d5792840_0, v0x5566d57939d0_0;
S_0x5566d57836e0 .scope generate, "scale_cols[6]" "scale_cols[6]" 4 75, 4 75 0, S_0x5566d5775290;
 .timescale 0 0;
P_0x5566d5792920 .param/l "col_idx" 1 4 75, +C4<0110>;
S_0x5566d5784870 .scope module, "scale_score" "vector_scaling" 4 76, 7 1 0, S_0x5566d57836e0;
 .timescale 0 0;
    .port_info 0 /INPUT 32 "vector_dim";
    .port_info 1 /INPUT 16 "score";
    .port_info 2 /OUTPUT 16 "scaled_score";
v0x5566d5795d70_0 .var/s "scaled_score", 15 0;
v0x5566d5796ea0_0 .net/s "score", 15 0, L_0x5566d59a72f0;  alias, 1 drivers
L_0x7f17ba137648 .functor BUFT 1, C4<00000000000000000000000000000011>, C4<0>, C4<0>, C4<0>;
v0x5566d5798010_0 .net/2s "vector_dim", 31 0, L_0x7f17ba137648;  1 drivers
E_0x5566d5795cf0 .event anyedge, v0x5566d5796ea0_0, v0x5566d5798010_0;
S_0x5566d5785a00 .scope generate, "scale_cols[7]" "scale_cols[7]" 4 75, 4 75 0, S_0x5566d5775290;
 .timescale 0 0;
P_0x5566d57991f0 .param/l "col_idx" 1 4 75, +C4<0111>;
S_0x5566d5786b90 .scope module, "scale_score" "vector_scaling" 4 76, 7 1 0, S_0x5566d5785a00;
 .timescale 0 0;
    .port_info 0 /INPUT 32 "vector_dim";
    .port_info 1 /INPUT 16 "score";
    .port_info 2 /OUTPUT 16 "scaled_score";
v0x5566d579b4c0_0 .var/s "scaled_score", 15 0;
v0x5566d579c650_0 .net/s "score", 15 0, L_0x5566d59a73b0;  alias, 1 drivers
L_0x7f17ba137690 .functor BUFT 1, C4<00000000000000000000000000000011>, C4<0>, C4<0>, C4<0>;
v0x5566d579d7e0_0 .net/2s "vector_dim", 31 0, L_0x7f17ba137690;  1 drivers
E_0x5566d57992b0 .event anyedge, v0x5566d579c650_0, v0x5566d579d7e0_0;
S_0x5566d5787d20 .scope generate, "scale_cols[8]" "scale_cols[8]" 4 75, 4 75 0, S_0x5566d5775290;
 .timescale 0 0;
P_0x5566d5789c10 .param/l "col_idx" 1 4 75, +C4<01000>;
S_0x5566d5788eb0 .scope module, "scale_score" "vector_scaling" 4 76, 7 1 0, S_0x5566d5787d20;
 .timescale 0 0;
    .port_info 0 /INPUT 32 "vector_dim";
    .port_info 1 /INPUT 16 "score";
    .port_info 2 /OUTPUT 16 "scaled_score";
v0x5566d57a0c90_0 .var/s "scaled_score", 15 0;
v0x5566d57a1e20_0 .net/s "score", 15 0, L_0x5566d59a7470;  alias, 1 drivers
L_0x7f17ba1376d8 .functor BUFT 1, C4<00000000000000000000000000000011>, C4<0>, C4<0>, C4<0>;
v0x5566d57a2fb0_0 .net/2s "vector_dim", 31 0, L_0x7f17ba1376d8;  1 drivers
E_0x5566d579fb70 .event anyedge, v0x5566d57a1e20_0, v0x5566d57a2fb0_0;
S_0x5566d578a040 .scope generate, "scale_cols[9]" "scale_cols[9]" 4 75, 4 75 0, S_0x5566d5775290;
 .timescale 0 0;
P_0x5566d579fbf0 .param/l "col_idx" 1 4 75, +C4<01001>;
S_0x5566d578b1d0 .scope module, "scale_score" "vector_scaling" 4 76, 7 1 0, S_0x5566d578a040;
 .timescale 0 0;
    .port_info 0 /INPUT 32 "vector_dim";
    .port_info 1 /INPUT 16 "score";
    .port_info 2 /OUTPUT 16 "scaled_score";
v0x5566d57a5310_0 .var/s "scaled_score", 15 0;
v0x5566d57a6460_0 .net/s "score", 15 0, L_0x5566d59a7530;  alias, 1 drivers
L_0x7f17ba137720 .functor BUFT 1, C4<00000000000000000000000000000011>, C4<0>, C4<0>, C4<0>;
v0x5566d57a75f0_0 .net/2s "vector_dim", 31 0, L_0x7f17ba137720;  1 drivers
E_0x5566d57a4240 .event anyedge, v0x5566d57a6460_0, v0x5566d57a75f0_0;
S_0x5566d578c360 .scope generate, "scale_cols[10]" "scale_cols[10]" 4 75, 4 75 0, S_0x5566d5775290;
 .timescale 0 0;
P_0x5566d57a8780 .param/l "col_idx" 1 4 75, +C4<01010>;
S_0x5566d578d4f0 .scope module, "scale_score" "vector_scaling" 4 76, 7 1 0, S_0x5566d578c360;
 .timescale 0 0;
    .port_info 0 /INPUT 32 "vector_dim";
    .port_info 1 /INPUT 16 "score";
    .port_info 2 /OUTPUT 16 "scaled_score";
v0x5566d57aaaa0_0 .var/s "scaled_score", 15 0;
v0x5566d57abc30_0 .net/s "score", 15 0, L_0x5566d59a75f0;  alias, 1 drivers
L_0x7f17ba137768 .functor BUFT 1, C4<00000000000000000000000000000011>, C4<0>, C4<0>, C4<0>;
v0x5566d57acdc0_0 .net/2s "vector_dim", 31 0, L_0x7f17ba137768;  1 drivers
E_0x5566d57a9980 .event anyedge, v0x5566d57abc30_0, v0x5566d57acdc0_0;
S_0x5566d578e680 .scope generate, "scale_cols[11]" "scale_cols[11]" 4 75, 4 75 0, S_0x5566d5775290;
 .timescale 0 0;
P_0x5566d57a99e0 .param/l "col_idx" 1 4 75, +C4<01011>;
S_0x5566d578f810 .scope module, "scale_score" "vector_scaling" 4 76, 7 1 0, S_0x5566d578e680;
 .timescale 0 0;
    .port_info 0 /INPUT 32 "vector_dim";
    .port_info 1 /INPUT 16 "score";
    .port_info 2 /OUTPUT 16 "scaled_score";
v0x5566d57af160_0 .var/s "scaled_score", 15 0;
v0x5566d57b0270_0 .net/s "score", 15 0, L_0x5566d59a76b0;  alias, 1 drivers
L_0x7f17ba1377b0 .functor BUFT 1, C4<00000000000000000000000000000011>, C4<0>, C4<0>, C4<0>;
v0x5566d57b1400_0 .net/2s "vector_dim", 31 0, L_0x7f17ba1377b0;  1 drivers
E_0x5566d57af0e0 .event anyedge, v0x5566d57b0270_0, v0x5566d57b1400_0;
S_0x5566d57909a0 .scope generate, "scale_cols[12]" "scale_cols[12]" 4 75, 4 75 0, S_0x5566d5775290;
 .timescale 0 0;
P_0x5566d57b2590 .param/l "col_idx" 1 4 75, +C4<01100>;
S_0x5566d5791b30 .scope module, "scale_score" "vector_scaling" 4 76, 7 1 0, S_0x5566d57909a0;
 .timescale 0 0;
    .port_info 0 /INPUT 32 "vector_dim";
    .port_info 1 /INPUT 16 "score";
    .port_info 2 /OUTPUT 16 "scaled_score";
v0x5566d57b48b0_0 .var/s "scaled_score", 15 0;
v0x5566d57b5a40_0 .net/s "score", 15 0, L_0x5566d59a7770;  alias, 1 drivers
L_0x7f17ba1377f8 .functor BUFT 1, C4<00000000000000000000000000000011>, C4<0>, C4<0>, C4<0>;
v0x5566d57b6bd0_0 .net/2s "vector_dim", 31 0, L_0x7f17ba1377f8;  1 drivers
E_0x5566d57b3790 .event anyedge, v0x5566d57b5a40_0, v0x5566d57b6bd0_0;
S_0x5566d5792cc0 .scope generate, "scale_cols[13]" "scale_cols[13]" 4 75, 4 75 0, S_0x5566d5775290;
 .timescale 0 0;
P_0x5566d57b5b20 .param/l "col_idx" 1 4 75, +C4<01101>;
S_0x5566d5793e50 .scope module, "scale_score" "vector_scaling" 4 76, 7 1 0, S_0x5566d5792cc0;
 .timescale 0 0;
    .port_info 0 /INPUT 32 "vector_dim";
    .port_info 1 /INPUT 16 "score";
    .port_info 2 /OUTPUT 16 "scaled_score";
v0x5566d57b8f70_0 .var/s "scaled_score", 15 0;
v0x5566d57ba0a0_0 .net/s "score", 15 0, L_0x5566d59a7830;  alias, 1 drivers
L_0x7f17ba137840 .functor BUFT 1, C4<00000000000000000000000000000011>, C4<0>, C4<0>, C4<0>;
v0x5566d57bb210_0 .net/2s "vector_dim", 31 0, L_0x7f17ba137840;  1 drivers
E_0x5566d57b8ef0 .event anyedge, v0x5566d57ba0a0_0, v0x5566d57bb210_0;
S_0x5566d5794fe0 .scope generate, "scale_cols[14]" "scale_cols[14]" 4 75, 4 75 0, S_0x5566d5775290;
 .timescale 0 0;
P_0x5566d57bc3f0 .param/l "col_idx" 1 4 75, +C4<01110>;
S_0x5566d5796170 .scope module, "scale_score" "vector_scaling" 4 76, 7 1 0, S_0x5566d5794fe0;
 .timescale 0 0;
    .port_info 0 /INPUT 32 "vector_dim";
    .port_info 1 /INPUT 16 "score";
    .port_info 2 /OUTPUT 16 "scaled_score";
v0x5566d57be6c0_0 .var/s "scaled_score", 15 0;
v0x5566d57bf850_0 .net/s "score", 15 0, L_0x5566d59a78f0;  alias, 1 drivers
L_0x7f17ba137888 .functor BUFT 1, C4<00000000000000000000000000000011>, C4<0>, C4<0>, C4<0>;
v0x5566d57c09e0_0 .net/2s "vector_dim", 31 0, L_0x7f17ba137888;  1 drivers
E_0x5566d57bc4b0 .event anyedge, v0x5566d57bf850_0, v0x5566d57c09e0_0;
S_0x5566d5797300 .scope generate, "scale_cols[15]" "scale_cols[15]" 4 75, 4 75 0, S_0x5566d5775290;
 .timescale 0 0;
P_0x5566d57bf930 .param/l "col_idx" 1 4 75, +C4<01111>;
S_0x5566d5798490 .scope module, "scale_score" "vector_scaling" 4 76, 7 1 0, S_0x5566d5797300;
 .timescale 0 0;
    .port_info 0 /INPUT 32 "vector_dim";
    .port_info 1 /INPUT 16 "score";
    .port_info 2 /OUTPUT 16 "scaled_score";
v0x5566d57c2d80_0 .var/s "scaled_score", 15 0;
v0x5566d57c3ed0_0 .net/s "score", 15 0, L_0x5566d59a79b0;  alias, 1 drivers
L_0x7f17ba1378d0 .functor BUFT 1, C4<00000000000000000000000000000011>, C4<0>, C4<0>, C4<0>;
v0x5566d57c5020_0 .net/2s "vector_dim", 31 0, L_0x7f17ba1378d0;  1 drivers
E_0x5566d57c2d00 .event anyedge, v0x5566d57c3ed0_0, v0x5566d57c5020_0;
S_0x5566d5799620 .scope generate, "scale_rows[2]" "scale_rows[2]" 4 74, 4 74 0, S_0x5566d573d2e0;
 .timescale 0 0;
P_0x5566d57c6200 .param/l "row_idx" 1 4 74, +C4<010>;
S_0x5566d579a7b0 .scope generate, "scale_cols[0]" "scale_cols[0]" 4 75, 4 75 0, S_0x5566d5799620;
 .timescale 0 0;
P_0x5566d57c7390 .param/l "col_idx" 1 4 75, +C4<00>;
S_0x5566d579b940 .scope module, "scale_score" "vector_scaling" 4 76, 7 1 0, S_0x5566d579a7b0;
 .timescale 0 0;
    .port_info 0 /INPUT 32 "vector_dim";
    .port_info 1 /INPUT 16 "score";
    .port_info 2 /OUTPUT 16 "scaled_score";
v0x5566d57c9660_0 .var/s "scaled_score", 15 0;
v0x5566d57ca7f0_0 .net/s "score", 15 0, L_0x5566d59a7a70;  alias, 1 drivers
L_0x7f17ba137918 .functor BUFT 1, C4<00000000000000000000000000000011>, C4<0>, C4<0>, C4<0>;
v0x5566d57cb980_0 .net/2s "vector_dim", 31 0, L_0x7f17ba137918;  1 drivers
E_0x5566d57c8590 .event anyedge, v0x5566d57ca7f0_0, v0x5566d57cb980_0;
S_0x5566d579cad0 .scope generate, "scale_cols[1]" "scale_cols[1]" 4 75, 4 75 0, S_0x5566d5799620;
 .timescale 0 0;
P_0x5566d57ccb10 .param/l "col_idx" 1 4 75, +C4<01>;
S_0x5566d579dc60 .scope module, "scale_score" "vector_scaling" 4 76, 7 1 0, S_0x5566d579cad0;
 .timescale 0 0;
    .port_info 0 /INPUT 32 "vector_dim";
    .port_info 1 /INPUT 16 "score";
    .port_info 2 /OUTPUT 16 "scaled_score";
v0x5566d57cdd50_0 .var/s "scaled_score", 15 0;
v0x5566d57cee90_0 .net/s "score", 15 0, L_0x5566d59a7b30;  alias, 1 drivers
L_0x7f17ba137960 .functor BUFT 1, C4<00000000000000000000000000000011>, C4<0>, C4<0>, C4<0>;
v0x5566d57cffc0_0 .net/2s "vector_dim", 31 0, L_0x7f17ba137960;  1 drivers
E_0x5566d57ccc20 .event anyedge, v0x5566d57cee90_0, v0x5566d57cffc0_0;
S_0x5566d579edf0 .scope generate, "scale_cols[2]" "scale_cols[2]" 4 75, 4 75 0, S_0x5566d5799620;
 .timescale 0 0;
P_0x5566d57d11e0 .param/l "col_idx" 1 4 75, +C4<010>;
S_0x5566d579ff80 .scope module, "scale_score" "vector_scaling" 4 76, 7 1 0, S_0x5566d579edf0;
 .timescale 0 0;
    .port_info 0 /INPUT 32 "vector_dim";
    .port_info 1 /INPUT 16 "score";
    .port_info 2 /OUTPUT 16 "scaled_score";
v0x5566d57d3490_0 .var/s "scaled_score", 15 0;
v0x5566d57d4600_0 .net/s "score", 15 0, L_0x5566d59a7bf0;  alias, 1 drivers
L_0x7f17ba1379a8 .functor BUFT 1, C4<00000000000000000000000000000011>, C4<0>, C4<0>, C4<0>;
v0x5566d57d5790_0 .net/2s "vector_dim", 31 0, L_0x7f17ba1379a8;  1 drivers
E_0x5566d57d23c0 .event anyedge, v0x5566d57d4600_0, v0x5566d57d5790_0;
S_0x5566d57a1110 .scope generate, "scale_cols[3]" "scale_cols[3]" 4 75, 4 75 0, S_0x5566d5799620;
 .timescale 0 0;
P_0x5566d57d6920 .param/l "col_idx" 1 4 75, +C4<011>;
S_0x5566d57a22a0 .scope module, "scale_score" "vector_scaling" 4 76, 7 1 0, S_0x5566d57a1110;
 .timescale 0 0;
    .port_info 0 /INPUT 32 "vector_dim";
    .port_info 1 /INPUT 16 "score";
    .port_info 2 /OUTPUT 16 "scaled_score";
v0x5566d57d8c40_0 .var/s "scaled_score", 15 0;
v0x5566d57d9dd0_0 .net/s "score", 15 0, L_0x5566d59a7cb0;  alias, 1 drivers
L_0x7f17ba1379f0 .functor BUFT 1, C4<00000000000000000000000000000011>, C4<0>, C4<0>, C4<0>;
v0x5566d57daf60_0 .net/2s "vector_dim", 31 0, L_0x7f17ba1379f0;  1 drivers
E_0x5566d57d7b20 .event anyedge, v0x5566d57d9dd0_0, v0x5566d57daf60_0;
S_0x5566d57a3430 .scope generate, "scale_cols[4]" "scale_cols[4]" 4 75, 4 75 0, S_0x5566d5799620;
 .timescale 0 0;
P_0x5566d57dc0f0 .param/l "col_idx" 1 4 75, +C4<0100>;
S_0x5566d57a45c0 .scope module, "scale_score" "vector_scaling" 4 76, 7 1 0, S_0x5566d57a3430;
 .timescale 0 0;
    .port_info 0 /INPUT 32 "vector_dim";
    .port_info 1 /INPUT 16 "score";
    .port_info 2 /OUTPUT 16 "scaled_score";
v0x5566d57dd330_0 .var/s "scaled_score", 15 0;
v0x5566d57de450_0 .net/s "score", 15 0, L_0x5566d59a7d70;  alias, 1 drivers
L_0x7f17ba137a38 .functor BUFT 1, C4<00000000000000000000000000000011>, C4<0>, C4<0>, C4<0>;
v0x5566d57df5a0_0 .net/2s "vector_dim", 31 0, L_0x7f17ba137a38;  1 drivers
E_0x5566d57dc200 .event anyedge, v0x5566d57de450_0, v0x5566d57df5a0_0;
S_0x5566d57a5750 .scope generate, "scale_cols[5]" "scale_cols[5]" 4 75, 4 75 0, S_0x5566d5799620;
 .timescale 0 0;
P_0x5566d57e07a0 .param/l "col_idx" 1 4 75, +C4<0101>;
S_0x5566d57a68e0 .scope module, "scale_score" "vector_scaling" 4 76, 7 1 0, S_0x5566d57a5750;
 .timescale 0 0;
    .port_info 0 /INPUT 32 "vector_dim";
    .port_info 1 /INPUT 16 "score";
    .port_info 2 /OUTPUT 16 "scaled_score";
v0x5566d57e2a70_0 .var/s "scaled_score", 15 0;
v0x5566d57e3be0_0 .net/s "score", 15 0, L_0x5566d59a7e30;  alias, 1 drivers
L_0x7f17ba137a80 .functor BUFT 1, C4<00000000000000000000000000000011>, C4<0>, C4<0>, C4<0>;
v0x5566d57e4d70_0 .net/2s "vector_dim", 31 0, L_0x7f17ba137a80;  1 drivers
E_0x5566d57e19a0 .event anyedge, v0x5566d57e3be0_0, v0x5566d57e4d70_0;
S_0x5566d57a7a70 .scope generate, "scale_cols[6]" "scale_cols[6]" 4 75, 4 75 0, S_0x5566d5799620;
 .timescale 0 0;
P_0x5566d57e5f00 .param/l "col_idx" 1 4 75, +C4<0110>;
S_0x5566d57a8c00 .scope module, "scale_score" "vector_scaling" 4 76, 7 1 0, S_0x5566d57a7a70;
 .timescale 0 0;
    .port_info 0 /INPUT 32 "vector_dim";
    .port_info 1 /INPUT 16 "score";
    .port_info 2 /OUTPUT 16 "scaled_score";
v0x5566d57e7140_0 .var/s "scaled_score", 15 0;
v0x5566d57e8280_0 .net/s "score", 15 0, L_0x5566d59a7ef0;  alias, 1 drivers
L_0x7f17ba137ac8 .functor BUFT 1, C4<00000000000000000000000000000011>, C4<0>, C4<0>, C4<0>;
v0x5566d57e93b0_0 .net/2s "vector_dim", 31 0, L_0x7f17ba137ac8;  1 drivers
E_0x5566d57e6010 .event anyedge, v0x5566d57e8280_0, v0x5566d57e93b0_0;
S_0x5566d57a9d90 .scope generate, "scale_cols[7]" "scale_cols[7]" 4 75, 4 75 0, S_0x5566d5799620;
 .timescale 0 0;
P_0x5566d57ea5b0 .param/l "col_idx" 1 4 75, +C4<0111>;
S_0x5566d57aaf20 .scope module, "scale_score" "vector_scaling" 4 76, 7 1 0, S_0x5566d57a9d90;
 .timescale 0 0;
    .port_info 0 /INPUT 32 "vector_dim";
    .port_info 1 /INPUT 16 "score";
    .port_info 2 /OUTPUT 16 "scaled_score";
v0x5566d57ec880_0 .var/s "scaled_score", 15 0;
v0x5566d57ed9f0_0 .net/s "score", 15 0, L_0x5566d59a7fb0;  alias, 1 drivers
L_0x7f17ba137b10 .functor BUFT 1, C4<00000000000000000000000000000011>, C4<0>, C4<0>, C4<0>;
v0x5566d57eeb80_0 .net/2s "vector_dim", 31 0, L_0x7f17ba137b10;  1 drivers
E_0x5566d57eb7b0 .event anyedge, v0x5566d57ed9f0_0, v0x5566d57eeb80_0;
S_0x5566d57ac0b0 .scope generate, "scale_cols[8]" "scale_cols[8]" 4 75, 4 75 0, S_0x5566d5799620;
 .timescale 0 0;
P_0x5566d57d7b80 .param/l "col_idx" 1 4 75, +C4<01000>;
S_0x5566d57ad240 .scope module, "scale_score" "vector_scaling" 4 76, 7 1 0, S_0x5566d57ac0b0;
 .timescale 0 0;
    .port_info 0 /INPUT 32 "vector_dim";
    .port_info 1 /INPUT 16 "score";
    .port_info 2 /OUTPUT 16 "scaled_score";
v0x5566d57f2030_0 .var/s "scaled_score", 15 0;
v0x5566d57f31c0_0 .net/s "score", 15 0, L_0x5566d59a8070;  alias, 1 drivers
L_0x7f17ba137b58 .functor BUFT 1, C4<00000000000000000000000000000011>, C4<0>, C4<0>, C4<0>;
v0x5566d57f4350_0 .net/2s "vector_dim", 31 0, L_0x7f17ba137b58;  1 drivers
E_0x5566d57f0f10 .event anyedge, v0x5566d57f31c0_0, v0x5566d57f4350_0;
S_0x5566d57ae3d0 .scope generate, "scale_cols[9]" "scale_cols[9]" 4 75, 4 75 0, S_0x5566d5799620;
 .timescale 0 0;
P_0x5566d57f32a0 .param/l "col_idx" 1 4 75, +C4<01001>;
S_0x5566d57af560 .scope module, "scale_score" "vector_scaling" 4 76, 7 1 0, S_0x5566d57ae3d0;
 .timescale 0 0;
    .port_info 0 /INPUT 32 "vector_dim";
    .port_info 1 /INPUT 16 "score";
    .port_info 2 /OUTPUT 16 "scaled_score";
v0x5566d57f66f0_0 .var/s "scaled_score", 15 0;
v0x5566d57f7840_0 .net/s "score", 15 0, L_0x5566d59a8130;  alias, 1 drivers
L_0x7f17ba137ba0 .functor BUFT 1, C4<00000000000000000000000000000011>, C4<0>, C4<0>, C4<0>;
v0x5566d57f8990_0 .net/2s "vector_dim", 31 0, L_0x7f17ba137ba0;  1 drivers
E_0x5566d57f6670 .event anyedge, v0x5566d57f7840_0, v0x5566d57f8990_0;
S_0x5566d57b06f0 .scope generate, "scale_cols[10]" "scale_cols[10]" 4 75, 4 75 0, S_0x5566d5799620;
 .timescale 0 0;
P_0x5566d57f9b70 .param/l "col_idx" 1 4 75, +C4<01010>;
S_0x5566d57b1880 .scope module, "scale_score" "vector_scaling" 4 76, 7 1 0, S_0x5566d57b06f0;
 .timescale 0 0;
    .port_info 0 /INPUT 32 "vector_dim";
    .port_info 1 /INPUT 16 "score";
    .port_info 2 /OUTPUT 16 "scaled_score";
v0x5566d57fbe40_0 .var/s "scaled_score", 15 0;
v0x5566d57fcfd0_0 .net/s "score", 15 0, L_0x5566d59a81f0;  alias, 1 drivers
L_0x7f17ba137be8 .functor BUFT 1, C4<00000000000000000000000000000011>, C4<0>, C4<0>, C4<0>;
v0x5566d57fe160_0 .net/2s "vector_dim", 31 0, L_0x7f17ba137be8;  1 drivers
E_0x5566d57fad70 .event anyedge, v0x5566d57fcfd0_0, v0x5566d57fe160_0;
S_0x5566d57b2a10 .scope generate, "scale_cols[11]" "scale_cols[11]" 4 75, 4 75 0, S_0x5566d5799620;
 .timescale 0 0;
P_0x5566d57fd0b0 .param/l "col_idx" 1 4 75, +C4<01011>;
S_0x5566d57b3ba0 .scope module, "scale_score" "vector_scaling" 4 76, 7 1 0, S_0x5566d57b2a10;
 .timescale 0 0;
    .port_info 0 /INPUT 32 "vector_dim";
    .port_info 1 /INPUT 16 "score";
    .port_info 2 /OUTPUT 16 "scaled_score";
v0x5566d5800500_0 .var/s "scaled_score", 15 0;
v0x5566d5801650_0 .net/s "score", 15 0, L_0x5566d59a94b0;  alias, 1 drivers
L_0x7f17ba137c30 .functor BUFT 1, C4<00000000000000000000000000000011>, C4<0>, C4<0>, C4<0>;
v0x5566d58027a0_0 .net/2s "vector_dim", 31 0, L_0x7f17ba137c30;  1 drivers
E_0x5566d5800480 .event anyedge, v0x5566d5801650_0, v0x5566d58027a0_0;
S_0x5566d57b4d30 .scope generate, "scale_cols[12]" "scale_cols[12]" 4 75, 4 75 0, S_0x5566d5799620;
 .timescale 0 0;
P_0x5566d5803980 .param/l "col_idx" 1 4 75, +C4<01100>;
S_0x5566d57b5ec0 .scope module, "scale_score" "vector_scaling" 4 76, 7 1 0, S_0x5566d57b4d30;
 .timescale 0 0;
    .port_info 0 /INPUT 32 "vector_dim";
    .port_info 1 /INPUT 16 "score";
    .port_info 2 /OUTPUT 16 "scaled_score";
v0x5566d5805c50_0 .var/s "scaled_score", 15 0;
v0x5566d5806de0_0 .net/s "score", 15 0, L_0x5566d59a9570;  alias, 1 drivers
L_0x7f17ba137c78 .functor BUFT 1, C4<00000000000000000000000000000011>, C4<0>, C4<0>, C4<0>;
v0x5566d5807f70_0 .net/2s "vector_dim", 31 0, L_0x7f17ba137c78;  1 drivers
E_0x5566d5804b80 .event anyedge, v0x5566d5806de0_0, v0x5566d5807f70_0;
S_0x5566d57b7050 .scope generate, "scale_cols[13]" "scale_cols[13]" 4 75, 4 75 0, S_0x5566d5799620;
 .timescale 0 0;
P_0x5566d5809100 .param/l "col_idx" 1 4 75, +C4<01101>;
S_0x5566d57b81e0 .scope module, "scale_score" "vector_scaling" 4 76, 7 1 0, S_0x5566d57b7050;
 .timescale 0 0;
    .port_info 0 /INPUT 32 "vector_dim";
    .port_info 1 /INPUT 16 "score";
    .port_info 2 /OUTPUT 16 "scaled_score";
v0x5566d580a340_0 .var/s "scaled_score", 15 0;
v0x5566d580b480_0 .net/s "score", 15 0, L_0x5566d59a8370;  alias, 1 drivers
L_0x7f17ba137cc0 .functor BUFT 1, C4<00000000000000000000000000000011>, C4<0>, C4<0>, C4<0>;
v0x5566d580c5b0_0 .net/2s "vector_dim", 31 0, L_0x7f17ba137cc0;  1 drivers
E_0x5566d5809210 .event anyedge, v0x5566d580b480_0, v0x5566d580c5b0_0;
S_0x5566d57b9370 .scope generate, "scale_cols[14]" "scale_cols[14]" 4 75, 4 75 0, S_0x5566d5799620;
 .timescale 0 0;
P_0x5566d580d7d0 .param/l "col_idx" 1 4 75, +C4<01110>;
S_0x5566d57ba500 .scope module, "scale_score" "vector_scaling" 4 76, 7 1 0, S_0x5566d57b9370;
 .timescale 0 0;
    .port_info 0 /INPUT 32 "vector_dim";
    .port_info 1 /INPUT 16 "score";
    .port_info 2 /OUTPUT 16 "scaled_score";
v0x5566d580faa0_0 .var/s "scaled_score", 15 0;
v0x5566d5810bf0_0 .net/s "score", 15 0, L_0x5566d59a8430;  alias, 1 drivers
L_0x7f17ba137d08 .functor BUFT 1, C4<00000000000000000000000000000011>, C4<0>, C4<0>, C4<0>;
v0x5566d5811d80_0 .net/2s "vector_dim", 31 0, L_0x7f17ba137d08;  1 drivers
E_0x5566d580e9d0 .event anyedge, v0x5566d5810bf0_0, v0x5566d5811d80_0;
S_0x5566d57bb690 .scope generate, "scale_cols[15]" "scale_cols[15]" 4 75, 4 75 0, S_0x5566d5799620;
 .timescale 0 0;
P_0x5566d5812f10 .param/l "col_idx" 1 4 75, +C4<01111>;
S_0x5566d57bc820 .scope module, "scale_score" "vector_scaling" 4 76, 7 1 0, S_0x5566d57bb690;
 .timescale 0 0;
    .port_info 0 /INPUT 32 "vector_dim";
    .port_info 1 /INPUT 16 "score";
    .port_info 2 /OUTPUT 16 "scaled_score";
v0x5566d5815230_0 .var/s "scaled_score", 15 0;
v0x5566d58163c0_0 .net/s "score", 15 0, L_0x5566d59a84f0;  alias, 1 drivers
L_0x7f17ba137d50 .functor BUFT 1, C4<00000000000000000000000000000011>, C4<0>, C4<0>, C4<0>;
v0x5566d5817550_0 .net/2s "vector_dim", 31 0, L_0x7f17ba137d50;  1 drivers
E_0x5566d5814110 .event anyedge, v0x5566d58163c0_0, v0x5566d5817550_0;
S_0x5566d57bd9b0 .scope generate, "scale_rows[3]" "scale_rows[3]" 4 74, 4 74 0, S_0x5566d573d2e0;
 .timescale 0 0;
P_0x5566d5714660 .param/l "row_idx" 1 4 74, +C4<011>;
S_0x5566d57beb40 .scope generate, "scale_cols[0]" "scale_cols[0]" 4 75, 4 75 0, S_0x5566d57bd9b0;
 .timescale 0 0;
P_0x5566d5814170 .param/l "col_idx" 1 4 75, +C4<00>;
S_0x5566d57bfcd0 .scope module, "scale_score" "vector_scaling" 4 76, 7 1 0, S_0x5566d57beb40;
 .timescale 0 0;
    .port_info 0 /INPUT 32 "vector_dim";
    .port_info 1 /INPUT 16 "score";
    .port_info 2 /OUTPUT 16 "scaled_score";
v0x5566d581bb90_0 .var/s "scaled_score", 15 0;
v0x5566d581cd20_0 .net/s "score", 15 0, L_0x5566d59a85b0;  alias, 1 drivers
L_0x7f17ba137d98 .functor BUFT 1, C4<00000000000000000000000000000011>, C4<0>, C4<0>, C4<0>;
v0x5566d581deb0_0 .net/2s "vector_dim", 31 0, L_0x7f17ba137d98;  1 drivers
E_0x5566d581aa70 .event anyedge, v0x5566d581cd20_0, v0x5566d581deb0_0;
S_0x5566d57c0e60 .scope generate, "scale_cols[1]" "scale_cols[1]" 4 75, 4 75 0, S_0x5566d57bd9b0;
 .timescale 0 0;
P_0x5566d581bc90 .param/l "col_idx" 1 4 75, +C4<01>;
S_0x5566d57c1ff0 .scope module, "scale_score" "vector_scaling" 4 76, 7 1 0, S_0x5566d57c0e60;
 .timescale 0 0;
    .port_info 0 /INPUT 32 "vector_dim";
    .port_info 1 /INPUT 16 "score";
    .port_info 2 /OUTPUT 16 "scaled_score";
v0x5566d58201d0_0 .var/s "scaled_score", 15 0;
v0x5566d5821360_0 .net/s "score", 15 0, L_0x5566d59a8670;  alias, 1 drivers
L_0x7f17ba137de0 .functor BUFT 1, C4<00000000000000000000000000000011>, C4<0>, C4<0>, C4<0>;
v0x5566d58224f0_0 .net/2s "vector_dim", 31 0, L_0x7f17ba137de0;  1 drivers
E_0x5566d581f100 .event anyedge, v0x5566d5821360_0, v0x5566d58224f0_0;
S_0x5566d57c3180 .scope generate, "scale_cols[2]" "scale_cols[2]" 4 75, 4 75 0, S_0x5566d57bd9b0;
 .timescale 0 0;
P_0x5566d5823680 .param/l "col_idx" 1 4 75, +C4<010>;
S_0x5566d57c4310 .scope module, "scale_score" "vector_scaling" 4 76, 7 1 0, S_0x5566d57c3180;
 .timescale 0 0;
    .port_info 0 /INPUT 32 "vector_dim";
    .port_info 1 /INPUT 16 "score";
    .port_info 2 /OUTPUT 16 "scaled_score";
v0x5566d5711720_0 .var/s "scaled_score", 15 0;
v0x5566d5712850_0 .net/s "score", 15 0, L_0x5566d59a8730;  alias, 1 drivers
L_0x7f17ba137e28 .functor BUFT 1, C4<00000000000000000000000000000011>, C4<0>, C4<0>, C4<0>;
v0x5566d5713990_0 .net/2s "vector_dim", 31 0, L_0x7f17ba137e28;  1 drivers
E_0x5566d5823790 .event anyedge, v0x5566d5712850_0, v0x5566d5713990_0;
S_0x5566d57c54a0 .scope generate, "scale_cols[3]" "scale_cols[3]" 4 75, 4 75 0, S_0x5566d57bd9b0;
 .timescale 0 0;
P_0x5566d5714b60 .param/l "col_idx" 1 4 75, +C4<011>;
S_0x5566d57c6630 .scope module, "scale_score" "vector_scaling" 4 76, 7 1 0, S_0x5566d57c54a0;
 .timescale 0 0;
    .port_info 0 /INPUT 32 "vector_dim";
    .port_info 1 /INPUT 16 "score";
    .port_info 2 /OUTPUT 16 "scaled_score";
v0x5566d5716e10_0 .var/s "scaled_score", 15 0;
v0x5566d5717f90_0 .net/s "score", 15 0, L_0x5566d59a87f0;  alias, 1 drivers
L_0x7f17ba137e70 .functor BUFT 1, C4<00000000000000000000000000000011>, C4<0>, C4<0>, C4<0>;
v0x5566d5719110_0 .net/2s "vector_dim", 31 0, L_0x7f17ba137e70;  1 drivers
E_0x5566d5713ab0 .event anyedge, v0x5566d5717f90_0, v0x5566d5719110_0;
S_0x5566d57c77c0 .scope generate, "scale_cols[4]" "scale_cols[4]" 4 75, 4 75 0, S_0x5566d57bd9b0;
 .timescale 0 0;
P_0x5566d571a290 .param/l "col_idx" 1 4 75, +C4<0100>;
S_0x5566d57c8950 .scope module, "scale_score" "vector_scaling" 4 76, 7 1 0, S_0x5566d57c77c0;
 .timescale 0 0;
    .port_info 0 /INPUT 32 "vector_dim";
    .port_info 1 /INPUT 16 "score";
    .port_info 2 /OUTPUT 16 "scaled_score";
v0x5566d571b4c0_0 .var/s "scaled_score", 15 0;
v0x5566d571c5b0_0 .net/s "score", 15 0, L_0x5566d59a88b0;  alias, 1 drivers
L_0x7f17ba137eb8 .functor BUFT 1, C4<00000000000000000000000000000011>, C4<0>, C4<0>, C4<0>;
v0x5566d571d710_0 .net/2s "vector_dim", 31 0, L_0x7f17ba137eb8;  1 drivers
E_0x5566d5719230 .event anyedge, v0x5566d571c5b0_0, v0x5566d571d710_0;
S_0x5566d57c9ae0 .scope generate, "scale_cols[5]" "scale_cols[5]" 4 75, 4 75 0, S_0x5566d57bd9b0;
 .timescale 0 0;
P_0x5566d571e8e0 .param/l "col_idx" 1 4 75, +C4<0101>;
S_0x5566d57cac70 .scope module, "scale_score" "vector_scaling" 4 76, 7 1 0, S_0x5566d57c9ae0;
 .timescale 0 0;
    .port_info 0 /INPUT 32 "vector_dim";
    .port_info 1 /INPUT 16 "score";
    .port_info 2 /OUTPUT 16 "scaled_score";
v0x5566d5720b90_0 .var/s "scaled_score", 15 0;
v0x5566d5721d10_0 .net/s "score", 15 0, L_0x5566d59a8970;  alias, 1 drivers
L_0x7f17ba137f00 .functor BUFT 1, C4<00000000000000000000000000000011>, C4<0>, C4<0>, C4<0>;
v0x5566d5722e90_0 .net/2s "vector_dim", 31 0, L_0x7f17ba137f00;  1 drivers
E_0x5566d571fa80 .event anyedge, v0x5566d5721d10_0, v0x5566d5722e90_0;
S_0x5566d57cbe00 .scope generate, "scale_cols[6]" "scale_cols[6]" 4 75, 4 75 0, S_0x5566d57bd9b0;
 .timescale 0 0;
P_0x5566d5721df0 .param/l "col_idx" 1 4 75, +C4<0110>;
S_0x5566d57ccf90 .scope module, "scale_score" "vector_scaling" 4 76, 7 1 0, S_0x5566d57cbe00;
 .timescale 0 0;
    .port_info 0 /INPUT 32 "vector_dim";
    .port_info 1 /INPUT 16 "score";
    .port_info 2 /OUTPUT 16 "scaled_score";
v0x5566d5725190_0 .var/s "scaled_score", 15 0;
v0x5566d5726310_0 .net/s "score", 15 0, L_0x5566d59a8a30;  alias, 1 drivers
L_0x7f17ba137f48 .functor BUFT 1, C4<00000000000000000000000000000011>, C4<0>, C4<0>, C4<0>;
v0x5566d5727490_0 .net/2s "vector_dim", 31 0, L_0x7f17ba137f48;  1 drivers
E_0x5566d571fb30 .event anyedge, v0x5566d5726310_0, v0x5566d5727490_0;
S_0x5566d57ce120 .scope generate, "scale_cols[7]" "scale_cols[7]" 4 75, 4 75 0, S_0x5566d57bd9b0;
 .timescale 0 0;
P_0x5566d57263f0 .param/l "col_idx" 1 4 75, +C4<0111>;
S_0x5566d57cf2b0 .scope module, "scale_score" "vector_scaling" 4 76, 7 1 0, S_0x5566d57ce120;
 .timescale 0 0;
    .port_info 0 /INPUT 32 "vector_dim";
    .port_info 1 /INPUT 16 "score";
    .port_info 2 /OUTPUT 16 "scaled_score";
v0x5566d5729810_0 .var/s "scaled_score", 15 0;
v0x5566d572a910_0 .net/s "score", 15 0, L_0x5566d59a8af0;  alias, 1 drivers
L_0x7f17ba137f90 .functor BUFT 1, C4<00000000000000000000000000000011>, C4<0>, C4<0>, C4<0>;
v0x5566d572ba90_0 .net/2s "vector_dim", 31 0, L_0x7f17ba137f90;  1 drivers
E_0x5566d5729790 .event anyedge, v0x5566d572a910_0, v0x5566d572ba90_0;
S_0x5566d57d0440 .scope generate, "scale_cols[8]" "scale_cols[8]" 4 75, 4 75 0, S_0x5566d57bd9b0;
 .timescale 0 0;
P_0x5566d5718070 .param/l "col_idx" 1 4 75, +C4<01000>;
S_0x5566d57d15d0 .scope module, "scale_score" "vector_scaling" 4 76, 7 1 0, S_0x5566d57d0440;
 .timescale 0 0;
    .port_info 0 /INPUT 32 "vector_dim";
    .port_info 1 /INPUT 16 "score";
    .port_info 2 /OUTPUT 16 "scaled_score";
v0x5566d57d2760_0 .var/s "scaled_score", 15 0;
v0x5566d57d2860_0 .net/s "score", 15 0, L_0x5566d59a8bb0;  alias, 1 drivers
L_0x7f17ba137fd8 .functor BUFT 1, C4<00000000000000000000000000000011>, C4<0>, C4<0>, C4<0>;
v0x5566d57d38f0_0 .net/2s "vector_dim", 31 0, L_0x7f17ba137fd8;  1 drivers
E_0x5566d572de20 .event anyedge, v0x5566d57d2860_0, v0x5566d57d38f0_0;
S_0x5566d57d4a80 .scope generate, "scale_cols[9]" "scale_cols[9]" 4 75, 4 75 0, S_0x5566d57bd9b0;
 .timescale 0 0;
P_0x5566d57d5c60 .param/l "col_idx" 1 4 75, +C4<01001>;
S_0x5566d57d6da0 .scope module, "scale_score" "vector_scaling" 4 76, 7 1 0, S_0x5566d57d4a80;
 .timescale 0 0;
    .port_info 0 /INPUT 32 "vector_dim";
    .port_info 1 /INPUT 16 "score";
    .port_info 2 /OUTPUT 16 "scaled_score";
v0x5566d57d8020_0 .var/s "scaled_score", 15 0;
v0x5566d57d9100_0 .net/s "score", 15 0, L_0x5566d59a8c70;  alias, 1 drivers
L_0x7f17ba138020 .functor BUFT 1, C4<00000000000000000000000000000011>, C4<0>, C4<0>, C4<0>;
v0x5566d57da250_0 .net/2s "vector_dim", 31 0, L_0x7f17ba138020;  1 drivers
E_0x5566d57d7fa0 .event anyedge, v0x5566d57d9100_0, v0x5566d57da250_0;
S_0x5566d57db3e0 .scope generate, "scale_cols[10]" "scale_cols[10]" 4 75, 4 75 0, S_0x5566d57bd9b0;
 .timescale 0 0;
P_0x5566d57da390 .param/l "col_idx" 1 4 75, +C4<01010>;
S_0x5566d57dd700 .scope module, "scale_score" "vector_scaling" 4 76, 7 1 0, S_0x5566d57db3e0;
 .timescale 0 0;
    .port_info 0 /INPUT 32 "vector_dim";
    .port_info 1 /INPUT 16 "score";
    .port_info 2 /OUTPUT 16 "scaled_score";
v0x5566d57de910_0 .var/s "scaled_score", 15 0;
v0x5566d57dfa20_0 .net/s "score", 15 0, L_0x5566d59a8d30;  alias, 1 drivers
L_0x7f17ba138068 .functor BUFT 1, C4<00000000000000000000000000000011>, C4<0>, C4<0>, C4<0>;
v0x5566d57dfb00_0 .net/2s "vector_dim", 31 0, L_0x7f17ba138068;  1 drivers
E_0x5566d57de890 .event anyedge, v0x5566d57dfa20_0, v0x5566d57dfb00_0;
S_0x5566d57e1d40 .scope generate, "scale_cols[11]" "scale_cols[11]" 4 75, 4 75 0, S_0x5566d57bd9b0;
 .timescale 0 0;
P_0x5566d57e0c80 .param/l "col_idx" 1 4 75, +C4<01011>;
S_0x5566d57e4060 .scope module, "scale_score" "vector_scaling" 4 76, 7 1 0, S_0x5566d57e1d40;
 .timescale 0 0;
    .port_info 0 /INPUT 32 "vector_dim";
    .port_info 1 /INPUT 16 "score";
    .port_info 2 /OUTPUT 16 "scaled_score";
v0x5566d57e51f0_0 .var/s "scaled_score", 15 0;
v0x5566d57e52f0_0 .net/s "score", 15 0, L_0x5566d59a8df0;  alias, 1 drivers
L_0x7f17ba1380b0 .functor BUFT 1, C4<00000000000000000000000000000011>, C4<0>, C4<0>, C4<0>;
v0x5566d57e63c0_0 .net/2s "vector_dim", 31 0, L_0x7f17ba1380b0;  1 drivers
E_0x5566d57e2ff0 .event anyedge, v0x5566d57e52f0_0, v0x5566d57e63c0_0;
S_0x5566d57e7510 .scope generate, "scale_cols[12]" "scale_cols[12]" 4 75, 4 75 0, S_0x5566d57bd9b0;
 .timescale 0 0;
P_0x5566d57e86f0 .param/l "col_idx" 1 4 75, +C4<01100>;
S_0x5566d57e9830 .scope module, "scale_score" "vector_scaling" 4 76, 7 1 0, S_0x5566d57e7510;
 .timescale 0 0;
    .port_info 0 /INPUT 32 "vector_dim";
    .port_info 1 /INPUT 16 "score";
    .port_info 2 /OUTPUT 16 "scaled_score";
v0x5566d57eaa90_0 .var/s "scaled_score", 15 0;
v0x5566d57ebb90_0 .net/s "score", 15 0, L_0x5566d59a8eb0;  alias, 1 drivers
L_0x7f17ba1380f8 .functor BUFT 1, C4<00000000000000000000000000000011>, C4<0>, C4<0>, C4<0>;
v0x5566d57ecce0_0 .net/2s "vector_dim", 31 0, L_0x7f17ba1380f8;  1 drivers
E_0x5566d57eaa30 .event anyedge, v0x5566d57ebb90_0, v0x5566d57ecce0_0;
S_0x5566d57ede70 .scope generate, "scale_cols[13]" "scale_cols[13]" 4 75, 4 75 0, S_0x5566d57bd9b0;
 .timescale 0 0;
P_0x5566d57ece20 .param/l "col_idx" 1 4 75, +C4<01101>;
S_0x5566d57f0190 .scope module, "scale_score" "vector_scaling" 4 76, 7 1 0, S_0x5566d57ede70;
 .timescale 0 0;
    .port_info 0 /INPUT 32 "vector_dim";
    .port_info 1 /INPUT 16 "score";
    .port_info 2 /OUTPUT 16 "scaled_score";
v0x5566d57f13a0_0 .var/s "scaled_score", 15 0;
v0x5566d57f24b0_0 .net/s "score", 15 0, L_0x5566d59a8f70;  alias, 1 drivers
L_0x7f17ba138140 .functor BUFT 1, C4<00000000000000000000000000000011>, C4<0>, C4<0>, C4<0>;
v0x5566d57f2590_0 .net/2s "vector_dim", 31 0, L_0x7f17ba138140;  1 drivers
E_0x5566d57f1320 .event anyedge, v0x5566d57f24b0_0, v0x5566d57f2590_0;
S_0x5566d57f47d0 .scope generate, "scale_cols[14]" "scale_cols[14]" 4 75, 4 75 0, S_0x5566d57bd9b0;
 .timescale 0 0;
P_0x5566d57f3710 .param/l "col_idx" 1 4 75, +C4<01110>;
S_0x5566d57f6af0 .scope module, "scale_score" "vector_scaling" 4 76, 7 1 0, S_0x5566d57f47d0;
 .timescale 0 0;
    .port_info 0 /INPUT 32 "vector_dim";
    .port_info 1 /INPUT 16 "score";
    .port_info 2 /OUTPUT 16 "scaled_score";
v0x5566d57f7c80_0 .var/s "scaled_score", 15 0;
v0x5566d57f7d80_0 .net/s "score", 15 0, L_0x5566d59a9030;  alias, 1 drivers
L_0x7f17ba138188 .functor BUFT 1, C4<00000000000000000000000000000011>, C4<0>, C4<0>, C4<0>;
v0x5566d57f8e50_0 .net/2s "vector_dim", 31 0, L_0x7f17ba138188;  1 drivers
E_0x5566d57f5a80 .event anyedge, v0x5566d57f7d80_0, v0x5566d57f8e50_0;
S_0x5566d57f9fa0 .scope generate, "scale_cols[15]" "scale_cols[15]" 4 75, 4 75 0, S_0x5566d57bd9b0;
 .timescale 0 0;
P_0x5566d57fb180 .param/l "col_idx" 1 4 75, +C4<01111>;
S_0x5566d57fc2c0 .scope module, "scale_score" "vector_scaling" 4 76, 7 1 0, S_0x5566d57f9fa0;
 .timescale 0 0;
    .port_info 0 /INPUT 32 "vector_dim";
    .port_info 1 /INPUT 16 "score";
    .port_info 2 /OUTPUT 16 "scaled_score";
v0x5566d57fd520_0 .var/s "scaled_score", 15 0;
v0x5566d57fe620_0 .net/s "score", 15 0, L_0x5566d59a90f0;  alias, 1 drivers
L_0x7f17ba1381d0 .functor BUFT 1, C4<00000000000000000000000000000011>, C4<0>, C4<0>, C4<0>;
v0x5566d57ff770_0 .net/2s "vector_dim", 31 0, L_0x7f17ba1381d0;  1 drivers
E_0x5566d57fd4c0 .event anyedge, v0x5566d57fe620_0, v0x5566d57ff770_0;
S_0x5566d5800900 .scope generate, "scale_rows[4]" "scale_rows[4]" 4 74, 4 74 0, S_0x5566d573d2e0;
 .timescale 0 0;
P_0x5566d57ff8b0 .param/l "row_idx" 1 4 74, +C4<0100>;
S_0x5566d5802c20 .scope generate, "scale_cols[0]" "scale_cols[0]" 4 75, 4 75 0, S_0x5566d5800900;
 .timescale 0 0;
P_0x5566d5801b90 .param/l "col_idx" 1 4 75, +C4<00>;
S_0x5566d5804f40 .scope module, "scale_score" "vector_scaling" 4 76, 7 1 0, S_0x5566d5802c20;
 .timescale 0 0;
    .port_info 0 /INPUT 32 "vector_dim";
    .port_info 1 /INPUT 16 "score";
    .port_info 2 /OUTPUT 16 "scaled_score";
v0x5566d58060d0_0 .var/s "scaled_score", 15 0;
v0x5566d58061d0_0 .net/s "score", 15 0, L_0x5566d59a91b0;  alias, 1 drivers
L_0x7f17ba138218 .functor BUFT 1, C4<00000000000000000000000000000011>, C4<0>, C4<0>, C4<0>;
v0x5566d58072a0_0 .net/2s "vector_dim", 31 0, L_0x7f17ba138218;  1 drivers
E_0x5566d5803ed0 .event anyedge, v0x5566d58061d0_0, v0x5566d58072a0_0;
S_0x5566d5809580 .scope generate, "scale_cols[1]" "scale_cols[1]" 4 75, 4 75 0, S_0x5566d5800900;
 .timescale 0 0;
P_0x5566d5808480 .param/l "col_idx" 1 4 75, +C4<01>;
S_0x5566d580a710 .scope module, "scale_score" "vector_scaling" 4 76, 7 1 0, S_0x5566d5809580;
 .timescale 0 0;
    .port_info 0 /INPUT 32 "vector_dim";
    .port_info 1 /INPUT 16 "score";
    .port_info 2 /OUTPUT 16 "scaled_score";
v0x5566d580ca30_0 .var/s "scaled_score", 15 0;
v0x5566d580cb30_0 .net/s "score", 15 0, L_0x5566d59a9270;  alias, 1 drivers
L_0x7f17ba138260 .functor BUFT 1, C4<00000000000000000000000000000011>, C4<0>, C4<0>, C4<0>;
v0x5566d580dbc0_0 .net/2s "vector_dim", 31 0, L_0x7f17ba138260;  1 drivers
E_0x5566d580b930 .event anyedge, v0x5566d580cb30_0, v0x5566d580dbc0_0;
S_0x5566d580ed50 .scope generate, "scale_cols[2]" "scale_cols[2]" 4 75, 4 75 0, S_0x5566d5800900;
 .timescale 0 0;
P_0x5566d580fee0 .param/l "col_idx" 1 4 75, +C4<010>;
S_0x5566d5811070 .scope module, "scale_score" "vector_scaling" 4 76, 7 1 0, S_0x5566d580ed50;
 .timescale 0 0;
    .port_info 0 /INPUT 32 "vector_dim";
    .port_info 1 /INPUT 16 "score";
    .port_info 2 /OUTPUT 16 "scaled_score";
v0x5566d5812280_0 .var/s "scaled_score", 15 0;
v0x5566d5813390_0 .net/s "score", 15 0, L_0x5566d59a9330;  alias, 1 drivers
L_0x7f17ba1382a8 .functor BUFT 1, C4<00000000000000000000000000000011>, C4<0>, C4<0>, C4<0>;
v0x5566d5813450_0 .net/2s "vector_dim", 31 0, L_0x7f17ba1382a8;  1 drivers
E_0x5566d5812200 .event anyedge, v0x5566d5813390_0, v0x5566d5813450_0;
S_0x5566d58156b0 .scope generate, "scale_cols[3]" "scale_cols[3]" 4 75, 4 75 0, S_0x5566d5800900;
 .timescale 0 0;
P_0x5566d5814610 .param/l "col_idx" 1 4 75, +C4<011>;
S_0x5566d58179d0 .scope module, "scale_score" "vector_scaling" 4 76, 7 1 0, S_0x5566d58156b0;
 .timescale 0 0;
    .port_info 0 /INPUT 32 "vector_dim";
    .port_info 1 /INPUT 16 "score";
    .port_info 2 /OUTPUT 16 "scaled_score";
v0x5566d5818b60_0 .var/s "scaled_score", 15 0;
v0x5566d5818c60_0 .net/s "score", 15 0, L_0x5566d59a93f0;  alias, 1 drivers
L_0x7f17ba1382f0 .functor BUFT 1, C4<00000000000000000000000000000011>, C4<0>, C4<0>, C4<0>;
v0x5566d5819d30_0 .net/2s "vector_dim", 31 0, L_0x7f17ba1382f0;  1 drivers
E_0x5566d5816960 .event anyedge, v0x5566d5818c60_0, v0x5566d5819d30_0;
S_0x5566d581c010 .scope generate, "scale_cols[4]" "scale_cols[4]" 4 75, 4 75 0, S_0x5566d5800900;
 .timescale 0 0;
P_0x5566d581af40 .param/l "col_idx" 1 4 75, +C4<0100>;
S_0x5566d581d1a0 .scope module, "scale_score" "vector_scaling" 4 76, 7 1 0, S_0x5566d581c010;
 .timescale 0 0;
    .port_info 0 /INPUT 32 "vector_dim";
    .port_info 1 /INPUT 16 "score";
    .port_info 2 /OUTPUT 16 "scaled_score";
v0x5566d581f4c0_0 .var/s "scaled_score", 15 0;
v0x5566d581f5c0_0 .net/s "score", 15 0, L_0x5566d59aa830;  alias, 1 drivers
L_0x7f17ba138338 .functor BUFT 1, C4<00000000000000000000000000000011>, C4<0>, C4<0>, C4<0>;
v0x5566d5820650_0 .net/2s "vector_dim", 31 0, L_0x7f17ba138338;  1 drivers
E_0x5566d581e410 .event anyedge, v0x5566d581f5c0_0, v0x5566d5820650_0;
S_0x5566d58217e0 .scope generate, "scale_cols[5]" "scale_cols[5]" 4 75, 4 75 0, S_0x5566d5800900;
 .timescale 0 0;
P_0x5566d5822970 .param/l "col_idx" 1 4 75, +C4<0101>;
S_0x5566d5823b00 .scope module, "scale_score" "vector_scaling" 4 76, 7 1 0, S_0x5566d58217e0;
 .timescale 0 0;
    .port_info 0 /INPUT 32 "vector_dim";
    .port_info 1 /INPUT 16 "score";
    .port_info 2 /OUTPUT 16 "scaled_score";
v0x5566d55e9400_0 .var/s "scaled_score", 15 0;
v0x5566d55e9500_0 .net/s "score", 15 0, L_0x5566d59a9630;  alias, 1 drivers
L_0x7f17ba138380 .functor BUFT 1, C4<00000000000000000000000000000011>, C4<0>, C4<0>, C4<0>;
v0x5566d55e95e0_0 .net/2s "vector_dim", 31 0, L_0x7f17ba138380;  1 drivers
E_0x5566d55e9380 .event anyedge, v0x5566d55e9500_0, v0x5566d55e95e0_0;
S_0x5566d55e7790 .scope generate, "scale_cols[6]" "scale_cols[6]" 4 75, 4 75 0, S_0x5566d5800900;
 .timescale 0 0;
P_0x5566d55e7920 .param/l "col_idx" 1 4 75, +C4<0110>;
S_0x5566d55e7a00 .scope module, "scale_score" "vector_scaling" 4 76, 7 1 0, S_0x5566d55e7790;
 .timescale 0 0;
    .port_info 0 /INPUT 32 "vector_dim";
    .port_info 1 /INPUT 16 "score";
    .port_info 2 /OUTPUT 16 "scaled_score";
v0x5566d559b510_0 .var/s "scaled_score", 15 0;
v0x5566d559b610_0 .net/s "score", 15 0, L_0x5566d59a96f0;  alias, 1 drivers
L_0x7f17ba1383c8 .functor BUFT 1, C4<00000000000000000000000000000011>, C4<0>, C4<0>, C4<0>;
v0x5566d559b6f0_0 .net/2s "vector_dim", 31 0, L_0x7f17ba1383c8;  1 drivers
E_0x5566d55e7c00 .event anyedge, v0x5566d559b610_0, v0x5566d559b6f0_0;
S_0x5566d58dbfd0 .scope generate, "scale_cols[7]" "scale_cols[7]" 4 75, 4 75 0, S_0x5566d5800900;
 .timescale 0 0;
P_0x5566d559b8b0 .param/l "col_idx" 1 4 75, +C4<0111>;
S_0x5566d58dc160 .scope module, "scale_score" "vector_scaling" 4 76, 7 1 0, S_0x5566d58dbfd0;
 .timescale 0 0;
    .port_info 0 /INPUT 32 "vector_dim";
    .port_info 1 /INPUT 16 "score";
    .port_info 2 /OUTPUT 16 "scaled_score";
v0x5566d58dc400_0 .var/s "scaled_score", 15 0;
v0x5566d58dc500_0 .net/s "score", 15 0, L_0x5566d59a97b0;  alias, 1 drivers
L_0x7f17ba138410 .functor BUFT 1, C4<00000000000000000000000000000011>, C4<0>, C4<0>, C4<0>;
v0x5566d58dc5e0_0 .net/2s "vector_dim", 31 0, L_0x7f17ba138410;  1 drivers
E_0x5566d58dc380 .event anyedge, v0x5566d58dc500_0, v0x5566d58dc5e0_0;
S_0x5566d58dc750 .scope generate, "scale_cols[8]" "scale_cols[8]" 4 75, 4 75 0, S_0x5566d5800900;
 .timescale 0 0;
P_0x5566d581aef0 .param/l "col_idx" 1 4 75, +C4<01000>;
S_0x5566d58dca50 .scope module, "scale_score" "vector_scaling" 4 76, 7 1 0, S_0x5566d58dc750;
 .timescale 0 0;
    .port_info 0 /INPUT 32 "vector_dim";
    .port_info 1 /INPUT 16 "score";
    .port_info 2 /OUTPUT 16 "scaled_score";
v0x5566d58dcd40_0 .var/s "scaled_score", 15 0;
v0x5566d58dce40_0 .net/s "score", 15 0, L_0x5566d59a9870;  alias, 1 drivers
L_0x7f17ba138458 .functor BUFT 1, C4<00000000000000000000000000000011>, C4<0>, C4<0>, C4<0>;
v0x5566d58dcf20_0 .net/2s "vector_dim", 31 0, L_0x7f17ba138458;  1 drivers
E_0x5566d58dccc0 .event anyedge, v0x5566d58dce40_0, v0x5566d58dcf20_0;
S_0x5566d58dd090 .scope generate, "scale_cols[9]" "scale_cols[9]" 4 75, 4 75 0, S_0x5566d5800900;
 .timescale 0 0;
P_0x5566d58dd270 .param/l "col_idx" 1 4 75, +C4<01001>;
S_0x5566d58dd350 .scope module, "scale_score" "vector_scaling" 4 76, 7 1 0, S_0x5566d58dd090;
 .timescale 0 0;
    .port_info 0 /INPUT 32 "vector_dim";
    .port_info 1 /INPUT 16 "score";
    .port_info 2 /OUTPUT 16 "scaled_score";
v0x5566d58dd640_0 .var/s "scaled_score", 15 0;
v0x5566d58dd740_0 .net/s "score", 15 0, L_0x5566d59a9930;  alias, 1 drivers
L_0x7f17ba1384a0 .functor BUFT 1, C4<00000000000000000000000000000011>, C4<0>, C4<0>, C4<0>;
v0x5566d58dd820_0 .net/2s "vector_dim", 31 0, L_0x7f17ba1384a0;  1 drivers
E_0x5566d58dd5c0 .event anyedge, v0x5566d58dd740_0, v0x5566d58dd820_0;
S_0x5566d58dd990 .scope generate, "scale_cols[10]" "scale_cols[10]" 4 75, 4 75 0, S_0x5566d5800900;
 .timescale 0 0;
P_0x5566d58ddb70 .param/l "col_idx" 1 4 75, +C4<01010>;
S_0x5566d58ddc50 .scope module, "scale_score" "vector_scaling" 4 76, 7 1 0, S_0x5566d58dd990;
 .timescale 0 0;
    .port_info 0 /INPUT 32 "vector_dim";
    .port_info 1 /INPUT 16 "score";
    .port_info 2 /OUTPUT 16 "scaled_score";
v0x5566d58ddf40_0 .var/s "scaled_score", 15 0;
v0x5566d58de040_0 .net/s "score", 15 0, L_0x5566d59a99f0;  alias, 1 drivers
L_0x7f17ba1384e8 .functor BUFT 1, C4<00000000000000000000000000000011>, C4<0>, C4<0>, C4<0>;
v0x5566d58de120_0 .net/2s "vector_dim", 31 0, L_0x7f17ba1384e8;  1 drivers
E_0x5566d58ddec0 .event anyedge, v0x5566d58de040_0, v0x5566d58de120_0;
S_0x5566d58de290 .scope generate, "scale_cols[11]" "scale_cols[11]" 4 75, 4 75 0, S_0x5566d5800900;
 .timescale 0 0;
P_0x5566d58de470 .param/l "col_idx" 1 4 75, +C4<01011>;
S_0x5566d58de550 .scope module, "scale_score" "vector_scaling" 4 76, 7 1 0, S_0x5566d58de290;
 .timescale 0 0;
    .port_info 0 /INPUT 32 "vector_dim";
    .port_info 1 /INPUT 16 "score";
    .port_info 2 /OUTPUT 16 "scaled_score";
v0x5566d58de840_0 .var/s "scaled_score", 15 0;
v0x5566d58de940_0 .net/s "score", 15 0, L_0x5566d59a9ab0;  alias, 1 drivers
L_0x7f17ba138530 .functor BUFT 1, C4<00000000000000000000000000000011>, C4<0>, C4<0>, C4<0>;
v0x5566d58dea20_0 .net/2s "vector_dim", 31 0, L_0x7f17ba138530;  1 drivers
E_0x5566d58de7c0 .event anyedge, v0x5566d58de940_0, v0x5566d58dea20_0;
S_0x5566d58deb90 .scope generate, "scale_cols[12]" "scale_cols[12]" 4 75, 4 75 0, S_0x5566d5800900;
 .timescale 0 0;
P_0x5566d58ded70 .param/l "col_idx" 1 4 75, +C4<01100>;
S_0x5566d58dee50 .scope module, "scale_score" "vector_scaling" 4 76, 7 1 0, S_0x5566d58deb90;
 .timescale 0 0;
    .port_info 0 /INPUT 32 "vector_dim";
    .port_info 1 /INPUT 16 "score";
    .port_info 2 /OUTPUT 16 "scaled_score";
v0x5566d58df140_0 .var/s "scaled_score", 15 0;
v0x5566d58df240_0 .net/s "score", 15 0, L_0x5566d59a9b70;  alias, 1 drivers
L_0x7f17ba138578 .functor BUFT 1, C4<00000000000000000000000000000011>, C4<0>, C4<0>, C4<0>;
v0x5566d58df320_0 .net/2s "vector_dim", 31 0, L_0x7f17ba138578;  1 drivers
E_0x5566d58df0c0 .event anyedge, v0x5566d58df240_0, v0x5566d58df320_0;
S_0x5566d58df490 .scope generate, "scale_cols[13]" "scale_cols[13]" 4 75, 4 75 0, S_0x5566d5800900;
 .timescale 0 0;
P_0x5566d58df670 .param/l "col_idx" 1 4 75, +C4<01101>;
S_0x5566d58df750 .scope module, "scale_score" "vector_scaling" 4 76, 7 1 0, S_0x5566d58df490;
 .timescale 0 0;
    .port_info 0 /INPUT 32 "vector_dim";
    .port_info 1 /INPUT 16 "score";
    .port_info 2 /OUTPUT 16 "scaled_score";
v0x5566d58dfa40_0 .var/s "scaled_score", 15 0;
v0x5566d58dfb40_0 .net/s "score", 15 0, L_0x5566d59a9c30;  alias, 1 drivers
L_0x7f17ba1385c0 .functor BUFT 1, C4<00000000000000000000000000000011>, C4<0>, C4<0>, C4<0>;
v0x5566d58dfc20_0 .net/2s "vector_dim", 31 0, L_0x7f17ba1385c0;  1 drivers
E_0x5566d58df9c0 .event anyedge, v0x5566d58dfb40_0, v0x5566d58dfc20_0;
S_0x5566d58dfd90 .scope generate, "scale_cols[14]" "scale_cols[14]" 4 75, 4 75 0, S_0x5566d5800900;
 .timescale 0 0;
P_0x5566d58dff70 .param/l "col_idx" 1 4 75, +C4<01110>;
S_0x5566d58e0050 .scope module, "scale_score" "vector_scaling" 4 76, 7 1 0, S_0x5566d58dfd90;
 .timescale 0 0;
    .port_info 0 /INPUT 32 "vector_dim";
    .port_info 1 /INPUT 16 "score";
    .port_info 2 /OUTPUT 16 "scaled_score";
v0x5566d58e0340_0 .var/s "scaled_score", 15 0;
v0x5566d58e0440_0 .net/s "score", 15 0, L_0x5566d59a9cf0;  alias, 1 drivers
L_0x7f17ba138608 .functor BUFT 1, C4<00000000000000000000000000000011>, C4<0>, C4<0>, C4<0>;
v0x5566d58e0520_0 .net/2s "vector_dim", 31 0, L_0x7f17ba138608;  1 drivers
E_0x5566d58e02c0 .event anyedge, v0x5566d58e0440_0, v0x5566d58e0520_0;
S_0x5566d58e0690 .scope generate, "scale_cols[15]" "scale_cols[15]" 4 75, 4 75 0, S_0x5566d5800900;
 .timescale 0 0;
P_0x5566d58e0870 .param/l "col_idx" 1 4 75, +C4<01111>;
S_0x5566d58e0950 .scope module, "scale_score" "vector_scaling" 4 76, 7 1 0, S_0x5566d58e0690;
 .timescale 0 0;
    .port_info 0 /INPUT 32 "vector_dim";
    .port_info 1 /INPUT 16 "score";
    .port_info 2 /OUTPUT 16 "scaled_score";
v0x5566d58e0c40_0 .var/s "scaled_score", 15 0;
v0x5566d58e0d40_0 .net/s "score", 15 0, L_0x5566d59a9db0;  alias, 1 drivers
L_0x7f17ba138650 .functor BUFT 1, C4<00000000000000000000000000000011>, C4<0>, C4<0>, C4<0>;
v0x5566d58e0e20_0 .net/2s "vector_dim", 31 0, L_0x7f17ba138650;  1 drivers
E_0x5566d58e0bc0 .event anyedge, v0x5566d58e0d40_0, v0x5566d58e0e20_0;
S_0x5566d58e0f90 .scope generate, "scale_rows[5]" "scale_rows[5]" 4 74, 4 74 0, S_0x5566d573d2e0;
 .timescale 0 0;
P_0x5566d58e1170 .param/l "row_idx" 1 4 74, +C4<0101>;
S_0x5566d58e1250 .scope generate, "scale_cols[0]" "scale_cols[0]" 4 75, 4 75 0, S_0x5566d58e0f90;
 .timescale 0 0;
P_0x5566d58e1450 .param/l "col_idx" 1 4 75, +C4<00>;
S_0x5566d58e1530 .scope module, "scale_score" "vector_scaling" 4 76, 7 1 0, S_0x5566d58e1250;
 .timescale 0 0;
    .port_info 0 /INPUT 32 "vector_dim";
    .port_info 1 /INPUT 16 "score";
    .port_info 2 /OUTPUT 16 "scaled_score";
v0x5566d58e1820_0 .var/s "scaled_score", 15 0;
v0x5566d58e1920_0 .net/s "score", 15 0, L_0x5566d59a9e70;  alias, 1 drivers
L_0x7f17ba138698 .functor BUFT 1, C4<00000000000000000000000000000011>, C4<0>, C4<0>, C4<0>;
v0x5566d58e1a00_0 .net/2s "vector_dim", 31 0, L_0x7f17ba138698;  1 drivers
E_0x5566d58e17a0 .event anyedge, v0x5566d58e1920_0, v0x5566d58e1a00_0;
S_0x5566d58e1b70 .scope generate, "scale_cols[1]" "scale_cols[1]" 4 75, 4 75 0, S_0x5566d58e0f90;
 .timescale 0 0;
P_0x5566d58e1d70 .param/l "col_idx" 1 4 75, +C4<01>;
S_0x5566d58e1e30 .scope module, "scale_score" "vector_scaling" 4 76, 7 1 0, S_0x5566d58e1b70;
 .timescale 0 0;
    .port_info 0 /INPUT 32 "vector_dim";
    .port_info 1 /INPUT 16 "score";
    .port_info 2 /OUTPUT 16 "scaled_score";
v0x5566d58e2120_0 .var/s "scaled_score", 15 0;
v0x5566d58e2220_0 .net/s "score", 15 0, L_0x5566d59a9f30;  alias, 1 drivers
L_0x7f17ba1386e0 .functor BUFT 1, C4<00000000000000000000000000000011>, C4<0>, C4<0>, C4<0>;
v0x5566d58e2300_0 .net/2s "vector_dim", 31 0, L_0x7f17ba1386e0;  1 drivers
E_0x5566d58e20a0 .event anyedge, v0x5566d58e2220_0, v0x5566d58e2300_0;
S_0x5566d58e2470 .scope generate, "scale_cols[2]" "scale_cols[2]" 4 75, 4 75 0, S_0x5566d58e0f90;
 .timescale 0 0;
P_0x5566d58e2680 .param/l "col_idx" 1 4 75, +C4<010>;
S_0x5566d58e2740 .scope module, "scale_score" "vector_scaling" 4 76, 7 1 0, S_0x5566d58e2470;
 .timescale 0 0;
    .port_info 0 /INPUT 32 "vector_dim";
    .port_info 1 /INPUT 16 "score";
    .port_info 2 /OUTPUT 16 "scaled_score";
v0x5566d58e2a30_0 .var/s "scaled_score", 15 0;
v0x5566d58e2b30_0 .net/s "score", 15 0, L_0x5566d59a9ff0;  alias, 1 drivers
L_0x7f17ba138728 .functor BUFT 1, C4<00000000000000000000000000000011>, C4<0>, C4<0>, C4<0>;
v0x5566d58e2c10_0 .net/2s "vector_dim", 31 0, L_0x7f17ba138728;  1 drivers
E_0x5566d58e29b0 .event anyedge, v0x5566d58e2b30_0, v0x5566d58e2c10_0;
S_0x5566d58e2d80 .scope generate, "scale_cols[3]" "scale_cols[3]" 4 75, 4 75 0, S_0x5566d58e0f90;
 .timescale 0 0;
P_0x5566d58e2f60 .param/l "col_idx" 1 4 75, +C4<011>;
S_0x5566d58e3040 .scope module, "scale_score" "vector_scaling" 4 76, 7 1 0, S_0x5566d58e2d80;
 .timescale 0 0;
    .port_info 0 /INPUT 32 "vector_dim";
    .port_info 1 /INPUT 16 "score";
    .port_info 2 /OUTPUT 16 "scaled_score";
v0x5566d58e3330_0 .var/s "scaled_score", 15 0;
v0x5566d58e3430_0 .net/s "score", 15 0, L_0x5566d59aa0b0;  alias, 1 drivers
L_0x7f17ba138770 .functor BUFT 1, C4<00000000000000000000000000000011>, C4<0>, C4<0>, C4<0>;
v0x5566d58e3510_0 .net/2s "vector_dim", 31 0, L_0x7f17ba138770;  1 drivers
E_0x5566d58e32b0 .event anyedge, v0x5566d58e3430_0, v0x5566d58e3510_0;
S_0x5566d58e3680 .scope generate, "scale_cols[4]" "scale_cols[4]" 4 75, 4 75 0, S_0x5566d58e0f90;
 .timescale 0 0;
P_0x5566d58e38b0 .param/l "col_idx" 1 4 75, +C4<0100>;
S_0x5566d58e3990 .scope module, "scale_score" "vector_scaling" 4 76, 7 1 0, S_0x5566d58e3680;
 .timescale 0 0;
    .port_info 0 /INPUT 32 "vector_dim";
    .port_info 1 /INPUT 16 "score";
    .port_info 2 /OUTPUT 16 "scaled_score";
v0x5566d58e3c80_0 .var/s "scaled_score", 15 0;
v0x5566d58e3d80_0 .net/s "score", 15 0, L_0x5566d59aa170;  alias, 1 drivers
L_0x7f17ba1387b8 .functor BUFT 1, C4<00000000000000000000000000000011>, C4<0>, C4<0>, C4<0>;
v0x5566d58e3e60_0 .net/2s "vector_dim", 31 0, L_0x7f17ba1387b8;  1 drivers
E_0x5566d58e3c00 .event anyedge, v0x5566d58e3d80_0, v0x5566d58e3e60_0;
S_0x5566d58e3fa0 .scope generate, "scale_cols[5]" "scale_cols[5]" 4 75, 4 75 0, S_0x5566d58e0f90;
 .timescale 0 0;
P_0x5566d58e4180 .param/l "col_idx" 1 4 75, +C4<0101>;
S_0x5566d58e4260 .scope module, "scale_score" "vector_scaling" 4 76, 7 1 0, S_0x5566d58e3fa0;
 .timescale 0 0;
    .port_info 0 /INPUT 32 "vector_dim";
    .port_info 1 /INPUT 16 "score";
    .port_info 2 /OUTPUT 16 "scaled_score";
v0x5566d58e4550_0 .var/s "scaled_score", 15 0;
v0x5566d58e4650_0 .net/s "score", 15 0, L_0x5566d59aa230;  alias, 1 drivers
L_0x7f17ba138800 .functor BUFT 1, C4<00000000000000000000000000000011>, C4<0>, C4<0>, C4<0>;
v0x5566d58e4730_0 .net/2s "vector_dim", 31 0, L_0x7f17ba138800;  1 drivers
E_0x5566d58e44d0 .event anyedge, v0x5566d58e4650_0, v0x5566d58e4730_0;
S_0x5566d58e48a0 .scope generate, "scale_cols[6]" "scale_cols[6]" 4 75, 4 75 0, S_0x5566d58e0f90;
 .timescale 0 0;
P_0x5566d58e4a80 .param/l "col_idx" 1 4 75, +C4<0110>;
S_0x5566d58e4b60 .scope module, "scale_score" "vector_scaling" 4 76, 7 1 0, S_0x5566d58e48a0;
 .timescale 0 0;
    .port_info 0 /INPUT 32 "vector_dim";
    .port_info 1 /INPUT 16 "score";
    .port_info 2 /OUTPUT 16 "scaled_score";
v0x5566d58e4e50_0 .var/s "scaled_score", 15 0;
v0x5566d58e4f50_0 .net/s "score", 15 0, L_0x5566d59aa2f0;  alias, 1 drivers
L_0x7f17ba138848 .functor BUFT 1, C4<00000000000000000000000000000011>, C4<0>, C4<0>, C4<0>;
v0x5566d58e5030_0 .net/2s "vector_dim", 31 0, L_0x7f17ba138848;  1 drivers
E_0x5566d58e4dd0 .event anyedge, v0x5566d58e4f50_0, v0x5566d58e5030_0;
S_0x5566d58e51a0 .scope generate, "scale_cols[7]" "scale_cols[7]" 4 75, 4 75 0, S_0x5566d58e0f90;
 .timescale 0 0;
P_0x5566d58e5380 .param/l "col_idx" 1 4 75, +C4<0111>;
S_0x5566d58e5460 .scope module, "scale_score" "vector_scaling" 4 76, 7 1 0, S_0x5566d58e51a0;
 .timescale 0 0;
    .port_info 0 /INPUT 32 "vector_dim";
    .port_info 1 /INPUT 16 "score";
    .port_info 2 /OUTPUT 16 "scaled_score";
v0x5566d58e5750_0 .var/s "scaled_score", 15 0;
v0x5566d58e5850_0 .net/s "score", 15 0, L_0x5566d59aa3b0;  alias, 1 drivers
L_0x7f17ba138890 .functor BUFT 1, C4<00000000000000000000000000000011>, C4<0>, C4<0>, C4<0>;
v0x5566d58e5930_0 .net/2s "vector_dim", 31 0, L_0x7f17ba138890;  1 drivers
E_0x5566d58e56d0 .event anyedge, v0x5566d58e5850_0, v0x5566d58e5930_0;
S_0x5566d58e5aa0 .scope generate, "scale_cols[8]" "scale_cols[8]" 4 75, 4 75 0, S_0x5566d58e0f90;
 .timescale 0 0;
P_0x5566d58e3860 .param/l "col_idx" 1 4 75, +C4<01000>;
S_0x5566d58e5da0 .scope module, "scale_score" "vector_scaling" 4 76, 7 1 0, S_0x5566d58e5aa0;
 .timescale 0 0;
    .port_info 0 /INPUT 32 "vector_dim";
    .port_info 1 /INPUT 16 "score";
    .port_info 2 /OUTPUT 16 "scaled_score";
v0x5566d58e6090_0 .var/s "scaled_score", 15 0;
v0x5566d58e6190_0 .net/s "score", 15 0, L_0x5566d59aa470;  alias, 1 drivers
L_0x7f17ba1388d8 .functor BUFT 1, C4<00000000000000000000000000000011>, C4<0>, C4<0>, C4<0>;
v0x5566d58e6270_0 .net/2s "vector_dim", 31 0, L_0x7f17ba1388d8;  1 drivers
E_0x5566d58e6010 .event anyedge, v0x5566d58e6190_0, v0x5566d58e6270_0;
S_0x5566d58e63e0 .scope generate, "scale_cols[9]" "scale_cols[9]" 4 75, 4 75 0, S_0x5566d58e0f90;
 .timescale 0 0;
P_0x5566d58e65c0 .param/l "col_idx" 1 4 75, +C4<01001>;
S_0x5566d58e66a0 .scope module, "scale_score" "vector_scaling" 4 76, 7 1 0, S_0x5566d58e63e0;
 .timescale 0 0;
    .port_info 0 /INPUT 32 "vector_dim";
    .port_info 1 /INPUT 16 "score";
    .port_info 2 /OUTPUT 16 "scaled_score";
v0x5566d58e6990_0 .var/s "scaled_score", 15 0;
v0x5566d58e6a90_0 .net/s "score", 15 0, L_0x5566d59aa530;  alias, 1 drivers
L_0x7f17ba138920 .functor BUFT 1, C4<00000000000000000000000000000011>, C4<0>, C4<0>, C4<0>;
v0x5566d58e6b70_0 .net/2s "vector_dim", 31 0, L_0x7f17ba138920;  1 drivers
E_0x5566d58e6910 .event anyedge, v0x5566d58e6a90_0, v0x5566d58e6b70_0;
S_0x5566d58e6ce0 .scope generate, "scale_cols[10]" "scale_cols[10]" 4 75, 4 75 0, S_0x5566d58e0f90;
 .timescale 0 0;
P_0x5566d58e6ec0 .param/l "col_idx" 1 4 75, +C4<01010>;
S_0x5566d58e6fa0 .scope module, "scale_score" "vector_scaling" 4 76, 7 1 0, S_0x5566d58e6ce0;
 .timescale 0 0;
    .port_info 0 /INPUT 32 "vector_dim";
    .port_info 1 /INPUT 16 "score";
    .port_info 2 /OUTPUT 16 "scaled_score";
v0x5566d58e7290_0 .var/s "scaled_score", 15 0;
v0x5566d58e7390_0 .net/s "score", 15 0, L_0x5566d59aa5f0;  alias, 1 drivers
L_0x7f17ba138968 .functor BUFT 1, C4<00000000000000000000000000000011>, C4<0>, C4<0>, C4<0>;
v0x5566d58e7470_0 .net/2s "vector_dim", 31 0, L_0x7f17ba138968;  1 drivers
E_0x5566d58e7210 .event anyedge, v0x5566d58e7390_0, v0x5566d58e7470_0;
S_0x5566d58e75e0 .scope generate, "scale_cols[11]" "scale_cols[11]" 4 75, 4 75 0, S_0x5566d58e0f90;
 .timescale 0 0;
P_0x5566d58e77c0 .param/l "col_idx" 1 4 75, +C4<01011>;
S_0x5566d58e78a0 .scope module, "scale_score" "vector_scaling" 4 76, 7 1 0, S_0x5566d58e75e0;
 .timescale 0 0;
    .port_info 0 /INPUT 32 "vector_dim";
    .port_info 1 /INPUT 16 "score";
    .port_info 2 /OUTPUT 16 "scaled_score";
v0x5566d58e7b90_0 .var/s "scaled_score", 15 0;
v0x5566d58e7c90_0 .net/s "score", 15 0, L_0x5566d59aa6b0;  alias, 1 drivers
L_0x7f17ba1389b0 .functor BUFT 1, C4<00000000000000000000000000000011>, C4<0>, C4<0>, C4<0>;
v0x5566d58e7d70_0 .net/2s "vector_dim", 31 0, L_0x7f17ba1389b0;  1 drivers
E_0x5566d58e7b10 .event anyedge, v0x5566d58e7c90_0, v0x5566d58e7d70_0;
S_0x5566d58e7ee0 .scope generate, "scale_cols[12]" "scale_cols[12]" 4 75, 4 75 0, S_0x5566d58e0f90;
 .timescale 0 0;
P_0x5566d58e80c0 .param/l "col_idx" 1 4 75, +C4<01100>;
S_0x5566d58e81a0 .scope module, "scale_score" "vector_scaling" 4 76, 7 1 0, S_0x5566d58e7ee0;
 .timescale 0 0;
    .port_info 0 /INPUT 32 "vector_dim";
    .port_info 1 /INPUT 16 "score";
    .port_info 2 /OUTPUT 16 "scaled_score";
v0x5566d58e8490_0 .var/s "scaled_score", 15 0;
v0x5566d58e8590_0 .net/s "score", 15 0, L_0x5566d59aa770;  alias, 1 drivers
L_0x7f17ba1389f8 .functor BUFT 1, C4<00000000000000000000000000000011>, C4<0>, C4<0>, C4<0>;
v0x5566d58e8670_0 .net/2s "vector_dim", 31 0, L_0x7f17ba1389f8;  1 drivers
E_0x5566d58e8410 .event anyedge, v0x5566d58e8590_0, v0x5566d58e8670_0;
S_0x5566d58e87e0 .scope generate, "scale_cols[13]" "scale_cols[13]" 4 75, 4 75 0, S_0x5566d58e0f90;
 .timescale 0 0;
P_0x5566d58e89c0 .param/l "col_idx" 1 4 75, +C4<01101>;
S_0x5566d58e8aa0 .scope module, "scale_score" "vector_scaling" 4 76, 7 1 0, S_0x5566d58e87e0;
 .timescale 0 0;
    .port_info 0 /INPUT 32 "vector_dim";
    .port_info 1 /INPUT 16 "score";
    .port_info 2 /OUTPUT 16 "scaled_score";
v0x5566d58e8d90_0 .var/s "scaled_score", 15 0;
v0x5566d58e8e90_0 .net/s "score", 15 0, L_0x5566d59abbc0;  alias, 1 drivers
L_0x7f17ba138a40 .functor BUFT 1, C4<00000000000000000000000000000011>, C4<0>, C4<0>, C4<0>;
v0x5566d58e8f70_0 .net/2s "vector_dim", 31 0, L_0x7f17ba138a40;  1 drivers
E_0x5566d58e8d10 .event anyedge, v0x5566d58e8e90_0, v0x5566d58e8f70_0;
S_0x5566d58e90e0 .scope generate, "scale_cols[14]" "scale_cols[14]" 4 75, 4 75 0, S_0x5566d58e0f90;
 .timescale 0 0;
P_0x5566d58e92c0 .param/l "col_idx" 1 4 75, +C4<01110>;
S_0x5566d58e93a0 .scope module, "scale_score" "vector_scaling" 4 76, 7 1 0, S_0x5566d58e90e0;
 .timescale 0 0;
    .port_info 0 /INPUT 32 "vector_dim";
    .port_info 1 /INPUT 16 "score";
    .port_info 2 /OUTPUT 16 "scaled_score";
v0x5566d58e9690_0 .var/s "scaled_score", 15 0;
v0x5566d58e9790_0 .net/s "score", 15 0, L_0x5566d59abc80;  alias, 1 drivers
L_0x7f17ba138a88 .functor BUFT 1, C4<00000000000000000000000000000011>, C4<0>, C4<0>, C4<0>;
v0x5566d58e9870_0 .net/2s "vector_dim", 31 0, L_0x7f17ba138a88;  1 drivers
E_0x5566d58e9610 .event anyedge, v0x5566d58e9790_0, v0x5566d58e9870_0;
S_0x5566d58e99e0 .scope generate, "scale_cols[15]" "scale_cols[15]" 4 75, 4 75 0, S_0x5566d58e0f90;
 .timescale 0 0;
P_0x5566d58e9bc0 .param/l "col_idx" 1 4 75, +C4<01111>;
S_0x5566d58e9ca0 .scope module, "scale_score" "vector_scaling" 4 76, 7 1 0, S_0x5566d58e99e0;
 .timescale 0 0;
    .port_info 0 /INPUT 32 "vector_dim";
    .port_info 1 /INPUT 16 "score";
    .port_info 2 /OUTPUT 16 "scaled_score";
v0x5566d58e9f90_0 .var/s "scaled_score", 15 0;
v0x5566d58ea090_0 .net/s "score", 15 0, L_0x5566d59aa8f0;  alias, 1 drivers
L_0x7f17ba138ad0 .functor BUFT 1, C4<00000000000000000000000000000011>, C4<0>, C4<0>, C4<0>;
v0x5566d58ea170_0 .net/2s "vector_dim", 31 0, L_0x7f17ba138ad0;  1 drivers
E_0x5566d58e9f10 .event anyedge, v0x5566d58ea090_0, v0x5566d58ea170_0;
S_0x5566d58ea2e0 .scope generate, "scale_rows[6]" "scale_rows[6]" 4 74, 4 74 0, S_0x5566d573d2e0;
 .timescale 0 0;
P_0x5566d58ea4c0 .param/l "row_idx" 1 4 74, +C4<0110>;
S_0x5566d58ea5a0 .scope generate, "scale_cols[0]" "scale_cols[0]" 4 75, 4 75 0, S_0x5566d58ea2e0;
 .timescale 0 0;
P_0x5566d58ea7a0 .param/l "col_idx" 1 4 75, +C4<00>;
S_0x5566d58ea880 .scope module, "scale_score" "vector_scaling" 4 76, 7 1 0, S_0x5566d58ea5a0;
 .timescale 0 0;
    .port_info 0 /INPUT 32 "vector_dim";
    .port_info 1 /INPUT 16 "score";
    .port_info 2 /OUTPUT 16 "scaled_score";
v0x5566d58eab70_0 .var/s "scaled_score", 15 0;
v0x5566d58eac70_0 .net/s "score", 15 0, L_0x5566d59aa9b0;  alias, 1 drivers
L_0x7f17ba138b18 .functor BUFT 1, C4<00000000000000000000000000000011>, C4<0>, C4<0>, C4<0>;
v0x5566d58ead50_0 .net/2s "vector_dim", 31 0, L_0x7f17ba138b18;  1 drivers
E_0x5566d58eaaf0 .event anyedge, v0x5566d58eac70_0, v0x5566d58ead50_0;
S_0x5566d58eaec0 .scope generate, "scale_cols[1]" "scale_cols[1]" 4 75, 4 75 0, S_0x5566d58ea2e0;
 .timescale 0 0;
P_0x5566d58eb0c0 .param/l "col_idx" 1 4 75, +C4<01>;
S_0x5566d58eb180 .scope module, "scale_score" "vector_scaling" 4 76, 7 1 0, S_0x5566d58eaec0;
 .timescale 0 0;
    .port_info 0 /INPUT 32 "vector_dim";
    .port_info 1 /INPUT 16 "score";
    .port_info 2 /OUTPUT 16 "scaled_score";
v0x5566d58eb470_0 .var/s "scaled_score", 15 0;
v0x5566d58eb570_0 .net/s "score", 15 0, L_0x5566d59aaa70;  alias, 1 drivers
L_0x7f17ba138b60 .functor BUFT 1, C4<00000000000000000000000000000011>, C4<0>, C4<0>, C4<0>;
v0x5566d58eb650_0 .net/2s "vector_dim", 31 0, L_0x7f17ba138b60;  1 drivers
E_0x5566d58eb3f0 .event anyedge, v0x5566d58eb570_0, v0x5566d58eb650_0;
S_0x5566d58eb7c0 .scope generate, "scale_cols[2]" "scale_cols[2]" 4 75, 4 75 0, S_0x5566d58ea2e0;
 .timescale 0 0;
P_0x5566d58eb9d0 .param/l "col_idx" 1 4 75, +C4<010>;
S_0x5566d58eba90 .scope module, "scale_score" "vector_scaling" 4 76, 7 1 0, S_0x5566d58eb7c0;
 .timescale 0 0;
    .port_info 0 /INPUT 32 "vector_dim";
    .port_info 1 /INPUT 16 "score";
    .port_info 2 /OUTPUT 16 "scaled_score";
v0x5566d58ebd80_0 .var/s "scaled_score", 15 0;
v0x5566d58ebe80_0 .net/s "score", 15 0, L_0x5566d59aab30;  alias, 1 drivers
L_0x7f17ba138ba8 .functor BUFT 1, C4<00000000000000000000000000000011>, C4<0>, C4<0>, C4<0>;
v0x5566d58ebf60_0 .net/2s "vector_dim", 31 0, L_0x7f17ba138ba8;  1 drivers
E_0x5566d58ebd00 .event anyedge, v0x5566d58ebe80_0, v0x5566d58ebf60_0;
S_0x5566d58ec0d0 .scope generate, "scale_cols[3]" "scale_cols[3]" 4 75, 4 75 0, S_0x5566d58ea2e0;
 .timescale 0 0;
P_0x5566d58ec2b0 .param/l "col_idx" 1 4 75, +C4<011>;
S_0x5566d58ec390 .scope module, "scale_score" "vector_scaling" 4 76, 7 1 0, S_0x5566d58ec0d0;
 .timescale 0 0;
    .port_info 0 /INPUT 32 "vector_dim";
    .port_info 1 /INPUT 16 "score";
    .port_info 2 /OUTPUT 16 "scaled_score";
v0x5566d58ec680_0 .var/s "scaled_score", 15 0;
v0x5566d58ec780_0 .net/s "score", 15 0, L_0x5566d59aabf0;  alias, 1 drivers
L_0x7f17ba138bf0 .functor BUFT 1, C4<00000000000000000000000000000011>, C4<0>, C4<0>, C4<0>;
v0x5566d58ec860_0 .net/2s "vector_dim", 31 0, L_0x7f17ba138bf0;  1 drivers
E_0x5566d58ec600 .event anyedge, v0x5566d58ec780_0, v0x5566d58ec860_0;
S_0x5566d58ec9d0 .scope generate, "scale_cols[4]" "scale_cols[4]" 4 75, 4 75 0, S_0x5566d58ea2e0;
 .timescale 0 0;
P_0x5566d58ecc00 .param/l "col_idx" 1 4 75, +C4<0100>;
S_0x5566d58ecce0 .scope module, "scale_score" "vector_scaling" 4 76, 7 1 0, S_0x5566d58ec9d0;
 .timescale 0 0;
    .port_info 0 /INPUT 32 "vector_dim";
    .port_info 1 /INPUT 16 "score";
    .port_info 2 /OUTPUT 16 "scaled_score";
v0x5566d58ecfd0_0 .var/s "scaled_score", 15 0;
v0x5566d58ed0d0_0 .net/s "score", 15 0, L_0x5566d59aacb0;  alias, 1 drivers
L_0x7f17ba138c38 .functor BUFT 1, C4<00000000000000000000000000000011>, C4<0>, C4<0>, C4<0>;
v0x5566d58ed1b0_0 .net/2s "vector_dim", 31 0, L_0x7f17ba138c38;  1 drivers
E_0x5566d58ecf50 .event anyedge, v0x5566d58ed0d0_0, v0x5566d58ed1b0_0;
S_0x5566d58ed2f0 .scope generate, "scale_cols[5]" "scale_cols[5]" 4 75, 4 75 0, S_0x5566d58ea2e0;
 .timescale 0 0;
P_0x5566d58ed4d0 .param/l "col_idx" 1 4 75, +C4<0101>;
S_0x5566d58ed5b0 .scope module, "scale_score" "vector_scaling" 4 76, 7 1 0, S_0x5566d58ed2f0;
 .timescale 0 0;
    .port_info 0 /INPUT 32 "vector_dim";
    .port_info 1 /INPUT 16 "score";
    .port_info 2 /OUTPUT 16 "scaled_score";
v0x5566d58ed8a0_0 .var/s "scaled_score", 15 0;
v0x5566d58ed9a0_0 .net/s "score", 15 0, L_0x5566d59aad70;  alias, 1 drivers
L_0x7f17ba138c80 .functor BUFT 1, C4<00000000000000000000000000000011>, C4<0>, C4<0>, C4<0>;
v0x5566d58eda80_0 .net/2s "vector_dim", 31 0, L_0x7f17ba138c80;  1 drivers
E_0x5566d58ed820 .event anyedge, v0x5566d58ed9a0_0, v0x5566d58eda80_0;
S_0x5566d58edbf0 .scope generate, "scale_cols[6]" "scale_cols[6]" 4 75, 4 75 0, S_0x5566d58ea2e0;
 .timescale 0 0;
P_0x5566d58eddd0 .param/l "col_idx" 1 4 75, +C4<0110>;
S_0x5566d58edeb0 .scope module, "scale_score" "vector_scaling" 4 76, 7 1 0, S_0x5566d58edbf0;
 .timescale 0 0;
    .port_info 0 /INPUT 32 "vector_dim";
    .port_info 1 /INPUT 16 "score";
    .port_info 2 /OUTPUT 16 "scaled_score";
v0x5566d58ee1a0_0 .var/s "scaled_score", 15 0;
v0x5566d58ee2a0_0 .net/s "score", 15 0, L_0x5566d59aae30;  alias, 1 drivers
L_0x7f17ba138cc8 .functor BUFT 1, C4<00000000000000000000000000000011>, C4<0>, C4<0>, C4<0>;
v0x5566d58ee380_0 .net/2s "vector_dim", 31 0, L_0x7f17ba138cc8;  1 drivers
E_0x5566d58ee120 .event anyedge, v0x5566d58ee2a0_0, v0x5566d58ee380_0;
S_0x5566d58ee4f0 .scope generate, "scale_cols[7]" "scale_cols[7]" 4 75, 4 75 0, S_0x5566d58ea2e0;
 .timescale 0 0;
P_0x5566d58ee6d0 .param/l "col_idx" 1 4 75, +C4<0111>;
S_0x5566d58ee7b0 .scope module, "scale_score" "vector_scaling" 4 76, 7 1 0, S_0x5566d58ee4f0;
 .timescale 0 0;
    .port_info 0 /INPUT 32 "vector_dim";
    .port_info 1 /INPUT 16 "score";
    .port_info 2 /OUTPUT 16 "scaled_score";
v0x5566d58eeaa0_0 .var/s "scaled_score", 15 0;
v0x5566d58eeba0_0 .net/s "score", 15 0, L_0x5566d59aaef0;  alias, 1 drivers
L_0x7f17ba138d10 .functor BUFT 1, C4<00000000000000000000000000000011>, C4<0>, C4<0>, C4<0>;
v0x5566d58eec80_0 .net/2s "vector_dim", 31 0, L_0x7f17ba138d10;  1 drivers
E_0x5566d58eea20 .event anyedge, v0x5566d58eeba0_0, v0x5566d58eec80_0;
S_0x5566d58eedf0 .scope generate, "scale_cols[8]" "scale_cols[8]" 4 75, 4 75 0, S_0x5566d58ea2e0;
 .timescale 0 0;
P_0x5566d58ecbb0 .param/l "col_idx" 1 4 75, +C4<01000>;
S_0x5566d58ef0f0 .scope module, "scale_score" "vector_scaling" 4 76, 7 1 0, S_0x5566d58eedf0;
 .timescale 0 0;
    .port_info 0 /INPUT 32 "vector_dim";
    .port_info 1 /INPUT 16 "score";
    .port_info 2 /OUTPUT 16 "scaled_score";
v0x5566d58ef3e0_0 .var/s "scaled_score", 15 0;
v0x5566d58ef4e0_0 .net/s "score", 15 0, L_0x5566d59aafb0;  alias, 1 drivers
L_0x7f17ba138d58 .functor BUFT 1, C4<00000000000000000000000000000011>, C4<0>, C4<0>, C4<0>;
v0x5566d58ef5c0_0 .net/2s "vector_dim", 31 0, L_0x7f17ba138d58;  1 drivers
E_0x5566d58ef360 .event anyedge, v0x5566d58ef4e0_0, v0x5566d58ef5c0_0;
S_0x5566d58ef730 .scope generate, "scale_cols[9]" "scale_cols[9]" 4 75, 4 75 0, S_0x5566d58ea2e0;
 .timescale 0 0;
P_0x5566d58ef910 .param/l "col_idx" 1 4 75, +C4<01001>;
S_0x5566d58ef9f0 .scope module, "scale_score" "vector_scaling" 4 76, 7 1 0, S_0x5566d58ef730;
 .timescale 0 0;
    .port_info 0 /INPUT 32 "vector_dim";
    .port_info 1 /INPUT 16 "score";
    .port_info 2 /OUTPUT 16 "scaled_score";
v0x5566d58efce0_0 .var/s "scaled_score", 15 0;
v0x5566d58efde0_0 .net/s "score", 15 0, L_0x5566d59ab070;  alias, 1 drivers
L_0x7f17ba138da0 .functor BUFT 1, C4<00000000000000000000000000000011>, C4<0>, C4<0>, C4<0>;
v0x5566d58efec0_0 .net/2s "vector_dim", 31 0, L_0x7f17ba138da0;  1 drivers
E_0x5566d58efc60 .event anyedge, v0x5566d58efde0_0, v0x5566d58efec0_0;
S_0x5566d58f0030 .scope generate, "scale_cols[10]" "scale_cols[10]" 4 75, 4 75 0, S_0x5566d58ea2e0;
 .timescale 0 0;
P_0x5566d58f0210 .param/l "col_idx" 1 4 75, +C4<01010>;
S_0x5566d58f02f0 .scope module, "scale_score" "vector_scaling" 4 76, 7 1 0, S_0x5566d58f0030;
 .timescale 0 0;
    .port_info 0 /INPUT 32 "vector_dim";
    .port_info 1 /INPUT 16 "score";
    .port_info 2 /OUTPUT 16 "scaled_score";
v0x5566d58f05e0_0 .var/s "scaled_score", 15 0;
v0x5566d58f06e0_0 .net/s "score", 15 0, L_0x5566d59ab130;  alias, 1 drivers
L_0x7f17ba138de8 .functor BUFT 1, C4<00000000000000000000000000000011>, C4<0>, C4<0>, C4<0>;
v0x5566d58f07c0_0 .net/2s "vector_dim", 31 0, L_0x7f17ba138de8;  1 drivers
E_0x5566d58f0560 .event anyedge, v0x5566d58f06e0_0, v0x5566d58f07c0_0;
S_0x5566d58f0930 .scope generate, "scale_cols[11]" "scale_cols[11]" 4 75, 4 75 0, S_0x5566d58ea2e0;
 .timescale 0 0;
P_0x5566d58f0b10 .param/l "col_idx" 1 4 75, +C4<01011>;
S_0x5566d58f0bf0 .scope module, "scale_score" "vector_scaling" 4 76, 7 1 0, S_0x5566d58f0930;
 .timescale 0 0;
    .port_info 0 /INPUT 32 "vector_dim";
    .port_info 1 /INPUT 16 "score";
    .port_info 2 /OUTPUT 16 "scaled_score";
v0x5566d58f0ee0_0 .var/s "scaled_score", 15 0;
v0x5566d58f0fe0_0 .net/s "score", 15 0, L_0x5566d59ab1f0;  alias, 1 drivers
L_0x7f17ba138e30 .functor BUFT 1, C4<00000000000000000000000000000011>, C4<0>, C4<0>, C4<0>;
v0x5566d58f10c0_0 .net/2s "vector_dim", 31 0, L_0x7f17ba138e30;  1 drivers
E_0x5566d58f0e60 .event anyedge, v0x5566d58f0fe0_0, v0x5566d58f10c0_0;
S_0x5566d58f1230 .scope generate, "scale_cols[12]" "scale_cols[12]" 4 75, 4 75 0, S_0x5566d58ea2e0;
 .timescale 0 0;
P_0x5566d58f1410 .param/l "col_idx" 1 4 75, +C4<01100>;
S_0x5566d58f14f0 .scope module, "scale_score" "vector_scaling" 4 76, 7 1 0, S_0x5566d58f1230;
 .timescale 0 0;
    .port_info 0 /INPUT 32 "vector_dim";
    .port_info 1 /INPUT 16 "score";
    .port_info 2 /OUTPUT 16 "scaled_score";
v0x5566d58f17e0_0 .var/s "scaled_score", 15 0;
v0x5566d58f18e0_0 .net/s "score", 15 0, L_0x5566d59ab2b0;  alias, 1 drivers
L_0x7f17ba138e78 .functor BUFT 1, C4<00000000000000000000000000000011>, C4<0>, C4<0>, C4<0>;
v0x5566d58f19c0_0 .net/2s "vector_dim", 31 0, L_0x7f17ba138e78;  1 drivers
E_0x5566d58f1760 .event anyedge, v0x5566d58f18e0_0, v0x5566d58f19c0_0;
S_0x5566d58f1b30 .scope generate, "scale_cols[13]" "scale_cols[13]" 4 75, 4 75 0, S_0x5566d58ea2e0;
 .timescale 0 0;
P_0x5566d58f1d10 .param/l "col_idx" 1 4 75, +C4<01101>;
S_0x5566d58f1df0 .scope module, "scale_score" "vector_scaling" 4 76, 7 1 0, S_0x5566d58f1b30;
 .timescale 0 0;
    .port_info 0 /INPUT 32 "vector_dim";
    .port_info 1 /INPUT 16 "score";
    .port_info 2 /OUTPUT 16 "scaled_score";
v0x5566d58f20e0_0 .var/s "scaled_score", 15 0;
v0x5566d58f21e0_0 .net/s "score", 15 0, L_0x5566d59ab370;  alias, 1 drivers
L_0x7f17ba138ec0 .functor BUFT 1, C4<00000000000000000000000000000011>, C4<0>, C4<0>, C4<0>;
v0x5566d58f22c0_0 .net/2s "vector_dim", 31 0, L_0x7f17ba138ec0;  1 drivers
E_0x5566d58f2060 .event anyedge, v0x5566d58f21e0_0, v0x5566d58f22c0_0;
S_0x5566d58f2430 .scope generate, "scale_cols[14]" "scale_cols[14]" 4 75, 4 75 0, S_0x5566d58ea2e0;
 .timescale 0 0;
P_0x5566d58f2610 .param/l "col_idx" 1 4 75, +C4<01110>;
S_0x5566d58f26f0 .scope module, "scale_score" "vector_scaling" 4 76, 7 1 0, S_0x5566d58f2430;
 .timescale 0 0;
    .port_info 0 /INPUT 32 "vector_dim";
    .port_info 1 /INPUT 16 "score";
    .port_info 2 /OUTPUT 16 "scaled_score";
v0x5566d58f29e0_0 .var/s "scaled_score", 15 0;
v0x5566d58f2ae0_0 .net/s "score", 15 0, L_0x5566d59ab430;  alias, 1 drivers
L_0x7f17ba138f08 .functor BUFT 1, C4<00000000000000000000000000000011>, C4<0>, C4<0>, C4<0>;
v0x5566d58f2bc0_0 .net/2s "vector_dim", 31 0, L_0x7f17ba138f08;  1 drivers
E_0x5566d58f2960 .event anyedge, v0x5566d58f2ae0_0, v0x5566d58f2bc0_0;
S_0x5566d58f2d30 .scope generate, "scale_cols[15]" "scale_cols[15]" 4 75, 4 75 0, S_0x5566d58ea2e0;
 .timescale 0 0;
P_0x5566d58f2f10 .param/l "col_idx" 1 4 75, +C4<01111>;
S_0x5566d58f2ff0 .scope module, "scale_score" "vector_scaling" 4 76, 7 1 0, S_0x5566d58f2d30;
 .timescale 0 0;
    .port_info 0 /INPUT 32 "vector_dim";
    .port_info 1 /INPUT 16 "score";
    .port_info 2 /OUTPUT 16 "scaled_score";
v0x5566d58f32e0_0 .var/s "scaled_score", 15 0;
v0x5566d58f33e0_0 .net/s "score", 15 0, L_0x5566d59ab4f0;  alias, 1 drivers
L_0x7f17ba138f50 .functor BUFT 1, C4<00000000000000000000000000000011>, C4<0>, C4<0>, C4<0>;
v0x5566d58f34c0_0 .net/2s "vector_dim", 31 0, L_0x7f17ba138f50;  1 drivers
E_0x5566d58f3260 .event anyedge, v0x5566d58f33e0_0, v0x5566d58f34c0_0;
S_0x5566d58f3630 .scope generate, "scale_rows[7]" "scale_rows[7]" 4 74, 4 74 0, S_0x5566d573d2e0;
 .timescale 0 0;
P_0x5566d58f3810 .param/l "row_idx" 1 4 74, +C4<0111>;
S_0x5566d58f38f0 .scope generate, "scale_cols[0]" "scale_cols[0]" 4 75, 4 75 0, S_0x5566d58f3630;
 .timescale 0 0;
P_0x5566d58f3af0 .param/l "col_idx" 1 4 75, +C4<00>;
S_0x5566d58f3bd0 .scope module, "scale_score" "vector_scaling" 4 76, 7 1 0, S_0x5566d58f38f0;
 .timescale 0 0;
    .port_info 0 /INPUT 32 "vector_dim";
    .port_info 1 /INPUT 16 "score";
    .port_info 2 /OUTPUT 16 "scaled_score";
v0x5566d58f3ec0_0 .var/s "scaled_score", 15 0;
v0x5566d58f3fc0_0 .net/s "score", 15 0, L_0x5566d59ab5b0;  alias, 1 drivers
L_0x7f17ba138f98 .functor BUFT 1, C4<00000000000000000000000000000011>, C4<0>, C4<0>, C4<0>;
v0x5566d58f40a0_0 .net/2s "vector_dim", 31 0, L_0x7f17ba138f98;  1 drivers
E_0x5566d58f3e40 .event anyedge, v0x5566d58f3fc0_0, v0x5566d58f40a0_0;
S_0x5566d58f4210 .scope generate, "scale_cols[1]" "scale_cols[1]" 4 75, 4 75 0, S_0x5566d58f3630;
 .timescale 0 0;
P_0x5566d58f4410 .param/l "col_idx" 1 4 75, +C4<01>;
S_0x5566d58f44d0 .scope module, "scale_score" "vector_scaling" 4 76, 7 1 0, S_0x5566d58f4210;
 .timescale 0 0;
    .port_info 0 /INPUT 32 "vector_dim";
    .port_info 1 /INPUT 16 "score";
    .port_info 2 /OUTPUT 16 "scaled_score";
v0x5566d58f47c0_0 .var/s "scaled_score", 15 0;
v0x5566d58f48c0_0 .net/s "score", 15 0, L_0x5566d59ab670;  alias, 1 drivers
L_0x7f17ba138fe0 .functor BUFT 1, C4<00000000000000000000000000000011>, C4<0>, C4<0>, C4<0>;
v0x5566d58f49a0_0 .net/2s "vector_dim", 31 0, L_0x7f17ba138fe0;  1 drivers
E_0x5566d58f4740 .event anyedge, v0x5566d58f48c0_0, v0x5566d58f49a0_0;
S_0x5566d58f4b10 .scope generate, "scale_cols[2]" "scale_cols[2]" 4 75, 4 75 0, S_0x5566d58f3630;
 .timescale 0 0;
P_0x5566d58f4d20 .param/l "col_idx" 1 4 75, +C4<010>;
S_0x5566d58f4de0 .scope module, "scale_score" "vector_scaling" 4 76, 7 1 0, S_0x5566d58f4b10;
 .timescale 0 0;
    .port_info 0 /INPUT 32 "vector_dim";
    .port_info 1 /INPUT 16 "score";
    .port_info 2 /OUTPUT 16 "scaled_score";
v0x5566d58f50d0_0 .var/s "scaled_score", 15 0;
v0x5566d58f51d0_0 .net/s "score", 15 0, L_0x5566d59ab730;  alias, 1 drivers
L_0x7f17ba139028 .functor BUFT 1, C4<00000000000000000000000000000011>, C4<0>, C4<0>, C4<0>;
v0x5566d58f52b0_0 .net/2s "vector_dim", 31 0, L_0x7f17ba139028;  1 drivers
E_0x5566d58f5050 .event anyedge, v0x5566d58f51d0_0, v0x5566d58f52b0_0;
S_0x5566d58f5420 .scope generate, "scale_cols[3]" "scale_cols[3]" 4 75, 4 75 0, S_0x5566d58f3630;
 .timescale 0 0;
P_0x5566d58f5600 .param/l "col_idx" 1 4 75, +C4<011>;
S_0x5566d58f56e0 .scope module, "scale_score" "vector_scaling" 4 76, 7 1 0, S_0x5566d58f5420;
 .timescale 0 0;
    .port_info 0 /INPUT 32 "vector_dim";
    .port_info 1 /INPUT 16 "score";
    .port_info 2 /OUTPUT 16 "scaled_score";
v0x5566d58f59d0_0 .var/s "scaled_score", 15 0;
v0x5566d58f5ad0_0 .net/s "score", 15 0, L_0x5566d59ab7f0;  alias, 1 drivers
L_0x7f17ba139070 .functor BUFT 1, C4<00000000000000000000000000000011>, C4<0>, C4<0>, C4<0>;
v0x5566d58f5bb0_0 .net/2s "vector_dim", 31 0, L_0x7f17ba139070;  1 drivers
E_0x5566d58f5950 .event anyedge, v0x5566d58f5ad0_0, v0x5566d58f5bb0_0;
S_0x5566d58f5d20 .scope generate, "scale_cols[4]" "scale_cols[4]" 4 75, 4 75 0, S_0x5566d58f3630;
 .timescale 0 0;
P_0x5566d58f5f50 .param/l "col_idx" 1 4 75, +C4<0100>;
S_0x5566d58f6030 .scope module, "scale_score" "vector_scaling" 4 76, 7 1 0, S_0x5566d58f5d20;
 .timescale 0 0;
    .port_info 0 /INPUT 32 "vector_dim";
    .port_info 1 /INPUT 16 "score";
    .port_info 2 /OUTPUT 16 "scaled_score";
v0x5566d58f6320_0 .var/s "scaled_score", 15 0;
v0x5566d58f6420_0 .net/s "score", 15 0, L_0x5566d59ab8b0;  alias, 1 drivers
L_0x7f17ba1390b8 .functor BUFT 1, C4<00000000000000000000000000000011>, C4<0>, C4<0>, C4<0>;
v0x5566d58f6500_0 .net/2s "vector_dim", 31 0, L_0x7f17ba1390b8;  1 drivers
E_0x5566d58f62a0 .event anyedge, v0x5566d58f6420_0, v0x5566d58f6500_0;
S_0x5566d58f6640 .scope generate, "scale_cols[5]" "scale_cols[5]" 4 75, 4 75 0, S_0x5566d58f3630;
 .timescale 0 0;
P_0x5566d58f6820 .param/l "col_idx" 1 4 75, +C4<0101>;
S_0x5566d58f6900 .scope module, "scale_score" "vector_scaling" 4 76, 7 1 0, S_0x5566d58f6640;
 .timescale 0 0;
    .port_info 0 /INPUT 32 "vector_dim";
    .port_info 1 /INPUT 16 "score";
    .port_info 2 /OUTPUT 16 "scaled_score";
v0x5566d58f6bf0_0 .var/s "scaled_score", 15 0;
v0x5566d58f6cf0_0 .net/s "score", 15 0, L_0x5566d59ab970;  alias, 1 drivers
L_0x7f17ba139100 .functor BUFT 1, C4<00000000000000000000000000000011>, C4<0>, C4<0>, C4<0>;
v0x5566d58f6dd0_0 .net/2s "vector_dim", 31 0, L_0x7f17ba139100;  1 drivers
E_0x5566d58f6b70 .event anyedge, v0x5566d58f6cf0_0, v0x5566d58f6dd0_0;
S_0x5566d58f6f40 .scope generate, "scale_cols[6]" "scale_cols[6]" 4 75, 4 75 0, S_0x5566d58f3630;
 .timescale 0 0;
P_0x5566d58f7120 .param/l "col_idx" 1 4 75, +C4<0110>;
S_0x5566d58f7200 .scope module, "scale_score" "vector_scaling" 4 76, 7 1 0, S_0x5566d58f6f40;
 .timescale 0 0;
    .port_info 0 /INPUT 32 "vector_dim";
    .port_info 1 /INPUT 16 "score";
    .port_info 2 /OUTPUT 16 "scaled_score";
v0x5566d58f74f0_0 .var/s "scaled_score", 15 0;
v0x5566d58f75f0_0 .net/s "score", 15 0, L_0x5566d59aba30;  alias, 1 drivers
L_0x7f17ba139148 .functor BUFT 1, C4<00000000000000000000000000000011>, C4<0>, C4<0>, C4<0>;
v0x5566d58f76d0_0 .net/2s "vector_dim", 31 0, L_0x7f17ba139148;  1 drivers
E_0x5566d58f7470 .event anyedge, v0x5566d58f75f0_0, v0x5566d58f76d0_0;
S_0x5566d58f7840 .scope generate, "scale_cols[7]" "scale_cols[7]" 4 75, 4 75 0, S_0x5566d58f3630;
 .timescale 0 0;
P_0x5566d58f7a20 .param/l "col_idx" 1 4 75, +C4<0111>;
S_0x5566d58f7b00 .scope module, "scale_score" "vector_scaling" 4 76, 7 1 0, S_0x5566d58f7840;
 .timescale 0 0;
    .port_info 0 /INPUT 32 "vector_dim";
    .port_info 1 /INPUT 16 "score";
    .port_info 2 /OUTPUT 16 "scaled_score";
v0x5566d58f7df0_0 .var/s "scaled_score", 15 0;
v0x5566d58f7ef0_0 .net/s "score", 15 0, L_0x5566d59abaf0;  alias, 1 drivers
L_0x7f17ba139190 .functor BUFT 1, C4<00000000000000000000000000000011>, C4<0>, C4<0>, C4<0>;
v0x5566d58f7fd0_0 .net/2s "vector_dim", 31 0, L_0x7f17ba139190;  1 drivers
E_0x5566d58f7d70 .event anyedge, v0x5566d58f7ef0_0, v0x5566d58f7fd0_0;
S_0x5566d58f8140 .scope generate, "scale_cols[8]" "scale_cols[8]" 4 75, 4 75 0, S_0x5566d58f3630;
 .timescale 0 0;
P_0x5566d58f5f00 .param/l "col_idx" 1 4 75, +C4<01000>;
S_0x5566d58f8440 .scope module, "scale_score" "vector_scaling" 4 76, 7 1 0, S_0x5566d58f8140;
 .timescale 0 0;
    .port_info 0 /INPUT 32 "vector_dim";
    .port_info 1 /INPUT 16 "score";
    .port_info 2 /OUTPUT 16 "scaled_score";
v0x5566d58f8730_0 .var/s "scaled_score", 15 0;
v0x5566d58f8830_0 .net/s "score", 15 0, L_0x5566d59ad0e0;  alias, 1 drivers
L_0x7f17ba1391d8 .functor BUFT 1, C4<00000000000000000000000000000011>, C4<0>, C4<0>, C4<0>;
v0x5566d58f8910_0 .net/2s "vector_dim", 31 0, L_0x7f17ba1391d8;  1 drivers
E_0x5566d58f86b0 .event anyedge, v0x5566d58f8830_0, v0x5566d58f8910_0;
S_0x5566d58f8a80 .scope generate, "scale_cols[9]" "scale_cols[9]" 4 75, 4 75 0, S_0x5566d58f3630;
 .timescale 0 0;
P_0x5566d58f8c60 .param/l "col_idx" 1 4 75, +C4<01001>;
S_0x5566d58f8d40 .scope module, "scale_score" "vector_scaling" 4 76, 7 1 0, S_0x5566d58f8a80;
 .timescale 0 0;
    .port_info 0 /INPUT 32 "vector_dim";
    .port_info 1 /INPUT 16 "score";
    .port_info 2 /OUTPUT 16 "scaled_score";
v0x5566d58f9030_0 .var/s "scaled_score", 15 0;
v0x5566d58f9130_0 .net/s "score", 15 0, L_0x5566d59abd40;  alias, 1 drivers
L_0x7f17ba139220 .functor BUFT 1, C4<00000000000000000000000000000011>, C4<0>, C4<0>, C4<0>;
v0x5566d58f9210_0 .net/2s "vector_dim", 31 0, L_0x7f17ba139220;  1 drivers
E_0x5566d58f8fb0 .event anyedge, v0x5566d58f9130_0, v0x5566d58f9210_0;
S_0x5566d58f9380 .scope generate, "scale_cols[10]" "scale_cols[10]" 4 75, 4 75 0, S_0x5566d58f3630;
 .timescale 0 0;
P_0x5566d58f9560 .param/l "col_idx" 1 4 75, +C4<01010>;
S_0x5566d58f9640 .scope module, "scale_score" "vector_scaling" 4 76, 7 1 0, S_0x5566d58f9380;
 .timescale 0 0;
    .port_info 0 /INPUT 32 "vector_dim";
    .port_info 1 /INPUT 16 "score";
    .port_info 2 /OUTPUT 16 "scaled_score";
v0x5566d58f9930_0 .var/s "scaled_score", 15 0;
v0x5566d58f9a30_0 .net/s "score", 15 0, L_0x5566d59abe00;  alias, 1 drivers
L_0x7f17ba139268 .functor BUFT 1, C4<00000000000000000000000000000011>, C4<0>, C4<0>, C4<0>;
v0x5566d58f9b10_0 .net/2s "vector_dim", 31 0, L_0x7f17ba139268;  1 drivers
E_0x5566d58f98b0 .event anyedge, v0x5566d58f9a30_0, v0x5566d58f9b10_0;
S_0x5566d58f9c80 .scope generate, "scale_cols[11]" "scale_cols[11]" 4 75, 4 75 0, S_0x5566d58f3630;
 .timescale 0 0;
P_0x5566d58f9e60 .param/l "col_idx" 1 4 75, +C4<01011>;
S_0x5566d58f9f40 .scope module, "scale_score" "vector_scaling" 4 76, 7 1 0, S_0x5566d58f9c80;
 .timescale 0 0;
    .port_info 0 /INPUT 32 "vector_dim";
    .port_info 1 /INPUT 16 "score";
    .port_info 2 /OUTPUT 16 "scaled_score";
v0x5566d58fa230_0 .var/s "scaled_score", 15 0;
v0x5566d58fa330_0 .net/s "score", 15 0, L_0x5566d59abec0;  alias, 1 drivers
L_0x7f17ba1392b0 .functor BUFT 1, C4<00000000000000000000000000000011>, C4<0>, C4<0>, C4<0>;
v0x5566d58fa410_0 .net/2s "vector_dim", 31 0, L_0x7f17ba1392b0;  1 drivers
E_0x5566d58fa1b0 .event anyedge, v0x5566d58fa330_0, v0x5566d58fa410_0;
S_0x5566d58fa580 .scope generate, "scale_cols[12]" "scale_cols[12]" 4 75, 4 75 0, S_0x5566d58f3630;
 .timescale 0 0;
P_0x5566d58fa760 .param/l "col_idx" 1 4 75, +C4<01100>;
S_0x5566d58fa840 .scope module, "scale_score" "vector_scaling" 4 76, 7 1 0, S_0x5566d58fa580;
 .timescale 0 0;
    .port_info 0 /INPUT 32 "vector_dim";
    .port_info 1 /INPUT 16 "score";
    .port_info 2 /OUTPUT 16 "scaled_score";
v0x5566d58fab30_0 .var/s "scaled_score", 15 0;
v0x5566d58fac30_0 .net/s "score", 15 0, L_0x5566d59abf80;  alias, 1 drivers
L_0x7f17ba1392f8 .functor BUFT 1, C4<00000000000000000000000000000011>, C4<0>, C4<0>, C4<0>;
v0x5566d58fad10_0 .net/2s "vector_dim", 31 0, L_0x7f17ba1392f8;  1 drivers
E_0x5566d58faab0 .event anyedge, v0x5566d58fac30_0, v0x5566d58fad10_0;
S_0x5566d58fae80 .scope generate, "scale_cols[13]" "scale_cols[13]" 4 75, 4 75 0, S_0x5566d58f3630;
 .timescale 0 0;
P_0x5566d58fb060 .param/l "col_idx" 1 4 75, +C4<01101>;
S_0x5566d58fb140 .scope module, "scale_score" "vector_scaling" 4 76, 7 1 0, S_0x5566d58fae80;
 .timescale 0 0;
    .port_info 0 /INPUT 32 "vector_dim";
    .port_info 1 /INPUT 16 "score";
    .port_info 2 /OUTPUT 16 "scaled_score";
v0x5566d58fb430_0 .var/s "scaled_score", 15 0;
v0x5566d58fb530_0 .net/s "score", 15 0, L_0x5566d59ac040;  alias, 1 drivers
L_0x7f17ba139340 .functor BUFT 1, C4<00000000000000000000000000000011>, C4<0>, C4<0>, C4<0>;
v0x5566d58fb610_0 .net/2s "vector_dim", 31 0, L_0x7f17ba139340;  1 drivers
E_0x5566d58fb3b0 .event anyedge, v0x5566d58fb530_0, v0x5566d58fb610_0;
S_0x5566d58fb780 .scope generate, "scale_cols[14]" "scale_cols[14]" 4 75, 4 75 0, S_0x5566d58f3630;
 .timescale 0 0;
P_0x5566d58fb960 .param/l "col_idx" 1 4 75, +C4<01110>;
S_0x5566d58fba40 .scope module, "scale_score" "vector_scaling" 4 76, 7 1 0, S_0x5566d58fb780;
 .timescale 0 0;
    .port_info 0 /INPUT 32 "vector_dim";
    .port_info 1 /INPUT 16 "score";
    .port_info 2 /OUTPUT 16 "scaled_score";
v0x5566d58fbd30_0 .var/s "scaled_score", 15 0;
v0x5566d58fbe30_0 .net/s "score", 15 0, L_0x5566d59ac100;  alias, 1 drivers
L_0x7f17ba139388 .functor BUFT 1, C4<00000000000000000000000000000011>, C4<0>, C4<0>, C4<0>;
v0x5566d58fbf10_0 .net/2s "vector_dim", 31 0, L_0x7f17ba139388;  1 drivers
E_0x5566d58fbcb0 .event anyedge, v0x5566d58fbe30_0, v0x5566d58fbf10_0;
S_0x5566d58fc080 .scope generate, "scale_cols[15]" "scale_cols[15]" 4 75, 4 75 0, S_0x5566d58f3630;
 .timescale 0 0;
P_0x5566d58fc260 .param/l "col_idx" 1 4 75, +C4<01111>;
S_0x5566d58fc340 .scope module, "scale_score" "vector_scaling" 4 76, 7 1 0, S_0x5566d58fc080;
 .timescale 0 0;
    .port_info 0 /INPUT 32 "vector_dim";
    .port_info 1 /INPUT 16 "score";
    .port_info 2 /OUTPUT 16 "scaled_score";
v0x5566d58fc630_0 .var/s "scaled_score", 15 0;
v0x5566d58fc730_0 .net/s "score", 15 0, L_0x5566d59ac1c0;  alias, 1 drivers
L_0x7f17ba1393d0 .functor BUFT 1, C4<00000000000000000000000000000011>, C4<0>, C4<0>, C4<0>;
v0x5566d58fc810_0 .net/2s "vector_dim", 31 0, L_0x7f17ba1393d0;  1 drivers
E_0x5566d58fc5b0 .event anyedge, v0x5566d58fc730_0, v0x5566d58fc810_0;
S_0x5566d58fc980 .scope generate, "scale_rows[8]" "scale_rows[8]" 4 74, 4 74 0, S_0x5566d573d2e0;
 .timescale 0 0;
P_0x5566d58fcb60 .param/l "row_idx" 1 4 74, +C4<01000>;
S_0x5566d58fcc40 .scope generate, "scale_cols[0]" "scale_cols[0]" 4 75, 4 75 0, S_0x5566d58fc980;
 .timescale 0 0;
P_0x5566d58fce40 .param/l "col_idx" 1 4 75, +C4<00>;
S_0x5566d58fcf20 .scope module, "scale_score" "vector_scaling" 4 76, 7 1 0, S_0x5566d58fcc40;
 .timescale 0 0;
    .port_info 0 /INPUT 32 "vector_dim";
    .port_info 1 /INPUT 16 "score";
    .port_info 2 /OUTPUT 16 "scaled_score";
v0x5566d58fd210_0 .var/s "scaled_score", 15 0;
v0x5566d58fd310_0 .net/s "score", 15 0, L_0x5566d59ac280;  alias, 1 drivers
L_0x7f17ba139418 .functor BUFT 1, C4<00000000000000000000000000000011>, C4<0>, C4<0>, C4<0>;
v0x5566d58fd3f0_0 .net/2s "vector_dim", 31 0, L_0x7f17ba139418;  1 drivers
E_0x5566d58fd190 .event anyedge, v0x5566d58fd310_0, v0x5566d58fd3f0_0;
S_0x5566d58fd560 .scope generate, "scale_cols[1]" "scale_cols[1]" 4 75, 4 75 0, S_0x5566d58fc980;
 .timescale 0 0;
P_0x5566d58fd760 .param/l "col_idx" 1 4 75, +C4<01>;
S_0x5566d58fd820 .scope module, "scale_score" "vector_scaling" 4 76, 7 1 0, S_0x5566d58fd560;
 .timescale 0 0;
    .port_info 0 /INPUT 32 "vector_dim";
    .port_info 1 /INPUT 16 "score";
    .port_info 2 /OUTPUT 16 "scaled_score";
v0x5566d58fdb10_0 .var/s "scaled_score", 15 0;
v0x5566d58fdc10_0 .net/s "score", 15 0, L_0x5566d59ac340;  alias, 1 drivers
L_0x7f17ba139460 .functor BUFT 1, C4<00000000000000000000000000000011>, C4<0>, C4<0>, C4<0>;
v0x5566d58fdcf0_0 .net/2s "vector_dim", 31 0, L_0x7f17ba139460;  1 drivers
E_0x5566d58fda90 .event anyedge, v0x5566d58fdc10_0, v0x5566d58fdcf0_0;
S_0x5566d58fde60 .scope generate, "scale_cols[2]" "scale_cols[2]" 4 75, 4 75 0, S_0x5566d58fc980;
 .timescale 0 0;
P_0x5566d58fe070 .param/l "col_idx" 1 4 75, +C4<010>;
S_0x5566d58fe130 .scope module, "scale_score" "vector_scaling" 4 76, 7 1 0, S_0x5566d58fde60;
 .timescale 0 0;
    .port_info 0 /INPUT 32 "vector_dim";
    .port_info 1 /INPUT 16 "score";
    .port_info 2 /OUTPUT 16 "scaled_score";
v0x5566d58fe420_0 .var/s "scaled_score", 15 0;
v0x5566d58fe520_0 .net/s "score", 15 0, L_0x5566d59ac400;  alias, 1 drivers
L_0x7f17ba1394a8 .functor BUFT 1, C4<00000000000000000000000000000011>, C4<0>, C4<0>, C4<0>;
v0x5566d58fe600_0 .net/2s "vector_dim", 31 0, L_0x7f17ba1394a8;  1 drivers
E_0x5566d58fe3a0 .event anyedge, v0x5566d58fe520_0, v0x5566d58fe600_0;
S_0x5566d58fe770 .scope generate, "scale_cols[3]" "scale_cols[3]" 4 75, 4 75 0, S_0x5566d58fc980;
 .timescale 0 0;
P_0x5566d58fe950 .param/l "col_idx" 1 4 75, +C4<011>;
S_0x5566d58fea30 .scope module, "scale_score" "vector_scaling" 4 76, 7 1 0, S_0x5566d58fe770;
 .timescale 0 0;
    .port_info 0 /INPUT 32 "vector_dim";
    .port_info 1 /INPUT 16 "score";
    .port_info 2 /OUTPUT 16 "scaled_score";
v0x5566d58fed20_0 .var/s "scaled_score", 15 0;
v0x5566d58fee20_0 .net/s "score", 15 0, L_0x5566d59ac4c0;  alias, 1 drivers
L_0x7f17ba1394f0 .functor BUFT 1, C4<00000000000000000000000000000011>, C4<0>, C4<0>, C4<0>;
v0x5566d58fef00_0 .net/2s "vector_dim", 31 0, L_0x7f17ba1394f0;  1 drivers
E_0x5566d58feca0 .event anyedge, v0x5566d58fee20_0, v0x5566d58fef00_0;
S_0x5566d58ff070 .scope generate, "scale_cols[4]" "scale_cols[4]" 4 75, 4 75 0, S_0x5566d58fc980;
 .timescale 0 0;
P_0x5566d58ff2a0 .param/l "col_idx" 1 4 75, +C4<0100>;
S_0x5566d58ff380 .scope module, "scale_score" "vector_scaling" 4 76, 7 1 0, S_0x5566d58ff070;
 .timescale 0 0;
    .port_info 0 /INPUT 32 "vector_dim";
    .port_info 1 /INPUT 16 "score";
    .port_info 2 /OUTPUT 16 "scaled_score";
v0x5566d58ff670_0 .var/s "scaled_score", 15 0;
v0x5566d58ff770_0 .net/s "score", 15 0, L_0x5566d59ac580;  alias, 1 drivers
L_0x7f17ba139538 .functor BUFT 1, C4<00000000000000000000000000000011>, C4<0>, C4<0>, C4<0>;
v0x5566d58ff850_0 .net/2s "vector_dim", 31 0, L_0x7f17ba139538;  1 drivers
E_0x5566d58ff5f0 .event anyedge, v0x5566d58ff770_0, v0x5566d58ff850_0;
S_0x5566d58ff990 .scope generate, "scale_cols[5]" "scale_cols[5]" 4 75, 4 75 0, S_0x5566d58fc980;
 .timescale 0 0;
P_0x5566d58ffb70 .param/l "col_idx" 1 4 75, +C4<0101>;
S_0x5566d58ffc50 .scope module, "scale_score" "vector_scaling" 4 76, 7 1 0, S_0x5566d58ff990;
 .timescale 0 0;
    .port_info 0 /INPUT 32 "vector_dim";
    .port_info 1 /INPUT 16 "score";
    .port_info 2 /OUTPUT 16 "scaled_score";
v0x5566d58fff40_0 .var/s "scaled_score", 15 0;
v0x5566d5900040_0 .net/s "score", 15 0, L_0x5566d59ac640;  alias, 1 drivers
L_0x7f17ba139580 .functor BUFT 1, C4<00000000000000000000000000000011>, C4<0>, C4<0>, C4<0>;
v0x5566d5900120_0 .net/2s "vector_dim", 31 0, L_0x7f17ba139580;  1 drivers
E_0x5566d58ffec0 .event anyedge, v0x5566d5900040_0, v0x5566d5900120_0;
S_0x5566d5900290 .scope generate, "scale_cols[6]" "scale_cols[6]" 4 75, 4 75 0, S_0x5566d58fc980;
 .timescale 0 0;
P_0x5566d5900470 .param/l "col_idx" 1 4 75, +C4<0110>;
S_0x5566d5900550 .scope module, "scale_score" "vector_scaling" 4 76, 7 1 0, S_0x5566d5900290;
 .timescale 0 0;
    .port_info 0 /INPUT 32 "vector_dim";
    .port_info 1 /INPUT 16 "score";
    .port_info 2 /OUTPUT 16 "scaled_score";
v0x5566d5900840_0 .var/s "scaled_score", 15 0;
v0x5566d5900940_0 .net/s "score", 15 0, L_0x5566d59ac700;  alias, 1 drivers
L_0x7f17ba1395c8 .functor BUFT 1, C4<00000000000000000000000000000011>, C4<0>, C4<0>, C4<0>;
v0x5566d5900a20_0 .net/2s "vector_dim", 31 0, L_0x7f17ba1395c8;  1 drivers
E_0x5566d59007c0 .event anyedge, v0x5566d5900940_0, v0x5566d5900a20_0;
S_0x5566d5900b90 .scope generate, "scale_cols[7]" "scale_cols[7]" 4 75, 4 75 0, S_0x5566d58fc980;
 .timescale 0 0;
P_0x5566d5900d70 .param/l "col_idx" 1 4 75, +C4<0111>;
S_0x5566d5900e50 .scope module, "scale_score" "vector_scaling" 4 76, 7 1 0, S_0x5566d5900b90;
 .timescale 0 0;
    .port_info 0 /INPUT 32 "vector_dim";
    .port_info 1 /INPUT 16 "score";
    .port_info 2 /OUTPUT 16 "scaled_score";
v0x5566d5901140_0 .var/s "scaled_score", 15 0;
v0x5566d5901240_0 .net/s "score", 15 0, L_0x5566d59ac7c0;  alias, 1 drivers
L_0x7f17ba139610 .functor BUFT 1, C4<00000000000000000000000000000011>, C4<0>, C4<0>, C4<0>;
v0x5566d5901320_0 .net/2s "vector_dim", 31 0, L_0x7f17ba139610;  1 drivers
E_0x5566d59010c0 .event anyedge, v0x5566d5901240_0, v0x5566d5901320_0;
S_0x5566d5901490 .scope generate, "scale_cols[8]" "scale_cols[8]" 4 75, 4 75 0, S_0x5566d58fc980;
 .timescale 0 0;
P_0x5566d58ff250 .param/l "col_idx" 1 4 75, +C4<01000>;
S_0x5566d5901790 .scope module, "scale_score" "vector_scaling" 4 76, 7 1 0, S_0x5566d5901490;
 .timescale 0 0;
    .port_info 0 /INPUT 32 "vector_dim";
    .port_info 1 /INPUT 16 "score";
    .port_info 2 /OUTPUT 16 "scaled_score";
v0x5566d5901a80_0 .var/s "scaled_score", 15 0;
v0x5566d5901b80_0 .net/s "score", 15 0, L_0x5566d59ac880;  alias, 1 drivers
L_0x7f17ba139658 .functor BUFT 1, C4<00000000000000000000000000000011>, C4<0>, C4<0>, C4<0>;
v0x5566d5901c60_0 .net/2s "vector_dim", 31 0, L_0x7f17ba139658;  1 drivers
E_0x5566d5901a00 .event anyedge, v0x5566d5901b80_0, v0x5566d5901c60_0;
S_0x5566d5901dd0 .scope generate, "scale_cols[9]" "scale_cols[9]" 4 75, 4 75 0, S_0x5566d58fc980;
 .timescale 0 0;
P_0x5566d5901fb0 .param/l "col_idx" 1 4 75, +C4<01001>;
S_0x5566d5902090 .scope module, "scale_score" "vector_scaling" 4 76, 7 1 0, S_0x5566d5901dd0;
 .timescale 0 0;
    .port_info 0 /INPUT 32 "vector_dim";
    .port_info 1 /INPUT 16 "score";
    .port_info 2 /OUTPUT 16 "scaled_score";
v0x5566d5902380_0 .var/s "scaled_score", 15 0;
v0x5566d5902480_0 .net/s "score", 15 0, L_0x5566d59ac940;  alias, 1 drivers
L_0x7f17ba1396a0 .functor BUFT 1, C4<00000000000000000000000000000011>, C4<0>, C4<0>, C4<0>;
v0x5566d5902560_0 .net/2s "vector_dim", 31 0, L_0x7f17ba1396a0;  1 drivers
E_0x5566d5902300 .event anyedge, v0x5566d5902480_0, v0x5566d5902560_0;
S_0x5566d59026d0 .scope generate, "scale_cols[10]" "scale_cols[10]" 4 75, 4 75 0, S_0x5566d58fc980;
 .timescale 0 0;
P_0x5566d59028b0 .param/l "col_idx" 1 4 75, +C4<01010>;
S_0x5566d5902990 .scope module, "scale_score" "vector_scaling" 4 76, 7 1 0, S_0x5566d59026d0;
 .timescale 0 0;
    .port_info 0 /INPUT 32 "vector_dim";
    .port_info 1 /INPUT 16 "score";
    .port_info 2 /OUTPUT 16 "scaled_score";
v0x5566d5902c80_0 .var/s "scaled_score", 15 0;
v0x5566d5902d80_0 .net/s "score", 15 0, L_0x5566d59aca00;  alias, 1 drivers
L_0x7f17ba1396e8 .functor BUFT 1, C4<00000000000000000000000000000011>, C4<0>, C4<0>, C4<0>;
v0x5566d5902e60_0 .net/2s "vector_dim", 31 0, L_0x7f17ba1396e8;  1 drivers
E_0x5566d5902c00 .event anyedge, v0x5566d5902d80_0, v0x5566d5902e60_0;
S_0x5566d5902fd0 .scope generate, "scale_cols[11]" "scale_cols[11]" 4 75, 4 75 0, S_0x5566d58fc980;
 .timescale 0 0;
P_0x5566d59031b0 .param/l "col_idx" 1 4 75, +C4<01011>;
S_0x5566d5903290 .scope module, "scale_score" "vector_scaling" 4 76, 7 1 0, S_0x5566d5902fd0;
 .timescale 0 0;
    .port_info 0 /INPUT 32 "vector_dim";
    .port_info 1 /INPUT 16 "score";
    .port_info 2 /OUTPUT 16 "scaled_score";
v0x5566d5903580_0 .var/s "scaled_score", 15 0;
v0x5566d5903680_0 .net/s "score", 15 0, L_0x5566d59acac0;  alias, 1 drivers
L_0x7f17ba139730 .functor BUFT 1, C4<00000000000000000000000000000011>, C4<0>, C4<0>, C4<0>;
v0x5566d5903760_0 .net/2s "vector_dim", 31 0, L_0x7f17ba139730;  1 drivers
E_0x5566d5903500 .event anyedge, v0x5566d5903680_0, v0x5566d5903760_0;
S_0x5566d59038d0 .scope generate, "scale_cols[12]" "scale_cols[12]" 4 75, 4 75 0, S_0x5566d58fc980;
 .timescale 0 0;
P_0x5566d5903ab0 .param/l "col_idx" 1 4 75, +C4<01100>;
S_0x5566d5903b90 .scope module, "scale_score" "vector_scaling" 4 76, 7 1 0, S_0x5566d59038d0;
 .timescale 0 0;
    .port_info 0 /INPUT 32 "vector_dim";
    .port_info 1 /INPUT 16 "score";
    .port_info 2 /OUTPUT 16 "scaled_score";
v0x5566d5903e80_0 .var/s "scaled_score", 15 0;
v0x5566d5903f80_0 .net/s "score", 15 0, L_0x5566d59acb80;  alias, 1 drivers
L_0x7f17ba139778 .functor BUFT 1, C4<00000000000000000000000000000011>, C4<0>, C4<0>, C4<0>;
v0x5566d5904060_0 .net/2s "vector_dim", 31 0, L_0x7f17ba139778;  1 drivers
E_0x5566d5903e00 .event anyedge, v0x5566d5903f80_0, v0x5566d5904060_0;
S_0x5566d59041d0 .scope generate, "scale_cols[13]" "scale_cols[13]" 4 75, 4 75 0, S_0x5566d58fc980;
 .timescale 0 0;
P_0x5566d59043b0 .param/l "col_idx" 1 4 75, +C4<01101>;
S_0x5566d5904490 .scope module, "scale_score" "vector_scaling" 4 76, 7 1 0, S_0x5566d59041d0;
 .timescale 0 0;
    .port_info 0 /INPUT 32 "vector_dim";
    .port_info 1 /INPUT 16 "score";
    .port_info 2 /OUTPUT 16 "scaled_score";
v0x5566d5904780_0 .var/s "scaled_score", 15 0;
v0x5566d5904880_0 .net/s "score", 15 0, L_0x5566d59acc40;  alias, 1 drivers
L_0x7f17ba1397c0 .functor BUFT 1, C4<00000000000000000000000000000011>, C4<0>, C4<0>, C4<0>;
v0x5566d5904960_0 .net/2s "vector_dim", 31 0, L_0x7f17ba1397c0;  1 drivers
E_0x5566d5904700 .event anyedge, v0x5566d5904880_0, v0x5566d5904960_0;
S_0x5566d5904ad0 .scope generate, "scale_cols[14]" "scale_cols[14]" 4 75, 4 75 0, S_0x5566d58fc980;
 .timescale 0 0;
P_0x5566d5904cb0 .param/l "col_idx" 1 4 75, +C4<01110>;
S_0x5566d5904d90 .scope module, "scale_score" "vector_scaling" 4 76, 7 1 0, S_0x5566d5904ad0;
 .timescale 0 0;
    .port_info 0 /INPUT 32 "vector_dim";
    .port_info 1 /INPUT 16 "score";
    .port_info 2 /OUTPUT 16 "scaled_score";
v0x5566d5905080_0 .var/s "scaled_score", 15 0;
v0x5566d5905180_0 .net/s "score", 15 0, L_0x5566d59acd00;  alias, 1 drivers
L_0x7f17ba139808 .functor BUFT 1, C4<00000000000000000000000000000011>, C4<0>, C4<0>, C4<0>;
v0x5566d5905260_0 .net/2s "vector_dim", 31 0, L_0x7f17ba139808;  1 drivers
E_0x5566d5905000 .event anyedge, v0x5566d5905180_0, v0x5566d5905260_0;
S_0x5566d59053d0 .scope generate, "scale_cols[15]" "scale_cols[15]" 4 75, 4 75 0, S_0x5566d58fc980;
 .timescale 0 0;
P_0x5566d59055b0 .param/l "col_idx" 1 4 75, +C4<01111>;
S_0x5566d5905690 .scope module, "scale_score" "vector_scaling" 4 76, 7 1 0, S_0x5566d59053d0;
 .timescale 0 0;
    .port_info 0 /INPUT 32 "vector_dim";
    .port_info 1 /INPUT 16 "score";
    .port_info 2 /OUTPUT 16 "scaled_score";
v0x5566d5905980_0 .var/s "scaled_score", 15 0;
v0x5566d5905a80_0 .net/s "score", 15 0, L_0x5566d59acdc0;  alias, 1 drivers
L_0x7f17ba139850 .functor BUFT 1, C4<00000000000000000000000000000011>, C4<0>, C4<0>, C4<0>;
v0x5566d5905b60_0 .net/2s "vector_dim", 31 0, L_0x7f17ba139850;  1 drivers
E_0x5566d5905900 .event anyedge, v0x5566d5905a80_0, v0x5566d5905b60_0;
S_0x5566d5905cd0 .scope generate, "scale_rows[9]" "scale_rows[9]" 4 74, 4 74 0, S_0x5566d573d2e0;
 .timescale 0 0;
P_0x5566d5905eb0 .param/l "row_idx" 1 4 74, +C4<01001>;
S_0x5566d5905f90 .scope generate, "scale_cols[0]" "scale_cols[0]" 4 75, 4 75 0, S_0x5566d5905cd0;
 .timescale 0 0;
P_0x5566d5906190 .param/l "col_idx" 1 4 75, +C4<00>;
S_0x5566d5906270 .scope module, "scale_score" "vector_scaling" 4 76, 7 1 0, S_0x5566d5905f90;
 .timescale 0 0;
    .port_info 0 /INPUT 32 "vector_dim";
    .port_info 1 /INPUT 16 "score";
    .port_info 2 /OUTPUT 16 "scaled_score";
v0x5566d5906560_0 .var/s "scaled_score", 15 0;
v0x5566d5906660_0 .net/s "score", 15 0, L_0x5566d59ace80;  alias, 1 drivers
L_0x7f17ba139898 .functor BUFT 1, C4<00000000000000000000000000000011>, C4<0>, C4<0>, C4<0>;
v0x5566d5906740_0 .net/2s "vector_dim", 31 0, L_0x7f17ba139898;  1 drivers
E_0x5566d59064e0 .event anyedge, v0x5566d5906660_0, v0x5566d5906740_0;
S_0x5566d59068b0 .scope generate, "scale_cols[1]" "scale_cols[1]" 4 75, 4 75 0, S_0x5566d5905cd0;
 .timescale 0 0;
P_0x5566d5906ab0 .param/l "col_idx" 1 4 75, +C4<01>;
S_0x5566d5906b70 .scope module, "scale_score" "vector_scaling" 4 76, 7 1 0, S_0x5566d59068b0;
 .timescale 0 0;
    .port_info 0 /INPUT 32 "vector_dim";
    .port_info 1 /INPUT 16 "score";
    .port_info 2 /OUTPUT 16 "scaled_score";
v0x5566d5906e60_0 .var/s "scaled_score", 15 0;
v0x5566d5906f60_0 .net/s "score", 15 0, L_0x5566d59acf40;  alias, 1 drivers
L_0x7f17ba1398e0 .functor BUFT 1, C4<00000000000000000000000000000011>, C4<0>, C4<0>, C4<0>;
v0x5566d5907040_0 .net/2s "vector_dim", 31 0, L_0x7f17ba1398e0;  1 drivers
E_0x5566d5906de0 .event anyedge, v0x5566d5906f60_0, v0x5566d5907040_0;
S_0x5566d59071b0 .scope generate, "scale_cols[2]" "scale_cols[2]" 4 75, 4 75 0, S_0x5566d5905cd0;
 .timescale 0 0;
P_0x5566d59073c0 .param/l "col_idx" 1 4 75, +C4<010>;
S_0x5566d5907480 .scope module, "scale_score" "vector_scaling" 4 76, 7 1 0, S_0x5566d59071b0;
 .timescale 0 0;
    .port_info 0 /INPUT 32 "vector_dim";
    .port_info 1 /INPUT 16 "score";
    .port_info 2 /OUTPUT 16 "scaled_score";
v0x5566d5907770_0 .var/s "scaled_score", 15 0;
v0x5566d5907870_0 .net/s "score", 15 0, L_0x5566d59ad000;  alias, 1 drivers
L_0x7f17ba139928 .functor BUFT 1, C4<00000000000000000000000000000011>, C4<0>, C4<0>, C4<0>;
v0x5566d5907950_0 .net/2s "vector_dim", 31 0, L_0x7f17ba139928;  1 drivers
E_0x5566d59076f0 .event anyedge, v0x5566d5907870_0, v0x5566d5907950_0;
S_0x5566d5907ac0 .scope generate, "scale_cols[3]" "scale_cols[3]" 4 75, 4 75 0, S_0x5566d5905cd0;
 .timescale 0 0;
P_0x5566d5907ca0 .param/l "col_idx" 1 4 75, +C4<011>;
S_0x5566d5907d80 .scope module, "scale_score" "vector_scaling" 4 76, 7 1 0, S_0x5566d5907ac0;
 .timescale 0 0;
    .port_info 0 /INPUT 32 "vector_dim";
    .port_info 1 /INPUT 16 "score";
    .port_info 2 /OUTPUT 16 "scaled_score";
v0x5566d5908070_0 .var/s "scaled_score", 15 0;
v0x5566d5908170_0 .net/s "score", 15 0, L_0x5566d59ae620;  alias, 1 drivers
L_0x7f17ba139970 .functor BUFT 1, C4<00000000000000000000000000000011>, C4<0>, C4<0>, C4<0>;
v0x5566d5908250_0 .net/2s "vector_dim", 31 0, L_0x7f17ba139970;  1 drivers
E_0x5566d5907ff0 .event anyedge, v0x5566d5908170_0, v0x5566d5908250_0;
S_0x5566d59083c0 .scope generate, "scale_cols[4]" "scale_cols[4]" 4 75, 4 75 0, S_0x5566d5905cd0;
 .timescale 0 0;
P_0x5566d59085f0 .param/l "col_idx" 1 4 75, +C4<0100>;
S_0x5566d59086d0 .scope module, "scale_score" "vector_scaling" 4 76, 7 1 0, S_0x5566d59083c0;
 .timescale 0 0;
    .port_info 0 /INPUT 32 "vector_dim";
    .port_info 1 /INPUT 16 "score";
    .port_info 2 /OUTPUT 16 "scaled_score";
v0x5566d59089c0_0 .var/s "scaled_score", 15 0;
v0x5566d5908ac0_0 .net/s "score", 15 0, L_0x5566d59ae6e0;  alias, 1 drivers
L_0x7f17ba1399b8 .functor BUFT 1, C4<00000000000000000000000000000011>, C4<0>, C4<0>, C4<0>;
v0x5566d5908ba0_0 .net/2s "vector_dim", 31 0, L_0x7f17ba1399b8;  1 drivers
E_0x5566d5908940 .event anyedge, v0x5566d5908ac0_0, v0x5566d5908ba0_0;
S_0x5566d5908ce0 .scope generate, "scale_cols[5]" "scale_cols[5]" 4 75, 4 75 0, S_0x5566d5905cd0;
 .timescale 0 0;
P_0x5566d5908ec0 .param/l "col_idx" 1 4 75, +C4<0101>;
S_0x5566d5908fa0 .scope module, "scale_score" "vector_scaling" 4 76, 7 1 0, S_0x5566d5908ce0;
 .timescale 0 0;
    .port_info 0 /INPUT 32 "vector_dim";
    .port_info 1 /INPUT 16 "score";
    .port_info 2 /OUTPUT 16 "scaled_score";
v0x5566d5909290_0 .var/s "scaled_score", 15 0;
v0x5566d5909390_0 .net/s "score", 15 0, L_0x5566d59ad1a0;  alias, 1 drivers
L_0x7f17ba139a00 .functor BUFT 1, C4<00000000000000000000000000000011>, C4<0>, C4<0>, C4<0>;
v0x5566d5909470_0 .net/2s "vector_dim", 31 0, L_0x7f17ba139a00;  1 drivers
E_0x5566d5909210 .event anyedge, v0x5566d5909390_0, v0x5566d5909470_0;
S_0x5566d59095e0 .scope generate, "scale_cols[6]" "scale_cols[6]" 4 75, 4 75 0, S_0x5566d5905cd0;
 .timescale 0 0;
P_0x5566d59097c0 .param/l "col_idx" 1 4 75, +C4<0110>;
S_0x5566d59098a0 .scope module, "scale_score" "vector_scaling" 4 76, 7 1 0, S_0x5566d59095e0;
 .timescale 0 0;
    .port_info 0 /INPUT 32 "vector_dim";
    .port_info 1 /INPUT 16 "score";
    .port_info 2 /OUTPUT 16 "scaled_score";
v0x5566d5909b90_0 .var/s "scaled_score", 15 0;
v0x5566d5909c90_0 .net/s "score", 15 0, L_0x5566d59ad260;  alias, 1 drivers
L_0x7f17ba139a48 .functor BUFT 1, C4<00000000000000000000000000000011>, C4<0>, C4<0>, C4<0>;
v0x5566d5909d70_0 .net/2s "vector_dim", 31 0, L_0x7f17ba139a48;  1 drivers
E_0x5566d5909b10 .event anyedge, v0x5566d5909c90_0, v0x5566d5909d70_0;
S_0x5566d5909ee0 .scope generate, "scale_cols[7]" "scale_cols[7]" 4 75, 4 75 0, S_0x5566d5905cd0;
 .timescale 0 0;
P_0x5566d590a0c0 .param/l "col_idx" 1 4 75, +C4<0111>;
S_0x5566d590a1a0 .scope module, "scale_score" "vector_scaling" 4 76, 7 1 0, S_0x5566d5909ee0;
 .timescale 0 0;
    .port_info 0 /INPUT 32 "vector_dim";
    .port_info 1 /INPUT 16 "score";
    .port_info 2 /OUTPUT 16 "scaled_score";
v0x5566d590a490_0 .var/s "scaled_score", 15 0;
v0x5566d590a590_0 .net/s "score", 15 0, L_0x5566d59ad320;  alias, 1 drivers
L_0x7f17ba139a90 .functor BUFT 1, C4<00000000000000000000000000000011>, C4<0>, C4<0>, C4<0>;
v0x5566d590a670_0 .net/2s "vector_dim", 31 0, L_0x7f17ba139a90;  1 drivers
E_0x5566d590a410 .event anyedge, v0x5566d590a590_0, v0x5566d590a670_0;
S_0x5566d590a7e0 .scope generate, "scale_cols[8]" "scale_cols[8]" 4 75, 4 75 0, S_0x5566d5905cd0;
 .timescale 0 0;
P_0x5566d59085a0 .param/l "col_idx" 1 4 75, +C4<01000>;
S_0x5566d590aae0 .scope module, "scale_score" "vector_scaling" 4 76, 7 1 0, S_0x5566d590a7e0;
 .timescale 0 0;
    .port_info 0 /INPUT 32 "vector_dim";
    .port_info 1 /INPUT 16 "score";
    .port_info 2 /OUTPUT 16 "scaled_score";
v0x5566d590add0_0 .var/s "scaled_score", 15 0;
v0x5566d590aed0_0 .net/s "score", 15 0, L_0x5566d59ad3e0;  alias, 1 drivers
L_0x7f17ba139ad8 .functor BUFT 1, C4<00000000000000000000000000000011>, C4<0>, C4<0>, C4<0>;
v0x5566d590afb0_0 .net/2s "vector_dim", 31 0, L_0x7f17ba139ad8;  1 drivers
E_0x5566d590ad50 .event anyedge, v0x5566d590aed0_0, v0x5566d590afb0_0;
S_0x5566d590b120 .scope generate, "scale_cols[9]" "scale_cols[9]" 4 75, 4 75 0, S_0x5566d5905cd0;
 .timescale 0 0;
P_0x5566d590b300 .param/l "col_idx" 1 4 75, +C4<01001>;
S_0x5566d590b3e0 .scope module, "scale_score" "vector_scaling" 4 76, 7 1 0, S_0x5566d590b120;
 .timescale 0 0;
    .port_info 0 /INPUT 32 "vector_dim";
    .port_info 1 /INPUT 16 "score";
    .port_info 2 /OUTPUT 16 "scaled_score";
v0x5566d590b6d0_0 .var/s "scaled_score", 15 0;
v0x5566d590b7d0_0 .net/s "score", 15 0, L_0x5566d59ad4a0;  alias, 1 drivers
L_0x7f17ba139b20 .functor BUFT 1, C4<00000000000000000000000000000011>, C4<0>, C4<0>, C4<0>;
v0x5566d590b8b0_0 .net/2s "vector_dim", 31 0, L_0x7f17ba139b20;  1 drivers
E_0x5566d590b650 .event anyedge, v0x5566d590b7d0_0, v0x5566d590b8b0_0;
S_0x5566d590ba20 .scope generate, "scale_cols[10]" "scale_cols[10]" 4 75, 4 75 0, S_0x5566d5905cd0;
 .timescale 0 0;
P_0x5566d590bc00 .param/l "col_idx" 1 4 75, +C4<01010>;
S_0x5566d590bce0 .scope module, "scale_score" "vector_scaling" 4 76, 7 1 0, S_0x5566d590ba20;
 .timescale 0 0;
    .port_info 0 /INPUT 32 "vector_dim";
    .port_info 1 /INPUT 16 "score";
    .port_info 2 /OUTPUT 16 "scaled_score";
v0x5566d590bfd0_0 .var/s "scaled_score", 15 0;
v0x5566d590c0d0_0 .net/s "score", 15 0, L_0x5566d59ad560;  alias, 1 drivers
L_0x7f17ba139b68 .functor BUFT 1, C4<00000000000000000000000000000011>, C4<0>, C4<0>, C4<0>;
v0x5566d590c1b0_0 .net/2s "vector_dim", 31 0, L_0x7f17ba139b68;  1 drivers
E_0x5566d590bf50 .event anyedge, v0x5566d590c0d0_0, v0x5566d590c1b0_0;
S_0x5566d590c320 .scope generate, "scale_cols[11]" "scale_cols[11]" 4 75, 4 75 0, S_0x5566d5905cd0;
 .timescale 0 0;
P_0x5566d590c500 .param/l "col_idx" 1 4 75, +C4<01011>;
S_0x5566d590c5e0 .scope module, "scale_score" "vector_scaling" 4 76, 7 1 0, S_0x5566d590c320;
 .timescale 0 0;
    .port_info 0 /INPUT 32 "vector_dim";
    .port_info 1 /INPUT 16 "score";
    .port_info 2 /OUTPUT 16 "scaled_score";
v0x5566d590c8d0_0 .var/s "scaled_score", 15 0;
v0x5566d590c9d0_0 .net/s "score", 15 0, L_0x5566d59ad620;  alias, 1 drivers
L_0x7f17ba139bb0 .functor BUFT 1, C4<00000000000000000000000000000011>, C4<0>, C4<0>, C4<0>;
v0x5566d590cab0_0 .net/2s "vector_dim", 31 0, L_0x7f17ba139bb0;  1 drivers
E_0x5566d590c850 .event anyedge, v0x5566d590c9d0_0, v0x5566d590cab0_0;
S_0x5566d590cc20 .scope generate, "scale_cols[12]" "scale_cols[12]" 4 75, 4 75 0, S_0x5566d5905cd0;
 .timescale 0 0;
P_0x5566d590ce00 .param/l "col_idx" 1 4 75, +C4<01100>;
S_0x5566d590cee0 .scope module, "scale_score" "vector_scaling" 4 76, 7 1 0, S_0x5566d590cc20;
 .timescale 0 0;
    .port_info 0 /INPUT 32 "vector_dim";
    .port_info 1 /INPUT 16 "score";
    .port_info 2 /OUTPUT 16 "scaled_score";
v0x5566d590d1d0_0 .var/s "scaled_score", 15 0;
v0x5566d590d2d0_0 .net/s "score", 15 0, L_0x5566d59ad6e0;  alias, 1 drivers
L_0x7f17ba139bf8 .functor BUFT 1, C4<00000000000000000000000000000011>, C4<0>, C4<0>, C4<0>;
v0x5566d590d3b0_0 .net/2s "vector_dim", 31 0, L_0x7f17ba139bf8;  1 drivers
E_0x5566d590d150 .event anyedge, v0x5566d590d2d0_0, v0x5566d590d3b0_0;
S_0x5566d590d520 .scope generate, "scale_cols[13]" "scale_cols[13]" 4 75, 4 75 0, S_0x5566d5905cd0;
 .timescale 0 0;
P_0x5566d590d700 .param/l "col_idx" 1 4 75, +C4<01101>;
S_0x5566d590d7e0 .scope module, "scale_score" "vector_scaling" 4 76, 7 1 0, S_0x5566d590d520;
 .timescale 0 0;
    .port_info 0 /INPUT 32 "vector_dim";
    .port_info 1 /INPUT 16 "score";
    .port_info 2 /OUTPUT 16 "scaled_score";
v0x5566d590dad0_0 .var/s "scaled_score", 15 0;
v0x5566d590dbd0_0 .net/s "score", 15 0, L_0x5566d59ad7a0;  alias, 1 drivers
L_0x7f17ba139c40 .functor BUFT 1, C4<00000000000000000000000000000011>, C4<0>, C4<0>, C4<0>;
v0x5566d590dcb0_0 .net/2s "vector_dim", 31 0, L_0x7f17ba139c40;  1 drivers
E_0x5566d590da50 .event anyedge, v0x5566d590dbd0_0, v0x5566d590dcb0_0;
S_0x5566d590de20 .scope generate, "scale_cols[14]" "scale_cols[14]" 4 75, 4 75 0, S_0x5566d5905cd0;
 .timescale 0 0;
P_0x5566d590e000 .param/l "col_idx" 1 4 75, +C4<01110>;
S_0x5566d590e0e0 .scope module, "scale_score" "vector_scaling" 4 76, 7 1 0, S_0x5566d590de20;
 .timescale 0 0;
    .port_info 0 /INPUT 32 "vector_dim";
    .port_info 1 /INPUT 16 "score";
    .port_info 2 /OUTPUT 16 "scaled_score";
v0x5566d590e3d0_0 .var/s "scaled_score", 15 0;
v0x5566d590e4d0_0 .net/s "score", 15 0, L_0x5566d59ad860;  alias, 1 drivers
L_0x7f17ba139c88 .functor BUFT 1, C4<00000000000000000000000000000011>, C4<0>, C4<0>, C4<0>;
v0x5566d590e5b0_0 .net/2s "vector_dim", 31 0, L_0x7f17ba139c88;  1 drivers
E_0x5566d590e350 .event anyedge, v0x5566d590e4d0_0, v0x5566d590e5b0_0;
S_0x5566d590e720 .scope generate, "scale_cols[15]" "scale_cols[15]" 4 75, 4 75 0, S_0x5566d5905cd0;
 .timescale 0 0;
P_0x5566d590e900 .param/l "col_idx" 1 4 75, +C4<01111>;
S_0x5566d590e9e0 .scope module, "scale_score" "vector_scaling" 4 76, 7 1 0, S_0x5566d590e720;
 .timescale 0 0;
    .port_info 0 /INPUT 32 "vector_dim";
    .port_info 1 /INPUT 16 "score";
    .port_info 2 /OUTPUT 16 "scaled_score";
v0x5566d590ecd0_0 .var/s "scaled_score", 15 0;
v0x5566d590edd0_0 .net/s "score", 15 0, L_0x5566d59ad920;  alias, 1 drivers
L_0x7f17ba139cd0 .functor BUFT 1, C4<00000000000000000000000000000011>, C4<0>, C4<0>, C4<0>;
v0x5566d590eeb0_0 .net/2s "vector_dim", 31 0, L_0x7f17ba139cd0;  1 drivers
E_0x5566d590ec50 .event anyedge, v0x5566d590edd0_0, v0x5566d590eeb0_0;
S_0x5566d590f020 .scope generate, "scale_rows[10]" "scale_rows[10]" 4 74, 4 74 0, S_0x5566d573d2e0;
 .timescale 0 0;
P_0x5566d590f200 .param/l "row_idx" 1 4 74, +C4<01010>;
S_0x5566d590f2e0 .scope generate, "scale_cols[0]" "scale_cols[0]" 4 75, 4 75 0, S_0x5566d590f020;
 .timescale 0 0;
P_0x5566d590f4e0 .param/l "col_idx" 1 4 75, +C4<00>;
S_0x5566d590f5c0 .scope module, "scale_score" "vector_scaling" 4 76, 7 1 0, S_0x5566d590f2e0;
 .timescale 0 0;
    .port_info 0 /INPUT 32 "vector_dim";
    .port_info 1 /INPUT 16 "score";
    .port_info 2 /OUTPUT 16 "scaled_score";
v0x5566d590f8b0_0 .var/s "scaled_score", 15 0;
v0x5566d590f9b0_0 .net/s "score", 15 0, L_0x5566d59ad9e0;  alias, 1 drivers
L_0x7f17ba139d18 .functor BUFT 1, C4<00000000000000000000000000000011>, C4<0>, C4<0>, C4<0>;
v0x5566d590fa90_0 .net/2s "vector_dim", 31 0, L_0x7f17ba139d18;  1 drivers
E_0x5566d590f830 .event anyedge, v0x5566d590f9b0_0, v0x5566d590fa90_0;
S_0x5566d590fc00 .scope generate, "scale_cols[1]" "scale_cols[1]" 4 75, 4 75 0, S_0x5566d590f020;
 .timescale 0 0;
P_0x5566d590fe00 .param/l "col_idx" 1 4 75, +C4<01>;
S_0x5566d590fec0 .scope module, "scale_score" "vector_scaling" 4 76, 7 1 0, S_0x5566d590fc00;
 .timescale 0 0;
    .port_info 0 /INPUT 32 "vector_dim";
    .port_info 1 /INPUT 16 "score";
    .port_info 2 /OUTPUT 16 "scaled_score";
v0x5566d59101b0_0 .var/s "scaled_score", 15 0;
v0x5566d59102b0_0 .net/s "score", 15 0, L_0x5566d59adaa0;  alias, 1 drivers
L_0x7f17ba139d60 .functor BUFT 1, C4<00000000000000000000000000000011>, C4<0>, C4<0>, C4<0>;
v0x5566d5910390_0 .net/2s "vector_dim", 31 0, L_0x7f17ba139d60;  1 drivers
E_0x5566d5910130 .event anyedge, v0x5566d59102b0_0, v0x5566d5910390_0;
S_0x5566d5910500 .scope generate, "scale_cols[2]" "scale_cols[2]" 4 75, 4 75 0, S_0x5566d590f020;
 .timescale 0 0;
P_0x5566d5910710 .param/l "col_idx" 1 4 75, +C4<010>;
S_0x5566d59107d0 .scope module, "scale_score" "vector_scaling" 4 76, 7 1 0, S_0x5566d5910500;
 .timescale 0 0;
    .port_info 0 /INPUT 32 "vector_dim";
    .port_info 1 /INPUT 16 "score";
    .port_info 2 /OUTPUT 16 "scaled_score";
v0x5566d5910ac0_0 .var/s "scaled_score", 15 0;
v0x5566d5910bc0_0 .net/s "score", 15 0, L_0x5566d59adb60;  alias, 1 drivers
L_0x7f17ba139da8 .functor BUFT 1, C4<00000000000000000000000000000011>, C4<0>, C4<0>, C4<0>;
v0x5566d5910ca0_0 .net/2s "vector_dim", 31 0, L_0x7f17ba139da8;  1 drivers
E_0x5566d5910a40 .event anyedge, v0x5566d5910bc0_0, v0x5566d5910ca0_0;
S_0x5566d5910e10 .scope generate, "scale_cols[3]" "scale_cols[3]" 4 75, 4 75 0, S_0x5566d590f020;
 .timescale 0 0;
P_0x5566d5910ff0 .param/l "col_idx" 1 4 75, +C4<011>;
S_0x5566d59110d0 .scope module, "scale_score" "vector_scaling" 4 76, 7 1 0, S_0x5566d5910e10;
 .timescale 0 0;
    .port_info 0 /INPUT 32 "vector_dim";
    .port_info 1 /INPUT 16 "score";
    .port_info 2 /OUTPUT 16 "scaled_score";
v0x5566d59113c0_0 .var/s "scaled_score", 15 0;
v0x5566d59114c0_0 .net/s "score", 15 0, L_0x5566d59adc20;  alias, 1 drivers
L_0x7f17ba139df0 .functor BUFT 1, C4<00000000000000000000000000000011>, C4<0>, C4<0>, C4<0>;
v0x5566d59115a0_0 .net/2s "vector_dim", 31 0, L_0x7f17ba139df0;  1 drivers
E_0x5566d5911340 .event anyedge, v0x5566d59114c0_0, v0x5566d59115a0_0;
S_0x5566d5911710 .scope generate, "scale_cols[4]" "scale_cols[4]" 4 75, 4 75 0, S_0x5566d590f020;
 .timescale 0 0;
P_0x5566d5911940 .param/l "col_idx" 1 4 75, +C4<0100>;
S_0x5566d5911a20 .scope module, "scale_score" "vector_scaling" 4 76, 7 1 0, S_0x5566d5911710;
 .timescale 0 0;
    .port_info 0 /INPUT 32 "vector_dim";
    .port_info 1 /INPUT 16 "score";
    .port_info 2 /OUTPUT 16 "scaled_score";
v0x5566d5911d10_0 .var/s "scaled_score", 15 0;
v0x5566d5911e10_0 .net/s "score", 15 0, L_0x5566d59adce0;  alias, 1 drivers
L_0x7f17ba139e38 .functor BUFT 1, C4<00000000000000000000000000000011>, C4<0>, C4<0>, C4<0>;
v0x5566d5911ef0_0 .net/2s "vector_dim", 31 0, L_0x7f17ba139e38;  1 drivers
E_0x5566d5911c90 .event anyedge, v0x5566d5911e10_0, v0x5566d5911ef0_0;
S_0x5566d5912030 .scope generate, "scale_cols[5]" "scale_cols[5]" 4 75, 4 75 0, S_0x5566d590f020;
 .timescale 0 0;
P_0x5566d5912210 .param/l "col_idx" 1 4 75, +C4<0101>;
S_0x5566d59122f0 .scope module, "scale_score" "vector_scaling" 4 76, 7 1 0, S_0x5566d5912030;
 .timescale 0 0;
    .port_info 0 /INPUT 32 "vector_dim";
    .port_info 1 /INPUT 16 "score";
    .port_info 2 /OUTPUT 16 "scaled_score";
v0x5566d59125e0_0 .var/s "scaled_score", 15 0;
v0x5566d59126e0_0 .net/s "score", 15 0, L_0x5566d59adda0;  alias, 1 drivers
L_0x7f17ba139e80 .functor BUFT 1, C4<00000000000000000000000000000011>, C4<0>, C4<0>, C4<0>;
v0x5566d59127c0_0 .net/2s "vector_dim", 31 0, L_0x7f17ba139e80;  1 drivers
E_0x5566d5912560 .event anyedge, v0x5566d59126e0_0, v0x5566d59127c0_0;
S_0x5566d5912930 .scope generate, "scale_cols[6]" "scale_cols[6]" 4 75, 4 75 0, S_0x5566d590f020;
 .timescale 0 0;
P_0x5566d5912b10 .param/l "col_idx" 1 4 75, +C4<0110>;
S_0x5566d5912bf0 .scope module, "scale_score" "vector_scaling" 4 76, 7 1 0, S_0x5566d5912930;
 .timescale 0 0;
    .port_info 0 /INPUT 32 "vector_dim";
    .port_info 1 /INPUT 16 "score";
    .port_info 2 /OUTPUT 16 "scaled_score";
v0x5566d5912ee0_0 .var/s "scaled_score", 15 0;
v0x5566d5912fe0_0 .net/s "score", 15 0, L_0x5566d59ade60;  alias, 1 drivers
L_0x7f17ba139ec8 .functor BUFT 1, C4<00000000000000000000000000000011>, C4<0>, C4<0>, C4<0>;
v0x5566d59130c0_0 .net/2s "vector_dim", 31 0, L_0x7f17ba139ec8;  1 drivers
E_0x5566d5912e60 .event anyedge, v0x5566d5912fe0_0, v0x5566d59130c0_0;
S_0x5566d5913230 .scope generate, "scale_cols[7]" "scale_cols[7]" 4 75, 4 75 0, S_0x5566d590f020;
 .timescale 0 0;
P_0x5566d5913410 .param/l "col_idx" 1 4 75, +C4<0111>;
S_0x5566d59134f0 .scope module, "scale_score" "vector_scaling" 4 76, 7 1 0, S_0x5566d5913230;
 .timescale 0 0;
    .port_info 0 /INPUT 32 "vector_dim";
    .port_info 1 /INPUT 16 "score";
    .port_info 2 /OUTPUT 16 "scaled_score";
v0x5566d59137e0_0 .var/s "scaled_score", 15 0;
v0x5566d59138e0_0 .net/s "score", 15 0, L_0x5566d59adf20;  alias, 1 drivers
L_0x7f17ba139f10 .functor BUFT 1, C4<00000000000000000000000000000011>, C4<0>, C4<0>, C4<0>;
v0x5566d59139c0_0 .net/2s "vector_dim", 31 0, L_0x7f17ba139f10;  1 drivers
E_0x5566d5913760 .event anyedge, v0x5566d59138e0_0, v0x5566d59139c0_0;
S_0x5566d5913b30 .scope generate, "scale_cols[8]" "scale_cols[8]" 4 75, 4 75 0, S_0x5566d590f020;
 .timescale 0 0;
P_0x5566d59118f0 .param/l "col_idx" 1 4 75, +C4<01000>;
S_0x5566d5913e30 .scope module, "scale_score" "vector_scaling" 4 76, 7 1 0, S_0x5566d5913b30;
 .timescale 0 0;
    .port_info 0 /INPUT 32 "vector_dim";
    .port_info 1 /INPUT 16 "score";
    .port_info 2 /OUTPUT 16 "scaled_score";
v0x5566d5914120_0 .var/s "scaled_score", 15 0;
v0x5566d5914220_0 .net/s "score", 15 0, L_0x5566d59adfe0;  alias, 1 drivers
L_0x7f17ba139f58 .functor BUFT 1, C4<00000000000000000000000000000011>, C4<0>, C4<0>, C4<0>;
v0x5566d5914300_0 .net/2s "vector_dim", 31 0, L_0x7f17ba139f58;  1 drivers
E_0x5566d59140a0 .event anyedge, v0x5566d5914220_0, v0x5566d5914300_0;
S_0x5566d5914470 .scope generate, "scale_cols[9]" "scale_cols[9]" 4 75, 4 75 0, S_0x5566d590f020;
 .timescale 0 0;
P_0x5566d5914650 .param/l "col_idx" 1 4 75, +C4<01001>;
S_0x5566d5914730 .scope module, "scale_score" "vector_scaling" 4 76, 7 1 0, S_0x5566d5914470;
 .timescale 0 0;
    .port_info 0 /INPUT 32 "vector_dim";
    .port_info 1 /INPUT 16 "score";
    .port_info 2 /OUTPUT 16 "scaled_score";
v0x5566d5914a20_0 .var/s "scaled_score", 15 0;
v0x5566d5914b20_0 .net/s "score", 15 0, L_0x5566d59ae0a0;  alias, 1 drivers
L_0x7f17ba139fa0 .functor BUFT 1, C4<00000000000000000000000000000011>, C4<0>, C4<0>, C4<0>;
v0x5566d5914c00_0 .net/2s "vector_dim", 31 0, L_0x7f17ba139fa0;  1 drivers
E_0x5566d59149a0 .event anyedge, v0x5566d5914b20_0, v0x5566d5914c00_0;
S_0x5566d5914d70 .scope generate, "scale_cols[10]" "scale_cols[10]" 4 75, 4 75 0, S_0x5566d590f020;
 .timescale 0 0;
P_0x5566d5914f50 .param/l "col_idx" 1 4 75, +C4<01010>;
S_0x5566d5915030 .scope module, "scale_score" "vector_scaling" 4 76, 7 1 0, S_0x5566d5914d70;
 .timescale 0 0;
    .port_info 0 /INPUT 32 "vector_dim";
    .port_info 1 /INPUT 16 "score";
    .port_info 2 /OUTPUT 16 "scaled_score";
v0x5566d5915320_0 .var/s "scaled_score", 15 0;
v0x5566d5915420_0 .net/s "score", 15 0, L_0x5566d59ae160;  alias, 1 drivers
L_0x7f17ba139fe8 .functor BUFT 1, C4<00000000000000000000000000000011>, C4<0>, C4<0>, C4<0>;
v0x5566d5915500_0 .net/2s "vector_dim", 31 0, L_0x7f17ba139fe8;  1 drivers
E_0x5566d59152a0 .event anyedge, v0x5566d5915420_0, v0x5566d5915500_0;
S_0x5566d5915670 .scope generate, "scale_cols[11]" "scale_cols[11]" 4 75, 4 75 0, S_0x5566d590f020;
 .timescale 0 0;
P_0x5566d5915850 .param/l "col_idx" 1 4 75, +C4<01011>;
S_0x5566d5915930 .scope module, "scale_score" "vector_scaling" 4 76, 7 1 0, S_0x5566d5915670;
 .timescale 0 0;
    .port_info 0 /INPUT 32 "vector_dim";
    .port_info 1 /INPUT 16 "score";
    .port_info 2 /OUTPUT 16 "scaled_score";
v0x5566d5915c20_0 .var/s "scaled_score", 15 0;
v0x5566d5915d20_0 .net/s "score", 15 0, L_0x5566d59ae220;  alias, 1 drivers
L_0x7f17ba13a030 .functor BUFT 1, C4<00000000000000000000000000000011>, C4<0>, C4<0>, C4<0>;
v0x5566d5915e00_0 .net/2s "vector_dim", 31 0, L_0x7f17ba13a030;  1 drivers
E_0x5566d5915ba0 .event anyedge, v0x5566d5915d20_0, v0x5566d5915e00_0;
S_0x5566d5915f70 .scope generate, "scale_cols[12]" "scale_cols[12]" 4 75, 4 75 0, S_0x5566d590f020;
 .timescale 0 0;
P_0x5566d5916150 .param/l "col_idx" 1 4 75, +C4<01100>;
S_0x5566d5916230 .scope module, "scale_score" "vector_scaling" 4 76, 7 1 0, S_0x5566d5915f70;
 .timescale 0 0;
    .port_info 0 /INPUT 32 "vector_dim";
    .port_info 1 /INPUT 16 "score";
    .port_info 2 /OUTPUT 16 "scaled_score";
v0x5566d5916520_0 .var/s "scaled_score", 15 0;
v0x5566d5916620_0 .net/s "score", 15 0, L_0x5566d59ae2e0;  alias, 1 drivers
L_0x7f17ba13a078 .functor BUFT 1, C4<00000000000000000000000000000011>, C4<0>, C4<0>, C4<0>;
v0x5566d5916700_0 .net/2s "vector_dim", 31 0, L_0x7f17ba13a078;  1 drivers
E_0x5566d59164a0 .event anyedge, v0x5566d5916620_0, v0x5566d5916700_0;
S_0x5566d5916870 .scope generate, "scale_cols[13]" "scale_cols[13]" 4 75, 4 75 0, S_0x5566d590f020;
 .timescale 0 0;
P_0x5566d5916a50 .param/l "col_idx" 1 4 75, +C4<01101>;
S_0x5566d5916b30 .scope module, "scale_score" "vector_scaling" 4 76, 7 1 0, S_0x5566d5916870;
 .timescale 0 0;
    .port_info 0 /INPUT 32 "vector_dim";
    .port_info 1 /INPUT 16 "score";
    .port_info 2 /OUTPUT 16 "scaled_score";
v0x5566d5916e20_0 .var/s "scaled_score", 15 0;
v0x5566d5916f20_0 .net/s "score", 15 0, L_0x5566d59ae3a0;  alias, 1 drivers
L_0x7f17ba13a0c0 .functor BUFT 1, C4<00000000000000000000000000000011>, C4<0>, C4<0>, C4<0>;
v0x5566d5917000_0 .net/2s "vector_dim", 31 0, L_0x7f17ba13a0c0;  1 drivers
E_0x5566d5916da0 .event anyedge, v0x5566d5916f20_0, v0x5566d5917000_0;
S_0x5566d5917170 .scope generate, "scale_cols[14]" "scale_cols[14]" 4 75, 4 75 0, S_0x5566d590f020;
 .timescale 0 0;
P_0x5566d5917350 .param/l "col_idx" 1 4 75, +C4<01110>;
S_0x5566d5917430 .scope module, "scale_score" "vector_scaling" 4 76, 7 1 0, S_0x5566d5917170;
 .timescale 0 0;
    .port_info 0 /INPUT 32 "vector_dim";
    .port_info 1 /INPUT 16 "score";
    .port_info 2 /OUTPUT 16 "scaled_score";
v0x5566d5917720_0 .var/s "scaled_score", 15 0;
v0x5566d5917820_0 .net/s "score", 15 0, L_0x5566d59ae460;  alias, 1 drivers
L_0x7f17ba13a108 .functor BUFT 1, C4<00000000000000000000000000000011>, C4<0>, C4<0>, C4<0>;
v0x5566d5917900_0 .net/2s "vector_dim", 31 0, L_0x7f17ba13a108;  1 drivers
E_0x5566d59176a0 .event anyedge, v0x5566d5917820_0, v0x5566d5917900_0;
S_0x5566d5917a70 .scope generate, "scale_cols[15]" "scale_cols[15]" 4 75, 4 75 0, S_0x5566d590f020;
 .timescale 0 0;
P_0x5566d5917c50 .param/l "col_idx" 1 4 75, +C4<01111>;
S_0x5566d5917d30 .scope module, "scale_score" "vector_scaling" 4 76, 7 1 0, S_0x5566d5917a70;
 .timescale 0 0;
    .port_info 0 /INPUT 32 "vector_dim";
    .port_info 1 /INPUT 16 "score";
    .port_info 2 /OUTPUT 16 "scaled_score";
v0x5566d5918020_0 .var/s "scaled_score", 15 0;
v0x5566d5918120_0 .net/s "score", 15 0, L_0x5566d59ae520;  alias, 1 drivers
L_0x7f17ba13a150 .functor BUFT 1, C4<00000000000000000000000000000011>, C4<0>, C4<0>, C4<0>;
v0x5566d5918200_0 .net/2s "vector_dim", 31 0, L_0x7f17ba13a150;  1 drivers
E_0x5566d5917fa0 .event anyedge, v0x5566d5918120_0, v0x5566d5918200_0;
S_0x5566d5918370 .scope generate, "scale_rows[11]" "scale_rows[11]" 4 74, 4 74 0, S_0x5566d573d2e0;
 .timescale 0 0;
P_0x5566d5918550 .param/l "row_idx" 1 4 74, +C4<01011>;
S_0x5566d5918630 .scope generate, "scale_cols[0]" "scale_cols[0]" 4 75, 4 75 0, S_0x5566d5918370;
 .timescale 0 0;
P_0x5566d5918830 .param/l "col_idx" 1 4 75, +C4<00>;
S_0x5566d5918910 .scope module, "scale_score" "vector_scaling" 4 76, 7 1 0, S_0x5566d5918630;
 .timescale 0 0;
    .port_info 0 /INPUT 32 "vector_dim";
    .port_info 1 /INPUT 16 "score";
    .port_info 2 /OUTPUT 16 "scaled_score";
v0x5566d5918c00_0 .var/s "scaled_score", 15 0;
v0x5566d5918d00_0 .net/s "score", 15 0, L_0x5566d59afd00;  alias, 1 drivers
L_0x7f17ba13a198 .functor BUFT 1, C4<00000000000000000000000000000011>, C4<0>, C4<0>, C4<0>;
v0x5566d5918de0_0 .net/2s "vector_dim", 31 0, L_0x7f17ba13a198;  1 drivers
E_0x5566d5918b80 .event anyedge, v0x5566d5918d00_0, v0x5566d5918de0_0;
S_0x5566d5918f50 .scope generate, "scale_cols[1]" "scale_cols[1]" 4 75, 4 75 0, S_0x5566d5918370;
 .timescale 0 0;
P_0x5566d5919150 .param/l "col_idx" 1 4 75, +C4<01>;
S_0x5566d5919210 .scope module, "scale_score" "vector_scaling" 4 76, 7 1 0, S_0x5566d5918f50;
 .timescale 0 0;
    .port_info 0 /INPUT 32 "vector_dim";
    .port_info 1 /INPUT 16 "score";
    .port_info 2 /OUTPUT 16 "scaled_score";
v0x5566d5919500_0 .var/s "scaled_score", 15 0;
v0x5566d5919600_0 .net/s "score", 15 0, L_0x5566d59ae7a0;  alias, 1 drivers
L_0x7f17ba13a1e0 .functor BUFT 1, C4<00000000000000000000000000000011>, C4<0>, C4<0>, C4<0>;
v0x5566d59196e0_0 .net/2s "vector_dim", 31 0, L_0x7f17ba13a1e0;  1 drivers
E_0x5566d5919480 .event anyedge, v0x5566d5919600_0, v0x5566d59196e0_0;
S_0x5566d5919850 .scope generate, "scale_cols[2]" "scale_cols[2]" 4 75, 4 75 0, S_0x5566d5918370;
 .timescale 0 0;
P_0x5566d5919a60 .param/l "col_idx" 1 4 75, +C4<010>;
S_0x5566d5919b20 .scope module, "scale_score" "vector_scaling" 4 76, 7 1 0, S_0x5566d5919850;
 .timescale 0 0;
    .port_info 0 /INPUT 32 "vector_dim";
    .port_info 1 /INPUT 16 "score";
    .port_info 2 /OUTPUT 16 "scaled_score";
v0x5566d5919e10_0 .var/s "scaled_score", 15 0;
v0x5566d5919f10_0 .net/s "score", 15 0, L_0x5566d59ae860;  alias, 1 drivers
L_0x7f17ba13a228 .functor BUFT 1, C4<00000000000000000000000000000011>, C4<0>, C4<0>, C4<0>;
v0x5566d5919ff0_0 .net/2s "vector_dim", 31 0, L_0x7f17ba13a228;  1 drivers
E_0x5566d5919d90 .event anyedge, v0x5566d5919f10_0, v0x5566d5919ff0_0;
S_0x5566d591a160 .scope generate, "scale_cols[3]" "scale_cols[3]" 4 75, 4 75 0, S_0x5566d5918370;
 .timescale 0 0;
P_0x5566d591a340 .param/l "col_idx" 1 4 75, +C4<011>;
S_0x5566d591a420 .scope module, "scale_score" "vector_scaling" 4 76, 7 1 0, S_0x5566d591a160;
 .timescale 0 0;
    .port_info 0 /INPUT 32 "vector_dim";
    .port_info 1 /INPUT 16 "score";
    .port_info 2 /OUTPUT 16 "scaled_score";
v0x5566d591a710_0 .var/s "scaled_score", 15 0;
v0x5566d591a810_0 .net/s "score", 15 0, L_0x5566d59ae920;  alias, 1 drivers
L_0x7f17ba13a270 .functor BUFT 1, C4<00000000000000000000000000000011>, C4<0>, C4<0>, C4<0>;
v0x5566d591a8f0_0 .net/2s "vector_dim", 31 0, L_0x7f17ba13a270;  1 drivers
E_0x5566d591a690 .event anyedge, v0x5566d591a810_0, v0x5566d591a8f0_0;
S_0x5566d591aa60 .scope generate, "scale_cols[4]" "scale_cols[4]" 4 75, 4 75 0, S_0x5566d5918370;
 .timescale 0 0;
P_0x5566d591ac90 .param/l "col_idx" 1 4 75, +C4<0100>;
S_0x5566d591ad70 .scope module, "scale_score" "vector_scaling" 4 76, 7 1 0, S_0x5566d591aa60;
 .timescale 0 0;
    .port_info 0 /INPUT 32 "vector_dim";
    .port_info 1 /INPUT 16 "score";
    .port_info 2 /OUTPUT 16 "scaled_score";
v0x5566d591b060_0 .var/s "scaled_score", 15 0;
v0x5566d591b160_0 .net/s "score", 15 0, L_0x5566d59ae9e0;  alias, 1 drivers
L_0x7f17ba13a2b8 .functor BUFT 1, C4<00000000000000000000000000000011>, C4<0>, C4<0>, C4<0>;
v0x5566d591b240_0 .net/2s "vector_dim", 31 0, L_0x7f17ba13a2b8;  1 drivers
E_0x5566d591afe0 .event anyedge, v0x5566d591b160_0, v0x5566d591b240_0;
S_0x5566d591b380 .scope generate, "scale_cols[5]" "scale_cols[5]" 4 75, 4 75 0, S_0x5566d5918370;
 .timescale 0 0;
P_0x5566d591b560 .param/l "col_idx" 1 4 75, +C4<0101>;
S_0x5566d591b640 .scope module, "scale_score" "vector_scaling" 4 76, 7 1 0, S_0x5566d591b380;
 .timescale 0 0;
    .port_info 0 /INPUT 32 "vector_dim";
    .port_info 1 /INPUT 16 "score";
    .port_info 2 /OUTPUT 16 "scaled_score";
v0x5566d591b930_0 .var/s "scaled_score", 15 0;
v0x5566d591ba30_0 .net/s "score", 15 0, L_0x5566d59aeaa0;  alias, 1 drivers
L_0x7f17ba13a300 .functor BUFT 1, C4<00000000000000000000000000000011>, C4<0>, C4<0>, C4<0>;
v0x5566d591bb10_0 .net/2s "vector_dim", 31 0, L_0x7f17ba13a300;  1 drivers
E_0x5566d591b8b0 .event anyedge, v0x5566d591ba30_0, v0x5566d591bb10_0;
S_0x5566d591bc80 .scope generate, "scale_cols[6]" "scale_cols[6]" 4 75, 4 75 0, S_0x5566d5918370;
 .timescale 0 0;
P_0x5566d591be60 .param/l "col_idx" 1 4 75, +C4<0110>;
S_0x5566d591bf40 .scope module, "scale_score" "vector_scaling" 4 76, 7 1 0, S_0x5566d591bc80;
 .timescale 0 0;
    .port_info 0 /INPUT 32 "vector_dim";
    .port_info 1 /INPUT 16 "score";
    .port_info 2 /OUTPUT 16 "scaled_score";
v0x5566d591c230_0 .var/s "scaled_score", 15 0;
v0x5566d591c330_0 .net/s "score", 15 0, L_0x5566d59aeb60;  alias, 1 drivers
L_0x7f17ba13a348 .functor BUFT 1, C4<00000000000000000000000000000011>, C4<0>, C4<0>, C4<0>;
v0x5566d591c410_0 .net/2s "vector_dim", 31 0, L_0x7f17ba13a348;  1 drivers
E_0x5566d591c1b0 .event anyedge, v0x5566d591c330_0, v0x5566d591c410_0;
S_0x5566d591c580 .scope generate, "scale_cols[7]" "scale_cols[7]" 4 75, 4 75 0, S_0x5566d5918370;
 .timescale 0 0;
P_0x5566d591c760 .param/l "col_idx" 1 4 75, +C4<0111>;
S_0x5566d591c840 .scope module, "scale_score" "vector_scaling" 4 76, 7 1 0, S_0x5566d591c580;
 .timescale 0 0;
    .port_info 0 /INPUT 32 "vector_dim";
    .port_info 1 /INPUT 16 "score";
    .port_info 2 /OUTPUT 16 "scaled_score";
v0x5566d591cb30_0 .var/s "scaled_score", 15 0;
v0x5566d591cc30_0 .net/s "score", 15 0, L_0x5566d59aec20;  alias, 1 drivers
L_0x7f17ba13a390 .functor BUFT 1, C4<00000000000000000000000000000011>, C4<0>, C4<0>, C4<0>;
v0x5566d591cd10_0 .net/2s "vector_dim", 31 0, L_0x7f17ba13a390;  1 drivers
E_0x5566d591cab0 .event anyedge, v0x5566d591cc30_0, v0x5566d591cd10_0;
S_0x5566d591ce80 .scope generate, "scale_cols[8]" "scale_cols[8]" 4 75, 4 75 0, S_0x5566d5918370;
 .timescale 0 0;
P_0x5566d591ac40 .param/l "col_idx" 1 4 75, +C4<01000>;
S_0x5566d591d0f0 .scope module, "scale_score" "vector_scaling" 4 76, 7 1 0, S_0x5566d591ce80;
 .timescale 0 0;
    .port_info 0 /INPUT 32 "vector_dim";
    .port_info 1 /INPUT 16 "score";
    .port_info 2 /OUTPUT 16 "scaled_score";
v0x5566d591d3e0_0 .var/s "scaled_score", 15 0;
v0x5566d591d4e0_0 .net/s "score", 15 0, L_0x5566d59aece0;  alias, 1 drivers
L_0x7f17ba13a3d8 .functor BUFT 1, C4<00000000000000000000000000000011>, C4<0>, C4<0>, C4<0>;
v0x5566d591d5c0_0 .net/2s "vector_dim", 31 0, L_0x7f17ba13a3d8;  1 drivers
E_0x5566d591d360 .event anyedge, v0x5566d591d4e0_0, v0x5566d591d5c0_0;
S_0x5566d591d730 .scope generate, "scale_cols[9]" "scale_cols[9]" 4 75, 4 75 0, S_0x5566d5918370;
 .timescale 0 0;
P_0x5566d591d910 .param/l "col_idx" 1 4 75, +C4<01001>;
S_0x5566d591d9f0 .scope module, "scale_score" "vector_scaling" 4 76, 7 1 0, S_0x5566d591d730;
 .timescale 0 0;
    .port_info 0 /INPUT 32 "vector_dim";
    .port_info 1 /INPUT 16 "score";
    .port_info 2 /OUTPUT 16 "scaled_score";
v0x5566d591dce0_0 .var/s "scaled_score", 15 0;
v0x5566d591dde0_0 .net/s "score", 15 0, L_0x5566d59aeda0;  alias, 1 drivers
L_0x7f17ba13a420 .functor BUFT 1, C4<00000000000000000000000000000011>, C4<0>, C4<0>, C4<0>;
v0x5566d591dec0_0 .net/2s "vector_dim", 31 0, L_0x7f17ba13a420;  1 drivers
E_0x5566d591dc60 .event anyedge, v0x5566d591dde0_0, v0x5566d591dec0_0;
S_0x5566d591e030 .scope generate, "scale_cols[10]" "scale_cols[10]" 4 75, 4 75 0, S_0x5566d5918370;
 .timescale 0 0;
P_0x5566d591e210 .param/l "col_idx" 1 4 75, +C4<01010>;
S_0x5566d591e2f0 .scope module, "scale_score" "vector_scaling" 4 76, 7 1 0, S_0x5566d591e030;
 .timescale 0 0;
    .port_info 0 /INPUT 32 "vector_dim";
    .port_info 1 /INPUT 16 "score";
    .port_info 2 /OUTPUT 16 "scaled_score";
v0x5566d591e5e0_0 .var/s "scaled_score", 15 0;
v0x5566d591e6e0_0 .net/s "score", 15 0, L_0x5566d59aee60;  alias, 1 drivers
L_0x7f17ba13a468 .functor BUFT 1, C4<00000000000000000000000000000011>, C4<0>, C4<0>, C4<0>;
v0x5566d591e7c0_0 .net/2s "vector_dim", 31 0, L_0x7f17ba13a468;  1 drivers
E_0x5566d591e560 .event anyedge, v0x5566d591e6e0_0, v0x5566d591e7c0_0;
S_0x5566d591e930 .scope generate, "scale_cols[11]" "scale_cols[11]" 4 75, 4 75 0, S_0x5566d5918370;
 .timescale 0 0;
P_0x5566d591eb10 .param/l "col_idx" 1 4 75, +C4<01011>;
S_0x5566d591ebf0 .scope module, "scale_score" "vector_scaling" 4 76, 7 1 0, S_0x5566d591e930;
 .timescale 0 0;
    .port_info 0 /INPUT 32 "vector_dim";
    .port_info 1 /INPUT 16 "score";
    .port_info 2 /OUTPUT 16 "scaled_score";
v0x5566d591eee0_0 .var/s "scaled_score", 15 0;
v0x5566d591efe0_0 .net/s "score", 15 0, L_0x5566d59aef20;  alias, 1 drivers
L_0x7f17ba13a4b0 .functor BUFT 1, C4<00000000000000000000000000000011>, C4<0>, C4<0>, C4<0>;
v0x5566d591f0c0_0 .net/2s "vector_dim", 31 0, L_0x7f17ba13a4b0;  1 drivers
E_0x5566d591ee60 .event anyedge, v0x5566d591efe0_0, v0x5566d591f0c0_0;
S_0x5566d591f230 .scope generate, "scale_cols[12]" "scale_cols[12]" 4 75, 4 75 0, S_0x5566d5918370;
 .timescale 0 0;
P_0x5566d591f410 .param/l "col_idx" 1 4 75, +C4<01100>;
S_0x5566d591f4f0 .scope module, "scale_score" "vector_scaling" 4 76, 7 1 0, S_0x5566d591f230;
 .timescale 0 0;
    .port_info 0 /INPUT 32 "vector_dim";
    .port_info 1 /INPUT 16 "score";
    .port_info 2 /OUTPUT 16 "scaled_score";
v0x5566d591f7e0_0 .var/s "scaled_score", 15 0;
v0x5566d591f8e0_0 .net/s "score", 15 0, L_0x5566d59aefe0;  alias, 1 drivers
L_0x7f17ba13a4f8 .functor BUFT 1, C4<00000000000000000000000000000011>, C4<0>, C4<0>, C4<0>;
v0x5566d591f9c0_0 .net/2s "vector_dim", 31 0, L_0x7f17ba13a4f8;  1 drivers
E_0x5566d591f760 .event anyedge, v0x5566d591f8e0_0, v0x5566d591f9c0_0;
S_0x5566d591fb30 .scope generate, "scale_cols[13]" "scale_cols[13]" 4 75, 4 75 0, S_0x5566d5918370;
 .timescale 0 0;
P_0x5566d591fd10 .param/l "col_idx" 1 4 75, +C4<01101>;
S_0x5566d591fdf0 .scope module, "scale_score" "vector_scaling" 4 76, 7 1 0, S_0x5566d591fb30;
 .timescale 0 0;
    .port_info 0 /INPUT 32 "vector_dim";
    .port_info 1 /INPUT 16 "score";
    .port_info 2 /OUTPUT 16 "scaled_score";
v0x5566d59200e0_0 .var/s "scaled_score", 15 0;
v0x5566d59201e0_0 .net/s "score", 15 0, L_0x5566d59af0a0;  alias, 1 drivers
L_0x7f17ba13a540 .functor BUFT 1, C4<00000000000000000000000000000011>, C4<0>, C4<0>, C4<0>;
v0x5566d59202c0_0 .net/2s "vector_dim", 31 0, L_0x7f17ba13a540;  1 drivers
E_0x5566d5920060 .event anyedge, v0x5566d59201e0_0, v0x5566d59202c0_0;
S_0x5566d5920430 .scope generate, "scale_cols[14]" "scale_cols[14]" 4 75, 4 75 0, S_0x5566d5918370;
 .timescale 0 0;
P_0x5566d5920610 .param/l "col_idx" 1 4 75, +C4<01110>;
S_0x5566d59206f0 .scope module, "scale_score" "vector_scaling" 4 76, 7 1 0, S_0x5566d5920430;
 .timescale 0 0;
    .port_info 0 /INPUT 32 "vector_dim";
    .port_info 1 /INPUT 16 "score";
    .port_info 2 /OUTPUT 16 "scaled_score";
v0x5566d59209e0_0 .var/s "scaled_score", 15 0;
v0x5566d5920ae0_0 .net/s "score", 15 0, L_0x5566d59af160;  alias, 1 drivers
L_0x7f17ba13a588 .functor BUFT 1, C4<00000000000000000000000000000011>, C4<0>, C4<0>, C4<0>;
v0x5566d5920bc0_0 .net/2s "vector_dim", 31 0, L_0x7f17ba13a588;  1 drivers
E_0x5566d5920960 .event anyedge, v0x5566d5920ae0_0, v0x5566d5920bc0_0;
S_0x5566d5920d30 .scope generate, "scale_cols[15]" "scale_cols[15]" 4 75, 4 75 0, S_0x5566d5918370;
 .timescale 0 0;
P_0x5566d5920f10 .param/l "col_idx" 1 4 75, +C4<01111>;
S_0x5566d5920ff0 .scope module, "scale_score" "vector_scaling" 4 76, 7 1 0, S_0x5566d5920d30;
 .timescale 0 0;
    .port_info 0 /INPUT 32 "vector_dim";
    .port_info 1 /INPUT 16 "score";
    .port_info 2 /OUTPUT 16 "scaled_score";
v0x5566d59212e0_0 .var/s "scaled_score", 15 0;
v0x5566d59213e0_0 .net/s "score", 15 0, L_0x5566d59af220;  alias, 1 drivers
L_0x7f17ba13a5d0 .functor BUFT 1, C4<00000000000000000000000000000011>, C4<0>, C4<0>, C4<0>;
v0x5566d59214c0_0 .net/2s "vector_dim", 31 0, L_0x7f17ba13a5d0;  1 drivers
E_0x5566d5921260 .event anyedge, v0x5566d59213e0_0, v0x5566d59214c0_0;
S_0x5566d5921630 .scope generate, "scale_rows[12]" "scale_rows[12]" 4 74, 4 74 0, S_0x5566d573d2e0;
 .timescale 0 0;
P_0x5566d5921810 .param/l "row_idx" 1 4 74, +C4<01100>;
S_0x5566d59218f0 .scope generate, "scale_cols[0]" "scale_cols[0]" 4 75, 4 75 0, S_0x5566d5921630;
 .timescale 0 0;
P_0x5566d5921af0 .param/l "col_idx" 1 4 75, +C4<00>;
S_0x5566d5921bd0 .scope module, "scale_score" "vector_scaling" 4 76, 7 1 0, S_0x5566d59218f0;
 .timescale 0 0;
    .port_info 0 /INPUT 32 "vector_dim";
    .port_info 1 /INPUT 16 "score";
    .port_info 2 /OUTPUT 16 "scaled_score";
v0x5566d5921ec0_0 .var/s "scaled_score", 15 0;
v0x5566d5921fc0_0 .net/s "score", 15 0, L_0x5566d59af2e0;  alias, 1 drivers
L_0x7f17ba13a618 .functor BUFT 1, C4<00000000000000000000000000000011>, C4<0>, C4<0>, C4<0>;
v0x5566d59220a0_0 .net/2s "vector_dim", 31 0, L_0x7f17ba13a618;  1 drivers
E_0x5566d5921e40 .event anyedge, v0x5566d5921fc0_0, v0x5566d59220a0_0;
S_0x5566d5922210 .scope generate, "scale_cols[1]" "scale_cols[1]" 4 75, 4 75 0, S_0x5566d5921630;
 .timescale 0 0;
P_0x5566d5922410 .param/l "col_idx" 1 4 75, +C4<01>;
S_0x5566d59224d0 .scope module, "scale_score" "vector_scaling" 4 76, 7 1 0, S_0x5566d5922210;
 .timescale 0 0;
    .port_info 0 /INPUT 32 "vector_dim";
    .port_info 1 /INPUT 16 "score";
    .port_info 2 /OUTPUT 16 "scaled_score";
v0x5566d59227c0_0 .var/s "scaled_score", 15 0;
v0x5566d59228c0_0 .net/s "score", 15 0, L_0x5566d59af3a0;  alias, 1 drivers
L_0x7f17ba13a660 .functor BUFT 1, C4<00000000000000000000000000000011>, C4<0>, C4<0>, C4<0>;
v0x5566d59229a0_0 .net/2s "vector_dim", 31 0, L_0x7f17ba13a660;  1 drivers
E_0x5566d5922740 .event anyedge, v0x5566d59228c0_0, v0x5566d59229a0_0;
S_0x5566d5922b10 .scope generate, "scale_cols[2]" "scale_cols[2]" 4 75, 4 75 0, S_0x5566d5921630;
 .timescale 0 0;
P_0x5566d5922d20 .param/l "col_idx" 1 4 75, +C4<010>;
S_0x5566d5922de0 .scope module, "scale_score" "vector_scaling" 4 76, 7 1 0, S_0x5566d5922b10;
 .timescale 0 0;
    .port_info 0 /INPUT 32 "vector_dim";
    .port_info 1 /INPUT 16 "score";
    .port_info 2 /OUTPUT 16 "scaled_score";
v0x5566d59230d0_0 .var/s "scaled_score", 15 0;
v0x5566d59231d0_0 .net/s "score", 15 0, L_0x5566d59af460;  alias, 1 drivers
L_0x7f17ba13a6a8 .functor BUFT 1, C4<00000000000000000000000000000011>, C4<0>, C4<0>, C4<0>;
v0x5566d59232b0_0 .net/2s "vector_dim", 31 0, L_0x7f17ba13a6a8;  1 drivers
E_0x5566d5923050 .event anyedge, v0x5566d59231d0_0, v0x5566d59232b0_0;
S_0x5566d5923420 .scope generate, "scale_cols[3]" "scale_cols[3]" 4 75, 4 75 0, S_0x5566d5921630;
 .timescale 0 0;
P_0x5566d5923600 .param/l "col_idx" 1 4 75, +C4<011>;
S_0x5566d59236e0 .scope module, "scale_score" "vector_scaling" 4 76, 7 1 0, S_0x5566d5923420;
 .timescale 0 0;
    .port_info 0 /INPUT 32 "vector_dim";
    .port_info 1 /INPUT 16 "score";
    .port_info 2 /OUTPUT 16 "scaled_score";
v0x5566d59239d0_0 .var/s "scaled_score", 15 0;
v0x5566d5923ad0_0 .net/s "score", 15 0, L_0x5566d59af520;  alias, 1 drivers
L_0x7f17ba13a6f0 .functor BUFT 1, C4<00000000000000000000000000000011>, C4<0>, C4<0>, C4<0>;
v0x5566d5923bb0_0 .net/2s "vector_dim", 31 0, L_0x7f17ba13a6f0;  1 drivers
E_0x5566d5923950 .event anyedge, v0x5566d5923ad0_0, v0x5566d5923bb0_0;
S_0x5566d5923d20 .scope generate, "scale_cols[4]" "scale_cols[4]" 4 75, 4 75 0, S_0x5566d5921630;
 .timescale 0 0;
P_0x5566d5923f50 .param/l "col_idx" 1 4 75, +C4<0100>;
S_0x5566d5924030 .scope module, "scale_score" "vector_scaling" 4 76, 7 1 0, S_0x5566d5923d20;
 .timescale 0 0;
    .port_info 0 /INPUT 32 "vector_dim";
    .port_info 1 /INPUT 16 "score";
    .port_info 2 /OUTPUT 16 "scaled_score";
v0x5566d5924320_0 .var/s "scaled_score", 15 0;
v0x5566d5924420_0 .net/s "score", 15 0, L_0x5566d59af5e0;  alias, 1 drivers
L_0x7f17ba13a738 .functor BUFT 1, C4<00000000000000000000000000000011>, C4<0>, C4<0>, C4<0>;
v0x5566d5924500_0 .net/2s "vector_dim", 31 0, L_0x7f17ba13a738;  1 drivers
E_0x5566d59242a0 .event anyedge, v0x5566d5924420_0, v0x5566d5924500_0;
S_0x5566d5924640 .scope generate, "scale_cols[5]" "scale_cols[5]" 4 75, 4 75 0, S_0x5566d5921630;
 .timescale 0 0;
P_0x5566d5924820 .param/l "col_idx" 1 4 75, +C4<0101>;
S_0x5566d5924900 .scope module, "scale_score" "vector_scaling" 4 76, 7 1 0, S_0x5566d5924640;
 .timescale 0 0;
    .port_info 0 /INPUT 32 "vector_dim";
    .port_info 1 /INPUT 16 "score";
    .port_info 2 /OUTPUT 16 "scaled_score";
v0x5566d5924bf0_0 .var/s "scaled_score", 15 0;
v0x5566d5924cf0_0 .net/s "score", 15 0, L_0x5566d59af6a0;  alias, 1 drivers
L_0x7f17ba13a780 .functor BUFT 1, C4<00000000000000000000000000000011>, C4<0>, C4<0>, C4<0>;
v0x5566d5924dd0_0 .net/2s "vector_dim", 31 0, L_0x7f17ba13a780;  1 drivers
E_0x5566d5924b70 .event anyedge, v0x5566d5924cf0_0, v0x5566d5924dd0_0;
S_0x5566d5924f40 .scope generate, "scale_cols[6]" "scale_cols[6]" 4 75, 4 75 0, S_0x5566d5921630;
 .timescale 0 0;
P_0x5566d5925120 .param/l "col_idx" 1 4 75, +C4<0110>;
S_0x5566d5925200 .scope module, "scale_score" "vector_scaling" 4 76, 7 1 0, S_0x5566d5924f40;
 .timescale 0 0;
    .port_info 0 /INPUT 32 "vector_dim";
    .port_info 1 /INPUT 16 "score";
    .port_info 2 /OUTPUT 16 "scaled_score";
v0x5566d59254f0_0 .var/s "scaled_score", 15 0;
v0x5566d59255f0_0 .net/s "score", 15 0, L_0x5566d59af760;  alias, 1 drivers
L_0x7f17ba13a7c8 .functor BUFT 1, C4<00000000000000000000000000000011>, C4<0>, C4<0>, C4<0>;
v0x5566d59256d0_0 .net/2s "vector_dim", 31 0, L_0x7f17ba13a7c8;  1 drivers
E_0x5566d5925470 .event anyedge, v0x5566d59255f0_0, v0x5566d59256d0_0;
S_0x5566d5925840 .scope generate, "scale_cols[7]" "scale_cols[7]" 4 75, 4 75 0, S_0x5566d5921630;
 .timescale 0 0;
P_0x5566d5925a20 .param/l "col_idx" 1 4 75, +C4<0111>;
S_0x5566d5925b00 .scope module, "scale_score" "vector_scaling" 4 76, 7 1 0, S_0x5566d5925840;
 .timescale 0 0;
    .port_info 0 /INPUT 32 "vector_dim";
    .port_info 1 /INPUT 16 "score";
    .port_info 2 /OUTPUT 16 "scaled_score";
v0x5566d5925df0_0 .var/s "scaled_score", 15 0;
v0x5566d5925ef0_0 .net/s "score", 15 0, L_0x5566d59af820;  alias, 1 drivers
L_0x7f17ba13a810 .functor BUFT 1, C4<00000000000000000000000000000011>, C4<0>, C4<0>, C4<0>;
v0x5566d5925fd0_0 .net/2s "vector_dim", 31 0, L_0x7f17ba13a810;  1 drivers
E_0x5566d5925d70 .event anyedge, v0x5566d5925ef0_0, v0x5566d5925fd0_0;
S_0x5566d5926140 .scope generate, "scale_cols[8]" "scale_cols[8]" 4 75, 4 75 0, S_0x5566d5921630;
 .timescale 0 0;
P_0x5566d5923f00 .param/l "col_idx" 1 4 75, +C4<01000>;
S_0x5566d5926440 .scope module, "scale_score" "vector_scaling" 4 76, 7 1 0, S_0x5566d5926140;
 .timescale 0 0;
    .port_info 0 /INPUT 32 "vector_dim";
    .port_info 1 /INPUT 16 "score";
    .port_info 2 /OUTPUT 16 "scaled_score";
v0x5566d5926730_0 .var/s "scaled_score", 15 0;
v0x5566d5926830_0 .net/s "score", 15 0, L_0x5566d59af8e0;  alias, 1 drivers
L_0x7f17ba13a858 .functor BUFT 1, C4<00000000000000000000000000000011>, C4<0>, C4<0>, C4<0>;
v0x5566d5926910_0 .net/2s "vector_dim", 31 0, L_0x7f17ba13a858;  1 drivers
E_0x5566d59266b0 .event anyedge, v0x5566d5926830_0, v0x5566d5926910_0;
S_0x5566d5926a80 .scope generate, "scale_cols[9]" "scale_cols[9]" 4 75, 4 75 0, S_0x5566d5921630;
 .timescale 0 0;
P_0x5566d5926c60 .param/l "col_idx" 1 4 75, +C4<01001>;
S_0x5566d5926d40 .scope module, "scale_score" "vector_scaling" 4 76, 7 1 0, S_0x5566d5926a80;
 .timescale 0 0;
    .port_info 0 /INPUT 32 "vector_dim";
    .port_info 1 /INPUT 16 "score";
    .port_info 2 /OUTPUT 16 "scaled_score";
v0x5566d5927030_0 .var/s "scaled_score", 15 0;
v0x5566d5927130_0 .net/s "score", 15 0, L_0x5566d59af9a0;  alias, 1 drivers
L_0x7f17ba13a8a0 .functor BUFT 1, C4<00000000000000000000000000000011>, C4<0>, C4<0>, C4<0>;
v0x5566d5927210_0 .net/2s "vector_dim", 31 0, L_0x7f17ba13a8a0;  1 drivers
E_0x5566d5926fb0 .event anyedge, v0x5566d5927130_0, v0x5566d5927210_0;
S_0x5566d5927380 .scope generate, "scale_cols[10]" "scale_cols[10]" 4 75, 4 75 0, S_0x5566d5921630;
 .timescale 0 0;
P_0x5566d5927560 .param/l "col_idx" 1 4 75, +C4<01010>;
S_0x5566d5927640 .scope module, "scale_score" "vector_scaling" 4 76, 7 1 0, S_0x5566d5927380;
 .timescale 0 0;
    .port_info 0 /INPUT 32 "vector_dim";
    .port_info 1 /INPUT 16 "score";
    .port_info 2 /OUTPUT 16 "scaled_score";
v0x5566d5927930_0 .var/s "scaled_score", 15 0;
v0x5566d5927a30_0 .net/s "score", 15 0, L_0x5566d59afa60;  alias, 1 drivers
L_0x7f17ba13a8e8 .functor BUFT 1, C4<00000000000000000000000000000011>, C4<0>, C4<0>, C4<0>;
v0x5566d5927b10_0 .net/2s "vector_dim", 31 0, L_0x7f17ba13a8e8;  1 drivers
E_0x5566d59278b0 .event anyedge, v0x5566d5927a30_0, v0x5566d5927b10_0;
S_0x5566d5927c80 .scope generate, "scale_cols[11]" "scale_cols[11]" 4 75, 4 75 0, S_0x5566d5921630;
 .timescale 0 0;
P_0x5566d5927e60 .param/l "col_idx" 1 4 75, +C4<01011>;
S_0x5566d5927f40 .scope module, "scale_score" "vector_scaling" 4 76, 7 1 0, S_0x5566d5927c80;
 .timescale 0 0;
    .port_info 0 /INPUT 32 "vector_dim";
    .port_info 1 /INPUT 16 "score";
    .port_info 2 /OUTPUT 16 "scaled_score";
v0x5566d5928230_0 .var/s "scaled_score", 15 0;
v0x5566d5928330_0 .net/s "score", 15 0, L_0x5566d59afb20;  alias, 1 drivers
L_0x7f17ba13a930 .functor BUFT 1, C4<00000000000000000000000000000011>, C4<0>, C4<0>, C4<0>;
v0x5566d5928410_0 .net/2s "vector_dim", 31 0, L_0x7f17ba13a930;  1 drivers
E_0x5566d59281b0 .event anyedge, v0x5566d5928330_0, v0x5566d5928410_0;
S_0x5566d5928580 .scope generate, "scale_cols[12]" "scale_cols[12]" 4 75, 4 75 0, S_0x5566d5921630;
 .timescale 0 0;
P_0x5566d5928760 .param/l "col_idx" 1 4 75, +C4<01100>;
S_0x5566d5928840 .scope module, "scale_score" "vector_scaling" 4 76, 7 1 0, S_0x5566d5928580;
 .timescale 0 0;
    .port_info 0 /INPUT 32 "vector_dim";
    .port_info 1 /INPUT 16 "score";
    .port_info 2 /OUTPUT 16 "scaled_score";
v0x5566d5928b30_0 .var/s "scaled_score", 15 0;
v0x5566d5928c30_0 .net/s "score", 15 0, L_0x5566d59afbe0;  alias, 1 drivers
L_0x7f17ba13a978 .functor BUFT 1, C4<00000000000000000000000000000011>, C4<0>, C4<0>, C4<0>;
v0x5566d5928d10_0 .net/2s "vector_dim", 31 0, L_0x7f17ba13a978;  1 drivers
E_0x5566d5928ab0 .event anyedge, v0x5566d5928c30_0, v0x5566d5928d10_0;
S_0x5566d5928e80 .scope generate, "scale_cols[13]" "scale_cols[13]" 4 75, 4 75 0, S_0x5566d5921630;
 .timescale 0 0;
P_0x5566d5929060 .param/l "col_idx" 1 4 75, +C4<01101>;
S_0x5566d5929140 .scope module, "scale_score" "vector_scaling" 4 76, 7 1 0, S_0x5566d5928e80;
 .timescale 0 0;
    .port_info 0 /INPUT 32 "vector_dim";
    .port_info 1 /INPUT 16 "score";
    .port_info 2 /OUTPUT 16 "scaled_score";
v0x5566d5929430_0 .var/s "scaled_score", 15 0;
v0x5566d5929530_0 .net/s "score", 15 0, L_0x5566d59b1410;  alias, 1 drivers
L_0x7f17ba13a9c0 .functor BUFT 1, C4<00000000000000000000000000000011>, C4<0>, C4<0>, C4<0>;
v0x5566d5929610_0 .net/2s "vector_dim", 31 0, L_0x7f17ba13a9c0;  1 drivers
E_0x5566d59293b0 .event anyedge, v0x5566d5929530_0, v0x5566d5929610_0;
S_0x5566d5929780 .scope generate, "scale_cols[14]" "scale_cols[14]" 4 75, 4 75 0, S_0x5566d5921630;
 .timescale 0 0;
P_0x5566d5929960 .param/l "col_idx" 1 4 75, +C4<01110>;
S_0x5566d5929a40 .scope module, "scale_score" "vector_scaling" 4 76, 7 1 0, S_0x5566d5929780;
 .timescale 0 0;
    .port_info 0 /INPUT 32 "vector_dim";
    .port_info 1 /INPUT 16 "score";
    .port_info 2 /OUTPUT 16 "scaled_score";
v0x5566d5929d30_0 .var/s "scaled_score", 15 0;
v0x5566d5929e30_0 .net/s "score", 15 0, L_0x5566d59b1480;  alias, 1 drivers
L_0x7f17ba13aa08 .functor BUFT 1, C4<00000000000000000000000000000011>, C4<0>, C4<0>, C4<0>;
v0x5566d5929f10_0 .net/2s "vector_dim", 31 0, L_0x7f17ba13aa08;  1 drivers
E_0x5566d5929cb0 .event anyedge, v0x5566d5929e30_0, v0x5566d5929f10_0;
S_0x5566d592a080 .scope generate, "scale_cols[15]" "scale_cols[15]" 4 75, 4 75 0, S_0x5566d5921630;
 .timescale 0 0;
P_0x5566d592a260 .param/l "col_idx" 1 4 75, +C4<01111>;
S_0x5566d592a340 .scope module, "scale_score" "vector_scaling" 4 76, 7 1 0, S_0x5566d592a080;
 .timescale 0 0;
    .port_info 0 /INPUT 32 "vector_dim";
    .port_info 1 /INPUT 16 "score";
    .port_info 2 /OUTPUT 16 "scaled_score";
v0x5566d592a630_0 .var/s "scaled_score", 15 0;
v0x5566d592a730_0 .net/s "score", 15 0, L_0x5566d59afdc0;  alias, 1 drivers
L_0x7f17ba13aa50 .functor BUFT 1, C4<00000000000000000000000000000011>, C4<0>, C4<0>, C4<0>;
v0x5566d592a810_0 .net/2s "vector_dim", 31 0, L_0x7f17ba13aa50;  1 drivers
E_0x5566d592a5b0 .event anyedge, v0x5566d592a730_0, v0x5566d592a810_0;
S_0x5566d592a980 .scope generate, "scale_rows[13]" "scale_rows[13]" 4 74, 4 74 0, S_0x5566d573d2e0;
 .timescale 0 0;
P_0x5566d592ab60 .param/l "row_idx" 1 4 74, +C4<01101>;
S_0x5566d592ac40 .scope generate, "scale_cols[0]" "scale_cols[0]" 4 75, 4 75 0, S_0x5566d592a980;
 .timescale 0 0;
P_0x5566d592ae40 .param/l "col_idx" 1 4 75, +C4<00>;
S_0x5566d592af20 .scope module, "scale_score" "vector_scaling" 4 76, 7 1 0, S_0x5566d592ac40;
 .timescale 0 0;
    .port_info 0 /INPUT 32 "vector_dim";
    .port_info 1 /INPUT 16 "score";
    .port_info 2 /OUTPUT 16 "scaled_score";
v0x5566d592b210_0 .var/s "scaled_score", 15 0;
v0x5566d592b310_0 .net/s "score", 15 0, L_0x5566d59afe80;  alias, 1 drivers
L_0x7f17ba13aa98 .functor BUFT 1, C4<00000000000000000000000000000011>, C4<0>, C4<0>, C4<0>;
v0x5566d592b3f0_0 .net/2s "vector_dim", 31 0, L_0x7f17ba13aa98;  1 drivers
E_0x5566d592b190 .event anyedge, v0x5566d592b310_0, v0x5566d592b3f0_0;
S_0x5566d592b560 .scope generate, "scale_cols[1]" "scale_cols[1]" 4 75, 4 75 0, S_0x5566d592a980;
 .timescale 0 0;
P_0x5566d592b760 .param/l "col_idx" 1 4 75, +C4<01>;
S_0x5566d592b820 .scope module, "scale_score" "vector_scaling" 4 76, 7 1 0, S_0x5566d592b560;
 .timescale 0 0;
    .port_info 0 /INPUT 32 "vector_dim";
    .port_info 1 /INPUT 16 "score";
    .port_info 2 /OUTPUT 16 "scaled_score";
v0x5566d592bb10_0 .var/s "scaled_score", 15 0;
v0x5566d592bc10_0 .net/s "score", 15 0, L_0x5566d59aff40;  alias, 1 drivers
L_0x7f17ba13aae0 .functor BUFT 1, C4<00000000000000000000000000000011>, C4<0>, C4<0>, C4<0>;
v0x5566d592bcf0_0 .net/2s "vector_dim", 31 0, L_0x7f17ba13aae0;  1 drivers
E_0x5566d592ba90 .event anyedge, v0x5566d592bc10_0, v0x5566d592bcf0_0;
S_0x5566d592be60 .scope generate, "scale_cols[2]" "scale_cols[2]" 4 75, 4 75 0, S_0x5566d592a980;
 .timescale 0 0;
P_0x5566d592c070 .param/l "col_idx" 1 4 75, +C4<010>;
S_0x5566d592c130 .scope module, "scale_score" "vector_scaling" 4 76, 7 1 0, S_0x5566d592be60;
 .timescale 0 0;
    .port_info 0 /INPUT 32 "vector_dim";
    .port_info 1 /INPUT 16 "score";
    .port_info 2 /OUTPUT 16 "scaled_score";
v0x5566d592c420_0 .var/s "scaled_score", 15 0;
v0x5566d592c520_0 .net/s "score", 15 0, L_0x5566d59b0000;  alias, 1 drivers
L_0x7f17ba13ab28 .functor BUFT 1, C4<00000000000000000000000000000011>, C4<0>, C4<0>, C4<0>;
v0x5566d592c600_0 .net/2s "vector_dim", 31 0, L_0x7f17ba13ab28;  1 drivers
E_0x5566d592c3a0 .event anyedge, v0x5566d592c520_0, v0x5566d592c600_0;
S_0x5566d592c770 .scope generate, "scale_cols[3]" "scale_cols[3]" 4 75, 4 75 0, S_0x5566d592a980;
 .timescale 0 0;
P_0x5566d592c950 .param/l "col_idx" 1 4 75, +C4<011>;
S_0x5566d592ca30 .scope module, "scale_score" "vector_scaling" 4 76, 7 1 0, S_0x5566d592c770;
 .timescale 0 0;
    .port_info 0 /INPUT 32 "vector_dim";
    .port_info 1 /INPUT 16 "score";
    .port_info 2 /OUTPUT 16 "scaled_score";
v0x5566d592cd20_0 .var/s "scaled_score", 15 0;
v0x5566d592ce20_0 .net/s "score", 15 0, L_0x5566d59b00c0;  alias, 1 drivers
L_0x7f17ba13ab70 .functor BUFT 1, C4<00000000000000000000000000000011>, C4<0>, C4<0>, C4<0>;
v0x5566d592cf00_0 .net/2s "vector_dim", 31 0, L_0x7f17ba13ab70;  1 drivers
E_0x5566d592cca0 .event anyedge, v0x5566d592ce20_0, v0x5566d592cf00_0;
S_0x5566d592d070 .scope generate, "scale_cols[4]" "scale_cols[4]" 4 75, 4 75 0, S_0x5566d592a980;
 .timescale 0 0;
P_0x5566d592d2a0 .param/l "col_idx" 1 4 75, +C4<0100>;
S_0x5566d592d380 .scope module, "scale_score" "vector_scaling" 4 76, 7 1 0, S_0x5566d592d070;
 .timescale 0 0;
    .port_info 0 /INPUT 32 "vector_dim";
    .port_info 1 /INPUT 16 "score";
    .port_info 2 /OUTPUT 16 "scaled_score";
v0x5566d592d670_0 .var/s "scaled_score", 15 0;
v0x5566d592d770_0 .net/s "score", 15 0, L_0x5566d59b0180;  alias, 1 drivers
L_0x7f17ba13abb8 .functor BUFT 1, C4<00000000000000000000000000000011>, C4<0>, C4<0>, C4<0>;
v0x5566d592d850_0 .net/2s "vector_dim", 31 0, L_0x7f17ba13abb8;  1 drivers
E_0x5566d592d5f0 .event anyedge, v0x5566d592d770_0, v0x5566d592d850_0;
S_0x5566d592d990 .scope generate, "scale_cols[5]" "scale_cols[5]" 4 75, 4 75 0, S_0x5566d592a980;
 .timescale 0 0;
P_0x5566d592db70 .param/l "col_idx" 1 4 75, +C4<0101>;
S_0x5566d592dc50 .scope module, "scale_score" "vector_scaling" 4 76, 7 1 0, S_0x5566d592d990;
 .timescale 0 0;
    .port_info 0 /INPUT 32 "vector_dim";
    .port_info 1 /INPUT 16 "score";
    .port_info 2 /OUTPUT 16 "scaled_score";
v0x5566d592df40_0 .var/s "scaled_score", 15 0;
v0x5566d592e040_0 .net/s "score", 15 0, L_0x5566d59b0240;  alias, 1 drivers
L_0x7f17ba13ac00 .functor BUFT 1, C4<00000000000000000000000000000011>, C4<0>, C4<0>, C4<0>;
v0x5566d592e120_0 .net/2s "vector_dim", 31 0, L_0x7f17ba13ac00;  1 drivers
E_0x5566d592dec0 .event anyedge, v0x5566d592e040_0, v0x5566d592e120_0;
S_0x5566d592e290 .scope generate, "scale_cols[6]" "scale_cols[6]" 4 75, 4 75 0, S_0x5566d592a980;
 .timescale 0 0;
P_0x5566d592e470 .param/l "col_idx" 1 4 75, +C4<0110>;
S_0x5566d592e550 .scope module, "scale_score" "vector_scaling" 4 76, 7 1 0, S_0x5566d592e290;
 .timescale 0 0;
    .port_info 0 /INPUT 32 "vector_dim";
    .port_info 1 /INPUT 16 "score";
    .port_info 2 /OUTPUT 16 "scaled_score";
v0x5566d592e840_0 .var/s "scaled_score", 15 0;
v0x5566d592e940_0 .net/s "score", 15 0, L_0x5566d59b0300;  alias, 1 drivers
L_0x7f17ba13ac48 .functor BUFT 1, C4<00000000000000000000000000000011>, C4<0>, C4<0>, C4<0>;
v0x5566d592ea20_0 .net/2s "vector_dim", 31 0, L_0x7f17ba13ac48;  1 drivers
E_0x5566d592e7c0 .event anyedge, v0x5566d592e940_0, v0x5566d592ea20_0;
S_0x5566d592eb90 .scope generate, "scale_cols[7]" "scale_cols[7]" 4 75, 4 75 0, S_0x5566d592a980;
 .timescale 0 0;
P_0x5566d592ed70 .param/l "col_idx" 1 4 75, +C4<0111>;
S_0x5566d592ee50 .scope module, "scale_score" "vector_scaling" 4 76, 7 1 0, S_0x5566d592eb90;
 .timescale 0 0;
    .port_info 0 /INPUT 32 "vector_dim";
    .port_info 1 /INPUT 16 "score";
    .port_info 2 /OUTPUT 16 "scaled_score";
v0x5566d592f140_0 .var/s "scaled_score", 15 0;
v0x5566d592f240_0 .net/s "score", 15 0, L_0x5566d59b03c0;  alias, 1 drivers
L_0x7f17ba13ac90 .functor BUFT 1, C4<00000000000000000000000000000011>, C4<0>, C4<0>, C4<0>;
v0x5566d592f320_0 .net/2s "vector_dim", 31 0, L_0x7f17ba13ac90;  1 drivers
E_0x5566d592f0c0 .event anyedge, v0x5566d592f240_0, v0x5566d592f320_0;
S_0x5566d592f490 .scope generate, "scale_cols[8]" "scale_cols[8]" 4 75, 4 75 0, S_0x5566d592a980;
 .timescale 0 0;
P_0x5566d592d250 .param/l "col_idx" 1 4 75, +C4<01000>;
S_0x5566d592f790 .scope module, "scale_score" "vector_scaling" 4 76, 7 1 0, S_0x5566d592f490;
 .timescale 0 0;
    .port_info 0 /INPUT 32 "vector_dim";
    .port_info 1 /INPUT 16 "score";
    .port_info 2 /OUTPUT 16 "scaled_score";
v0x5566d592fa80_0 .var/s "scaled_score", 15 0;
v0x5566d592fb80_0 .net/s "score", 15 0, L_0x5566d59b0480;  alias, 1 drivers
L_0x7f17ba13acd8 .functor BUFT 1, C4<00000000000000000000000000000011>, C4<0>, C4<0>, C4<0>;
v0x5566d592fc60_0 .net/2s "vector_dim", 31 0, L_0x7f17ba13acd8;  1 drivers
E_0x5566d592fa00 .event anyedge, v0x5566d592fb80_0, v0x5566d592fc60_0;
S_0x5566d592fdd0 .scope generate, "scale_cols[9]" "scale_cols[9]" 4 75, 4 75 0, S_0x5566d592a980;
 .timescale 0 0;
P_0x5566d592ffb0 .param/l "col_idx" 1 4 75, +C4<01001>;
S_0x5566d5930090 .scope module, "scale_score" "vector_scaling" 4 76, 7 1 0, S_0x5566d592fdd0;
 .timescale 0 0;
    .port_info 0 /INPUT 32 "vector_dim";
    .port_info 1 /INPUT 16 "score";
    .port_info 2 /OUTPUT 16 "scaled_score";
v0x5566d5930380_0 .var/s "scaled_score", 15 0;
v0x5566d5930480_0 .net/s "score", 15 0, L_0x5566d59b0540;  alias, 1 drivers
L_0x7f17ba13ad20 .functor BUFT 1, C4<00000000000000000000000000000011>, C4<0>, C4<0>, C4<0>;
v0x5566d5930560_0 .net/2s "vector_dim", 31 0, L_0x7f17ba13ad20;  1 drivers
E_0x5566d5930300 .event anyedge, v0x5566d5930480_0, v0x5566d5930560_0;
S_0x5566d59306d0 .scope generate, "scale_cols[10]" "scale_cols[10]" 4 75, 4 75 0, S_0x5566d592a980;
 .timescale 0 0;
P_0x5566d59308b0 .param/l "col_idx" 1 4 75, +C4<01010>;
S_0x5566d5930990 .scope module, "scale_score" "vector_scaling" 4 76, 7 1 0, S_0x5566d59306d0;
 .timescale 0 0;
    .port_info 0 /INPUT 32 "vector_dim";
    .port_info 1 /INPUT 16 "score";
    .port_info 2 /OUTPUT 16 "scaled_score";
v0x5566d5930c80_0 .var/s "scaled_score", 15 0;
v0x5566d5930d80_0 .net/s "score", 15 0, L_0x5566d59b0600;  alias, 1 drivers
L_0x7f17ba13ad68 .functor BUFT 1, C4<00000000000000000000000000000011>, C4<0>, C4<0>, C4<0>;
v0x5566d5930e60_0 .net/2s "vector_dim", 31 0, L_0x7f17ba13ad68;  1 drivers
E_0x5566d5930c00 .event anyedge, v0x5566d5930d80_0, v0x5566d5930e60_0;
S_0x5566d5930fd0 .scope generate, "scale_cols[11]" "scale_cols[11]" 4 75, 4 75 0, S_0x5566d592a980;
 .timescale 0 0;
P_0x5566d59311b0 .param/l "col_idx" 1 4 75, +C4<01011>;
S_0x5566d5931290 .scope module, "scale_score" "vector_scaling" 4 76, 7 1 0, S_0x5566d5930fd0;
 .timescale 0 0;
    .port_info 0 /INPUT 32 "vector_dim";
    .port_info 1 /INPUT 16 "score";
    .port_info 2 /OUTPUT 16 "scaled_score";
v0x5566d5931580_0 .var/s "scaled_score", 15 0;
v0x5566d5931680_0 .net/s "score", 15 0, L_0x5566d59b06c0;  alias, 1 drivers
L_0x7f17ba13adb0 .functor BUFT 1, C4<00000000000000000000000000000011>, C4<0>, C4<0>, C4<0>;
v0x5566d5931760_0 .net/2s "vector_dim", 31 0, L_0x7f17ba13adb0;  1 drivers
E_0x5566d5931500 .event anyedge, v0x5566d5931680_0, v0x5566d5931760_0;
S_0x5566d59318d0 .scope generate, "scale_cols[12]" "scale_cols[12]" 4 75, 4 75 0, S_0x5566d592a980;
 .timescale 0 0;
P_0x5566d5931ab0 .param/l "col_idx" 1 4 75, +C4<01100>;
S_0x5566d5931b90 .scope module, "scale_score" "vector_scaling" 4 76, 7 1 0, S_0x5566d59318d0;
 .timescale 0 0;
    .port_info 0 /INPUT 32 "vector_dim";
    .port_info 1 /INPUT 16 "score";
    .port_info 2 /OUTPUT 16 "scaled_score";
v0x5566d5931e80_0 .var/s "scaled_score", 15 0;
v0x5566d5931f80_0 .net/s "score", 15 0, L_0x5566d59b0780;  alias, 1 drivers
L_0x7f17ba13adf8 .functor BUFT 1, C4<00000000000000000000000000000011>, C4<0>, C4<0>, C4<0>;
v0x5566d5932060_0 .net/2s "vector_dim", 31 0, L_0x7f17ba13adf8;  1 drivers
E_0x5566d5931e00 .event anyedge, v0x5566d5931f80_0, v0x5566d5932060_0;
S_0x5566d59321d0 .scope generate, "scale_cols[13]" "scale_cols[13]" 4 75, 4 75 0, S_0x5566d592a980;
 .timescale 0 0;
P_0x5566d59323b0 .param/l "col_idx" 1 4 75, +C4<01101>;
S_0x5566d5932490 .scope module, "scale_score" "vector_scaling" 4 76, 7 1 0, S_0x5566d59321d0;
 .timescale 0 0;
    .port_info 0 /INPUT 32 "vector_dim";
    .port_info 1 /INPUT 16 "score";
    .port_info 2 /OUTPUT 16 "scaled_score";
v0x5566d5932780_0 .var/s "scaled_score", 15 0;
v0x5566d5932880_0 .net/s "score", 15 0, L_0x5566d59b0840;  alias, 1 drivers
L_0x7f17ba13ae40 .functor BUFT 1, C4<00000000000000000000000000000011>, C4<0>, C4<0>, C4<0>;
v0x5566d5932960_0 .net/2s "vector_dim", 31 0, L_0x7f17ba13ae40;  1 drivers
E_0x5566d5932700 .event anyedge, v0x5566d5932880_0, v0x5566d5932960_0;
S_0x5566d5932ad0 .scope generate, "scale_cols[14]" "scale_cols[14]" 4 75, 4 75 0, S_0x5566d592a980;
 .timescale 0 0;
P_0x5566d5932cb0 .param/l "col_idx" 1 4 75, +C4<01110>;
S_0x5566d5932d90 .scope module, "scale_score" "vector_scaling" 4 76, 7 1 0, S_0x5566d5932ad0;
 .timescale 0 0;
    .port_info 0 /INPUT 32 "vector_dim";
    .port_info 1 /INPUT 16 "score";
    .port_info 2 /OUTPUT 16 "scaled_score";
v0x5566d5933080_0 .var/s "scaled_score", 15 0;
v0x5566d5933180_0 .net/s "score", 15 0, L_0x5566d59b0900;  alias, 1 drivers
L_0x7f17ba13ae88 .functor BUFT 1, C4<00000000000000000000000000000011>, C4<0>, C4<0>, C4<0>;
v0x5566d5933260_0 .net/2s "vector_dim", 31 0, L_0x7f17ba13ae88;  1 drivers
E_0x5566d5933000 .event anyedge, v0x5566d5933180_0, v0x5566d5933260_0;
S_0x5566d59333d0 .scope generate, "scale_cols[15]" "scale_cols[15]" 4 75, 4 75 0, S_0x5566d592a980;
 .timescale 0 0;
P_0x5566d59335b0 .param/l "col_idx" 1 4 75, +C4<01111>;
S_0x5566d5933690 .scope module, "scale_score" "vector_scaling" 4 76, 7 1 0, S_0x5566d59333d0;
 .timescale 0 0;
    .port_info 0 /INPUT 32 "vector_dim";
    .port_info 1 /INPUT 16 "score";
    .port_info 2 /OUTPUT 16 "scaled_score";
v0x5566d5933980_0 .var/s "scaled_score", 15 0;
v0x5566d5933a80_0 .net/s "score", 15 0, L_0x5566d59b09c0;  alias, 1 drivers
L_0x7f17ba13aed0 .functor BUFT 1, C4<00000000000000000000000000000011>, C4<0>, C4<0>, C4<0>;
v0x5566d5933b60_0 .net/2s "vector_dim", 31 0, L_0x7f17ba13aed0;  1 drivers
E_0x5566d5933900 .event anyedge, v0x5566d5933a80_0, v0x5566d5933b60_0;
S_0x5566d5933cd0 .scope generate, "scale_rows[14]" "scale_rows[14]" 4 74, 4 74 0, S_0x5566d573d2e0;
 .timescale 0 0;
P_0x5566d5933eb0 .param/l "row_idx" 1 4 74, +C4<01110>;
S_0x5566d5933f90 .scope generate, "scale_cols[0]" "scale_cols[0]" 4 75, 4 75 0, S_0x5566d5933cd0;
 .timescale 0 0;
P_0x5566d5934190 .param/l "col_idx" 1 4 75, +C4<00>;
S_0x5566d5934270 .scope module, "scale_score" "vector_scaling" 4 76, 7 1 0, S_0x5566d5933f90;
 .timescale 0 0;
    .port_info 0 /INPUT 32 "vector_dim";
    .port_info 1 /INPUT 16 "score";
    .port_info 2 /OUTPUT 16 "scaled_score";
v0x5566d5934560_0 .var/s "scaled_score", 15 0;
v0x5566d5934660_0 .net/s "score", 15 0, L_0x5566d59b0a80;  alias, 1 drivers
L_0x7f17ba13af18 .functor BUFT 1, C4<00000000000000000000000000000011>, C4<0>, C4<0>, C4<0>;
v0x5566d5934740_0 .net/2s "vector_dim", 31 0, L_0x7f17ba13af18;  1 drivers
E_0x5566d59344e0 .event anyedge, v0x5566d5934660_0, v0x5566d5934740_0;
S_0x5566d59348b0 .scope generate, "scale_cols[1]" "scale_cols[1]" 4 75, 4 75 0, S_0x5566d5933cd0;
 .timescale 0 0;
P_0x5566d5934ab0 .param/l "col_idx" 1 4 75, +C4<01>;
S_0x5566d5934b70 .scope module, "scale_score" "vector_scaling" 4 76, 7 1 0, S_0x5566d59348b0;
 .timescale 0 0;
    .port_info 0 /INPUT 32 "vector_dim";
    .port_info 1 /INPUT 16 "score";
    .port_info 2 /OUTPUT 16 "scaled_score";
v0x5566d5934e60_0 .var/s "scaled_score", 15 0;
v0x5566d5934f60_0 .net/s "score", 15 0, L_0x5566d59b0b40;  alias, 1 drivers
L_0x7f17ba13af60 .functor BUFT 1, C4<00000000000000000000000000000011>, C4<0>, C4<0>, C4<0>;
v0x5566d5935040_0 .net/2s "vector_dim", 31 0, L_0x7f17ba13af60;  1 drivers
E_0x5566d5934de0 .event anyedge, v0x5566d5934f60_0, v0x5566d5935040_0;
S_0x5566d59351b0 .scope generate, "scale_cols[2]" "scale_cols[2]" 4 75, 4 75 0, S_0x5566d5933cd0;
 .timescale 0 0;
P_0x5566d59353c0 .param/l "col_idx" 1 4 75, +C4<010>;
S_0x5566d5935480 .scope module, "scale_score" "vector_scaling" 4 76, 7 1 0, S_0x5566d59351b0;
 .timescale 0 0;
    .port_info 0 /INPUT 32 "vector_dim";
    .port_info 1 /INPUT 16 "score";
    .port_info 2 /OUTPUT 16 "scaled_score";
v0x5566d5935770_0 .var/s "scaled_score", 15 0;
v0x5566d5935870_0 .net/s "score", 15 0, L_0x5566d59b0c00;  alias, 1 drivers
L_0x7f17ba13afa8 .functor BUFT 1, C4<00000000000000000000000000000011>, C4<0>, C4<0>, C4<0>;
v0x5566d5935950_0 .net/2s "vector_dim", 31 0, L_0x7f17ba13afa8;  1 drivers
E_0x5566d59356f0 .event anyedge, v0x5566d5935870_0, v0x5566d5935950_0;
S_0x5566d5935ac0 .scope generate, "scale_cols[3]" "scale_cols[3]" 4 75, 4 75 0, S_0x5566d5933cd0;
 .timescale 0 0;
P_0x5566d5935ca0 .param/l "col_idx" 1 4 75, +C4<011>;
S_0x5566d5935d80 .scope module, "scale_score" "vector_scaling" 4 76, 7 1 0, S_0x5566d5935ac0;
 .timescale 0 0;
    .port_info 0 /INPUT 32 "vector_dim";
    .port_info 1 /INPUT 16 "score";
    .port_info 2 /OUTPUT 16 "scaled_score";
v0x5566d5936070_0 .var/s "scaled_score", 15 0;
v0x5566d5936170_0 .net/s "score", 15 0, L_0x5566d59b0cc0;  alias, 1 drivers
L_0x7f17ba13aff0 .functor BUFT 1, C4<00000000000000000000000000000011>, C4<0>, C4<0>, C4<0>;
v0x5566d5936250_0 .net/2s "vector_dim", 31 0, L_0x7f17ba13aff0;  1 drivers
E_0x5566d5935ff0 .event anyedge, v0x5566d5936170_0, v0x5566d5936250_0;
S_0x5566d59363c0 .scope generate, "scale_cols[4]" "scale_cols[4]" 4 75, 4 75 0, S_0x5566d5933cd0;
 .timescale 0 0;
P_0x5566d59365f0 .param/l "col_idx" 1 4 75, +C4<0100>;
S_0x5566d59366d0 .scope module, "scale_score" "vector_scaling" 4 76, 7 1 0, S_0x5566d59363c0;
 .timescale 0 0;
    .port_info 0 /INPUT 32 "vector_dim";
    .port_info 1 /INPUT 16 "score";
    .port_info 2 /OUTPUT 16 "scaled_score";
v0x5566d59369c0_0 .var/s "scaled_score", 15 0;
v0x5566d5936ac0_0 .net/s "score", 15 0, L_0x5566d59b0d80;  alias, 1 drivers
L_0x7f17ba13b038 .functor BUFT 1, C4<00000000000000000000000000000011>, C4<0>, C4<0>, C4<0>;
v0x5566d5936ba0_0 .net/2s "vector_dim", 31 0, L_0x7f17ba13b038;  1 drivers
E_0x5566d5936940 .event anyedge, v0x5566d5936ac0_0, v0x5566d5936ba0_0;
S_0x5566d5936ce0 .scope generate, "scale_cols[5]" "scale_cols[5]" 4 75, 4 75 0, S_0x5566d5933cd0;
 .timescale 0 0;
P_0x5566d5936ec0 .param/l "col_idx" 1 4 75, +C4<0101>;
S_0x5566d5936fa0 .scope module, "scale_score" "vector_scaling" 4 76, 7 1 0, S_0x5566d5936ce0;
 .timescale 0 0;
    .port_info 0 /INPUT 32 "vector_dim";
    .port_info 1 /INPUT 16 "score";
    .port_info 2 /OUTPUT 16 "scaled_score";
v0x5566d5937290_0 .var/s "scaled_score", 15 0;
v0x5566d5937390_0 .net/s "score", 15 0, L_0x5566d59b0e40;  alias, 1 drivers
L_0x7f17ba13b080 .functor BUFT 1, C4<00000000000000000000000000000011>, C4<0>, C4<0>, C4<0>;
v0x5566d5937470_0 .net/2s "vector_dim", 31 0, L_0x7f17ba13b080;  1 drivers
E_0x5566d5937210 .event anyedge, v0x5566d5937390_0, v0x5566d5937470_0;
S_0x5566d59375e0 .scope generate, "scale_cols[6]" "scale_cols[6]" 4 75, 4 75 0, S_0x5566d5933cd0;
 .timescale 0 0;
P_0x5566d59377c0 .param/l "col_idx" 1 4 75, +C4<0110>;
S_0x5566d59378a0 .scope module, "scale_score" "vector_scaling" 4 76, 7 1 0, S_0x5566d59375e0;
 .timescale 0 0;
    .port_info 0 /INPUT 32 "vector_dim";
    .port_info 1 /INPUT 16 "score";
    .port_info 2 /OUTPUT 16 "scaled_score";
v0x5566d5937b90_0 .var/s "scaled_score", 15 0;
v0x5566d5937c90_0 .net/s "score", 15 0, L_0x5566d59b0f00;  alias, 1 drivers
L_0x7f17ba13b0c8 .functor BUFT 1, C4<00000000000000000000000000000011>, C4<0>, C4<0>, C4<0>;
v0x5566d5937d70_0 .net/2s "vector_dim", 31 0, L_0x7f17ba13b0c8;  1 drivers
E_0x5566d5937b10 .event anyedge, v0x5566d5937c90_0, v0x5566d5937d70_0;
S_0x5566d5937ee0 .scope generate, "scale_cols[7]" "scale_cols[7]" 4 75, 4 75 0, S_0x5566d5933cd0;
 .timescale 0 0;
P_0x5566d59380c0 .param/l "col_idx" 1 4 75, +C4<0111>;
S_0x5566d59381a0 .scope module, "scale_score" "vector_scaling" 4 76, 7 1 0, S_0x5566d5937ee0;
 .timescale 0 0;
    .port_info 0 /INPUT 32 "vector_dim";
    .port_info 1 /INPUT 16 "score";
    .port_info 2 /OUTPUT 16 "scaled_score";
v0x5566d5938490_0 .var/s "scaled_score", 15 0;
v0x5566d5938590_0 .net/s "score", 15 0, L_0x5566d59b0fc0;  alias, 1 drivers
L_0x7f17ba13b110 .functor BUFT 1, C4<00000000000000000000000000000011>, C4<0>, C4<0>, C4<0>;
v0x5566d5938670_0 .net/2s "vector_dim", 31 0, L_0x7f17ba13b110;  1 drivers
E_0x5566d5938410 .event anyedge, v0x5566d5938590_0, v0x5566d5938670_0;
S_0x5566d59387e0 .scope generate, "scale_cols[8]" "scale_cols[8]" 4 75, 4 75 0, S_0x5566d5933cd0;
 .timescale 0 0;
P_0x5566d59365a0 .param/l "col_idx" 1 4 75, +C4<01000>;
S_0x5566d5938ae0 .scope module, "scale_score" "vector_scaling" 4 76, 7 1 0, S_0x5566d59387e0;
 .timescale 0 0;
    .port_info 0 /INPUT 32 "vector_dim";
    .port_info 1 /INPUT 16 "score";
    .port_info 2 /OUTPUT 16 "scaled_score";
v0x5566d5938dd0_0 .var/s "scaled_score", 15 0;
v0x5566d5938ed0_0 .net/s "score", 15 0, L_0x5566d59b1080;  alias, 1 drivers
L_0x7f17ba13b158 .functor BUFT 1, C4<00000000000000000000000000000011>, C4<0>, C4<0>, C4<0>;
v0x5566d5938fb0_0 .net/2s "vector_dim", 31 0, L_0x7f17ba13b158;  1 drivers
E_0x5566d5938d50 .event anyedge, v0x5566d5938ed0_0, v0x5566d5938fb0_0;
S_0x5566d5939120 .scope generate, "scale_cols[9]" "scale_cols[9]" 4 75, 4 75 0, S_0x5566d5933cd0;
 .timescale 0 0;
P_0x5566d5939300 .param/l "col_idx" 1 4 75, +C4<01001>;
S_0x5566d59393e0 .scope module, "scale_score" "vector_scaling" 4 76, 7 1 0, S_0x5566d5939120;
 .timescale 0 0;
    .port_info 0 /INPUT 32 "vector_dim";
    .port_info 1 /INPUT 16 "score";
    .port_info 2 /OUTPUT 16 "scaled_score";
v0x5566d59396d0_0 .var/s "scaled_score", 15 0;
v0x5566d59397d0_0 .net/s "score", 15 0, L_0x5566d59b1140;  alias, 1 drivers
L_0x7f17ba13b1a0 .functor BUFT 1, C4<00000000000000000000000000000011>, C4<0>, C4<0>, C4<0>;
v0x5566d59398b0_0 .net/2s "vector_dim", 31 0, L_0x7f17ba13b1a0;  1 drivers
E_0x5566d5939650 .event anyedge, v0x5566d59397d0_0, v0x5566d59398b0_0;
S_0x5566d5939a20 .scope generate, "scale_cols[10]" "scale_cols[10]" 4 75, 4 75 0, S_0x5566d5933cd0;
 .timescale 0 0;
P_0x5566d5939c00 .param/l "col_idx" 1 4 75, +C4<01010>;
S_0x5566d5939ce0 .scope module, "scale_score" "vector_scaling" 4 76, 7 1 0, S_0x5566d5939a20;
 .timescale 0 0;
    .port_info 0 /INPUT 32 "vector_dim";
    .port_info 1 /INPUT 16 "score";
    .port_info 2 /OUTPUT 16 "scaled_score";
v0x5566d5939fd0_0 .var/s "scaled_score", 15 0;
v0x5566d593a0d0_0 .net/s "score", 15 0, L_0x5566d59b1200;  alias, 1 drivers
L_0x7f17ba13b1e8 .functor BUFT 1, C4<00000000000000000000000000000011>, C4<0>, C4<0>, C4<0>;
v0x5566d593a1b0_0 .net/2s "vector_dim", 31 0, L_0x7f17ba13b1e8;  1 drivers
E_0x5566d5939f50 .event anyedge, v0x5566d593a0d0_0, v0x5566d593a1b0_0;
S_0x5566d593a320 .scope generate, "scale_cols[11]" "scale_cols[11]" 4 75, 4 75 0, S_0x5566d5933cd0;
 .timescale 0 0;
P_0x5566d593a500 .param/l "col_idx" 1 4 75, +C4<01011>;
S_0x5566d593a5e0 .scope module, "scale_score" "vector_scaling" 4 76, 7 1 0, S_0x5566d593a320;
 .timescale 0 0;
    .port_info 0 /INPUT 32 "vector_dim";
    .port_info 1 /INPUT 16 "score";
    .port_info 2 /OUTPUT 16 "scaled_score";
v0x5566d593a8d0_0 .var/s "scaled_score", 15 0;
v0x5566d593a9d0_0 .net/s "score", 15 0, L_0x5566d59b12c0;  alias, 1 drivers
L_0x7f17ba13b230 .functor BUFT 1, C4<00000000000000000000000000000011>, C4<0>, C4<0>, C4<0>;
v0x5566d593aab0_0 .net/2s "vector_dim", 31 0, L_0x7f17ba13b230;  1 drivers
E_0x5566d593a850 .event anyedge, v0x5566d593a9d0_0, v0x5566d593aab0_0;
S_0x5566d593ac20 .scope generate, "scale_cols[12]" "scale_cols[12]" 4 75, 4 75 0, S_0x5566d5933cd0;
 .timescale 0 0;
P_0x5566d593ae00 .param/l "col_idx" 1 4 75, +C4<01100>;
S_0x5566d593aee0 .scope module, "scale_score" "vector_scaling" 4 76, 7 1 0, S_0x5566d593ac20;
 .timescale 0 0;
    .port_info 0 /INPUT 32 "vector_dim";
    .port_info 1 /INPUT 16 "score";
    .port_info 2 /OUTPUT 16 "scaled_score";
v0x5566d593b1d0_0 .var/s "scaled_score", 15 0;
v0x5566d593b2d0_0 .net/s "score", 15 0, L_0x5566d59b1380;  alias, 1 drivers
L_0x7f17ba13b278 .functor BUFT 1, C4<00000000000000000000000000000011>, C4<0>, C4<0>, C4<0>;
v0x5566d593b3b0_0 .net/2s "vector_dim", 31 0, L_0x7f17ba13b278;  1 drivers
E_0x5566d593b150 .event anyedge, v0x5566d593b2d0_0, v0x5566d593b3b0_0;
S_0x5566d593b520 .scope generate, "scale_cols[13]" "scale_cols[13]" 4 75, 4 75 0, S_0x5566d5933cd0;
 .timescale 0 0;
P_0x5566d593b700 .param/l "col_idx" 1 4 75, +C4<01101>;
S_0x5566d593b7e0 .scope module, "scale_score" "vector_scaling" 4 76, 7 1 0, S_0x5566d593b520;
 .timescale 0 0;
    .port_info 0 /INPUT 32 "vector_dim";
    .port_info 1 /INPUT 16 "score";
    .port_info 2 /OUTPUT 16 "scaled_score";
v0x5566d593bad0_0 .var/s "scaled_score", 15 0;
v0x5566d593bbd0_0 .net/s "score", 15 0, L_0x5566d59b1540;  alias, 1 drivers
L_0x7f17ba13b2c0 .functor BUFT 1, C4<00000000000000000000000000000011>, C4<0>, C4<0>, C4<0>;
v0x5566d593bcb0_0 .net/2s "vector_dim", 31 0, L_0x7f17ba13b2c0;  1 drivers
E_0x5566d593ba50 .event anyedge, v0x5566d593bbd0_0, v0x5566d593bcb0_0;
S_0x5566d593be20 .scope generate, "scale_cols[14]" "scale_cols[14]" 4 75, 4 75 0, S_0x5566d5933cd0;
 .timescale 0 0;
P_0x5566d593c000 .param/l "col_idx" 1 4 75, +C4<01110>;
S_0x5566d593c0e0 .scope module, "scale_score" "vector_scaling" 4 76, 7 1 0, S_0x5566d593be20;
 .timescale 0 0;
    .port_info 0 /INPUT 32 "vector_dim";
    .port_info 1 /INPUT 16 "score";
    .port_info 2 /OUTPUT 16 "scaled_score";
v0x5566d593c3d0_0 .var/s "scaled_score", 15 0;
v0x5566d593c4d0_0 .net/s "score", 15 0, L_0x5566d59b1600;  alias, 1 drivers
L_0x7f17ba13b308 .functor BUFT 1, C4<00000000000000000000000000000011>, C4<0>, C4<0>, C4<0>;
v0x5566d593c5b0_0 .net/2s "vector_dim", 31 0, L_0x7f17ba13b308;  1 drivers
E_0x5566d593c350 .event anyedge, v0x5566d593c4d0_0, v0x5566d593c5b0_0;
S_0x5566d593c720 .scope generate, "scale_cols[15]" "scale_cols[15]" 4 75, 4 75 0, S_0x5566d5933cd0;
 .timescale 0 0;
P_0x5566d593c900 .param/l "col_idx" 1 4 75, +C4<01111>;
S_0x5566d593c9e0 .scope module, "scale_score" "vector_scaling" 4 76, 7 1 0, S_0x5566d593c720;
 .timescale 0 0;
    .port_info 0 /INPUT 32 "vector_dim";
    .port_info 1 /INPUT 16 "score";
    .port_info 2 /OUTPUT 16 "scaled_score";
v0x5566d593ccd0_0 .var/s "scaled_score", 15 0;
v0x5566d593cdd0_0 .net/s "score", 15 0, L_0x5566d59b16c0;  alias, 1 drivers
L_0x7f17ba13b350 .functor BUFT 1, C4<00000000000000000000000000000011>, C4<0>, C4<0>, C4<0>;
v0x5566d593ceb0_0 .net/2s "vector_dim", 31 0, L_0x7f17ba13b350;  1 drivers
E_0x5566d593cc50 .event anyedge, v0x5566d593cdd0_0, v0x5566d593ceb0_0;
S_0x5566d593d020 .scope generate, "scale_rows[15]" "scale_rows[15]" 4 74, 4 74 0, S_0x5566d573d2e0;
 .timescale 0 0;
P_0x5566d593d200 .param/l "row_idx" 1 4 74, +C4<01111>;
S_0x5566d593d2e0 .scope generate, "scale_cols[0]" "scale_cols[0]" 4 75, 4 75 0, S_0x5566d593d020;
 .timescale 0 0;
P_0x5566d593d4e0 .param/l "col_idx" 1 4 75, +C4<00>;
S_0x5566d593d5c0 .scope module, "scale_score" "vector_scaling" 4 76, 7 1 0, S_0x5566d593d2e0;
 .timescale 0 0;
    .port_info 0 /INPUT 32 "vector_dim";
    .port_info 1 /INPUT 16 "score";
    .port_info 2 /OUTPUT 16 "scaled_score";
v0x5566d593d8b0_0 .var/s "scaled_score", 15 0;
v0x5566d593d9b0_0 .net/s "score", 15 0, L_0x5566d59b1780;  alias, 1 drivers
L_0x7f17ba13b398 .functor BUFT 1, C4<00000000000000000000000000000011>, C4<0>, C4<0>, C4<0>;
v0x5566d593da90_0 .net/2s "vector_dim", 31 0, L_0x7f17ba13b398;  1 drivers
E_0x5566d593d830 .event anyedge, v0x5566d593d9b0_0, v0x5566d593da90_0;
S_0x5566d593dc00 .scope generate, "scale_cols[1]" "scale_cols[1]" 4 75, 4 75 0, S_0x5566d593d020;
 .timescale 0 0;
P_0x5566d593de00 .param/l "col_idx" 1 4 75, +C4<01>;
S_0x5566d593dec0 .scope module, "scale_score" "vector_scaling" 4 76, 7 1 0, S_0x5566d593dc00;
 .timescale 0 0;
    .port_info 0 /INPUT 32 "vector_dim";
    .port_info 1 /INPUT 16 "score";
    .port_info 2 /OUTPUT 16 "scaled_score";
v0x5566d593e1b0_0 .var/s "scaled_score", 15 0;
v0x5566d593e2b0_0 .net/s "score", 15 0, L_0x5566d59b1840;  alias, 1 drivers
L_0x7f17ba13b3e0 .functor BUFT 1, C4<00000000000000000000000000000011>, C4<0>, C4<0>, C4<0>;
v0x5566d593e390_0 .net/2s "vector_dim", 31 0, L_0x7f17ba13b3e0;  1 drivers
E_0x5566d593e130 .event anyedge, v0x5566d593e2b0_0, v0x5566d593e390_0;
S_0x5566d593e500 .scope generate, "scale_cols[2]" "scale_cols[2]" 4 75, 4 75 0, S_0x5566d593d020;
 .timescale 0 0;
P_0x5566d593e710 .param/l "col_idx" 1 4 75, +C4<010>;
S_0x5566d593e7d0 .scope module, "scale_score" "vector_scaling" 4 76, 7 1 0, S_0x5566d593e500;
 .timescale 0 0;
    .port_info 0 /INPUT 32 "vector_dim";
    .port_info 1 /INPUT 16 "score";
    .port_info 2 /OUTPUT 16 "scaled_score";
v0x5566d593eac0_0 .var/s "scaled_score", 15 0;
v0x5566d593ebc0_0 .net/s "score", 15 0, L_0x5566d59b1900;  alias, 1 drivers
L_0x7f17ba13b428 .functor BUFT 1, C4<00000000000000000000000000000011>, C4<0>, C4<0>, C4<0>;
v0x5566d593eca0_0 .net/2s "vector_dim", 31 0, L_0x7f17ba13b428;  1 drivers
E_0x5566d593ea40 .event anyedge, v0x5566d593ebc0_0, v0x5566d593eca0_0;
S_0x5566d593ee10 .scope generate, "scale_cols[3]" "scale_cols[3]" 4 75, 4 75 0, S_0x5566d593d020;
 .timescale 0 0;
P_0x5566d593eff0 .param/l "col_idx" 1 4 75, +C4<011>;
S_0x5566d593f0d0 .scope module, "scale_score" "vector_scaling" 4 76, 7 1 0, S_0x5566d593ee10;
 .timescale 0 0;
    .port_info 0 /INPUT 32 "vector_dim";
    .port_info 1 /INPUT 16 "score";
    .port_info 2 /OUTPUT 16 "scaled_score";
v0x5566d593f3c0_0 .var/s "scaled_score", 15 0;
v0x5566d593f4c0_0 .net/s "score", 15 0, L_0x5566d59b19c0;  alias, 1 drivers
L_0x7f17ba13b470 .functor BUFT 1, C4<00000000000000000000000000000011>, C4<0>, C4<0>, C4<0>;
v0x5566d593f5a0_0 .net/2s "vector_dim", 31 0, L_0x7f17ba13b470;  1 drivers
E_0x5566d593f340 .event anyedge, v0x5566d593f4c0_0, v0x5566d593f5a0_0;
S_0x5566d593f710 .scope generate, "scale_cols[4]" "scale_cols[4]" 4 75, 4 75 0, S_0x5566d593d020;
 .timescale 0 0;
P_0x5566d593f940 .param/l "col_idx" 1 4 75, +C4<0100>;
S_0x5566d593fa20 .scope module, "scale_score" "vector_scaling" 4 76, 7 1 0, S_0x5566d593f710;
 .timescale 0 0;
    .port_info 0 /INPUT 32 "vector_dim";
    .port_info 1 /INPUT 16 "score";
    .port_info 2 /OUTPUT 16 "scaled_score";
v0x5566d593fd10_0 .var/s "scaled_score", 15 0;
v0x5566d593fe10_0 .net/s "score", 15 0, L_0x5566d59b1a80;  alias, 1 drivers
L_0x7f17ba13b4b8 .functor BUFT 1, C4<00000000000000000000000000000011>, C4<0>, C4<0>, C4<0>;
v0x5566d593fef0_0 .net/2s "vector_dim", 31 0, L_0x7f17ba13b4b8;  1 drivers
E_0x5566d593fc90 .event anyedge, v0x5566d593fe10_0, v0x5566d593fef0_0;
S_0x5566d5940030 .scope generate, "scale_cols[5]" "scale_cols[5]" 4 75, 4 75 0, S_0x5566d593d020;
 .timescale 0 0;
P_0x5566d5940210 .param/l "col_idx" 1 4 75, +C4<0101>;
S_0x5566d59402f0 .scope module, "scale_score" "vector_scaling" 4 76, 7 1 0, S_0x5566d5940030;
 .timescale 0 0;
    .port_info 0 /INPUT 32 "vector_dim";
    .port_info 1 /INPUT 16 "score";
    .port_info 2 /OUTPUT 16 "scaled_score";
v0x5566d59405e0_0 .var/s "scaled_score", 15 0;
v0x5566d59406e0_0 .net/s "score", 15 0, L_0x5566d59b1b40;  alias, 1 drivers
L_0x7f17ba13b500 .functor BUFT 1, C4<00000000000000000000000000000011>, C4<0>, C4<0>, C4<0>;
v0x5566d59407c0_0 .net/2s "vector_dim", 31 0, L_0x7f17ba13b500;  1 drivers
E_0x5566d5940560 .event anyedge, v0x5566d59406e0_0, v0x5566d59407c0_0;
S_0x5566d5940930 .scope generate, "scale_cols[6]" "scale_cols[6]" 4 75, 4 75 0, S_0x5566d593d020;
 .timescale 0 0;
P_0x5566d5940b10 .param/l "col_idx" 1 4 75, +C4<0110>;
S_0x5566d5940bf0 .scope module, "scale_score" "vector_scaling" 4 76, 7 1 0, S_0x5566d5940930;
 .timescale 0 0;
    .port_info 0 /INPUT 32 "vector_dim";
    .port_info 1 /INPUT 16 "score";
    .port_info 2 /OUTPUT 16 "scaled_score";
v0x5566d5940ee0_0 .var/s "scaled_score", 15 0;
v0x5566d5940fe0_0 .net/s "score", 15 0, L_0x5566d59b1c00;  alias, 1 drivers
L_0x7f17ba13b548 .functor BUFT 1, C4<00000000000000000000000000000011>, C4<0>, C4<0>, C4<0>;
v0x5566d59410c0_0 .net/2s "vector_dim", 31 0, L_0x7f17ba13b548;  1 drivers
E_0x5566d5940e60 .event anyedge, v0x5566d5940fe0_0, v0x5566d59410c0_0;
S_0x5566d5941230 .scope generate, "scale_cols[7]" "scale_cols[7]" 4 75, 4 75 0, S_0x5566d593d020;
 .timescale 0 0;
P_0x5566d5941410 .param/l "col_idx" 1 4 75, +C4<0111>;
S_0x5566d59414f0 .scope module, "scale_score" "vector_scaling" 4 76, 7 1 0, S_0x5566d5941230;
 .timescale 0 0;
    .port_info 0 /INPUT 32 "vector_dim";
    .port_info 1 /INPUT 16 "score";
    .port_info 2 /OUTPUT 16 "scaled_score";
v0x5566d59417e0_0 .var/s "scaled_score", 15 0;
v0x5566d59418e0_0 .net/s "score", 15 0, L_0x5566d59b1cc0;  alias, 1 drivers
L_0x7f17ba13b590 .functor BUFT 1, C4<00000000000000000000000000000011>, C4<0>, C4<0>, C4<0>;
v0x5566d59419c0_0 .net/2s "vector_dim", 31 0, L_0x7f17ba13b590;  1 drivers
E_0x5566d5941760 .event anyedge, v0x5566d59418e0_0, v0x5566d59419c0_0;
S_0x5566d5941b30 .scope generate, "scale_cols[8]" "scale_cols[8]" 4 75, 4 75 0, S_0x5566d593d020;
 .timescale 0 0;
P_0x5566d593f8f0 .param/l "col_idx" 1 4 75, +C4<01000>;
S_0x5566d5941e30 .scope module, "scale_score" "vector_scaling" 4 76, 7 1 0, S_0x5566d5941b30;
 .timescale 0 0;
    .port_info 0 /INPUT 32 "vector_dim";
    .port_info 1 /INPUT 16 "score";
    .port_info 2 /OUTPUT 16 "scaled_score";
v0x5566d5942120_0 .var/s "scaled_score", 15 0;
v0x5566d5942220_0 .net/s "score", 15 0, L_0x5566d59b1d80;  alias, 1 drivers
L_0x7f17ba13b5d8 .functor BUFT 1, C4<00000000000000000000000000000011>, C4<0>, C4<0>, C4<0>;
v0x5566d5942300_0 .net/2s "vector_dim", 31 0, L_0x7f17ba13b5d8;  1 drivers
E_0x5566d59420a0 .event anyedge, v0x5566d5942220_0, v0x5566d5942300_0;
S_0x5566d5942470 .scope generate, "scale_cols[9]" "scale_cols[9]" 4 75, 4 75 0, S_0x5566d593d020;
 .timescale 0 0;
P_0x5566d5942650 .param/l "col_idx" 1 4 75, +C4<01001>;
S_0x5566d5942730 .scope module, "scale_score" "vector_scaling" 4 76, 7 1 0, S_0x5566d5942470;
 .timescale 0 0;
    .port_info 0 /INPUT 32 "vector_dim";
    .port_info 1 /INPUT 16 "score";
    .port_info 2 /OUTPUT 16 "scaled_score";
v0x5566d5942a20_0 .var/s "scaled_score", 15 0;
v0x5566d5942b20_0 .net/s "score", 15 0, L_0x5566d59b1e40;  alias, 1 drivers
L_0x7f17ba13b620 .functor BUFT 1, C4<00000000000000000000000000000011>, C4<0>, C4<0>, C4<0>;
v0x5566d5942c00_0 .net/2s "vector_dim", 31 0, L_0x7f17ba13b620;  1 drivers
E_0x5566d59429a0 .event anyedge, v0x5566d5942b20_0, v0x5566d5942c00_0;
S_0x5566d5942d70 .scope generate, "scale_cols[10]" "scale_cols[10]" 4 75, 4 75 0, S_0x5566d593d020;
 .timescale 0 0;
P_0x5566d5942f50 .param/l "col_idx" 1 4 75, +C4<01010>;
S_0x5566d5943030 .scope module, "scale_score" "vector_scaling" 4 76, 7 1 0, S_0x5566d5942d70;
 .timescale 0 0;
    .port_info 0 /INPUT 32 "vector_dim";
    .port_info 1 /INPUT 16 "score";
    .port_info 2 /OUTPUT 16 "scaled_score";
v0x5566d5943320_0 .var/s "scaled_score", 15 0;
v0x5566d5943420_0 .net/s "score", 15 0, L_0x5566d59b1f00;  alias, 1 drivers
L_0x7f17ba13b668 .functor BUFT 1, C4<00000000000000000000000000000011>, C4<0>, C4<0>, C4<0>;
v0x5566d5943500_0 .net/2s "vector_dim", 31 0, L_0x7f17ba13b668;  1 drivers
E_0x5566d59432a0 .event anyedge, v0x5566d5943420_0, v0x5566d5943500_0;
S_0x5566d5943670 .scope generate, "scale_cols[11]" "scale_cols[11]" 4 75, 4 75 0, S_0x5566d593d020;
 .timescale 0 0;
P_0x5566d5943850 .param/l "col_idx" 1 4 75, +C4<01011>;
S_0x5566d5943930 .scope module, "scale_score" "vector_scaling" 4 76, 7 1 0, S_0x5566d5943670;
 .timescale 0 0;
    .port_info 0 /INPUT 32 "vector_dim";
    .port_info 1 /INPUT 16 "score";
    .port_info 2 /OUTPUT 16 "scaled_score";
v0x5566d5943c20_0 .var/s "scaled_score", 15 0;
v0x5566d5943d20_0 .net/s "score", 15 0, L_0x5566d59b1fc0;  alias, 1 drivers
L_0x7f17ba13b6b0 .functor BUFT 1, C4<00000000000000000000000000000011>, C4<0>, C4<0>, C4<0>;
v0x5566d5943e00_0 .net/2s "vector_dim", 31 0, L_0x7f17ba13b6b0;  1 drivers
E_0x5566d5943ba0 .event anyedge, v0x5566d5943d20_0, v0x5566d5943e00_0;
S_0x5566d5943f70 .scope generate, "scale_cols[12]" "scale_cols[12]" 4 75, 4 75 0, S_0x5566d593d020;
 .timescale 0 0;
P_0x5566d5944150 .param/l "col_idx" 1 4 75, +C4<01100>;
S_0x5566d5944230 .scope module, "scale_score" "vector_scaling" 4 76, 7 1 0, S_0x5566d5943f70;
 .timescale 0 0;
    .port_info 0 /INPUT 32 "vector_dim";
    .port_info 1 /INPUT 16 "score";
    .port_info 2 /OUTPUT 16 "scaled_score";
v0x5566d5944520_0 .var/s "scaled_score", 15 0;
v0x5566d5944620_0 .net/s "score", 15 0, L_0x5566d59b2080;  alias, 1 drivers
L_0x7f17ba13b6f8 .functor BUFT 1, C4<00000000000000000000000000000011>, C4<0>, C4<0>, C4<0>;
v0x5566d5944700_0 .net/2s "vector_dim", 31 0, L_0x7f17ba13b6f8;  1 drivers
E_0x5566d59444a0 .event anyedge, v0x5566d5944620_0, v0x5566d5944700_0;
S_0x5566d5944870 .scope generate, "scale_cols[13]" "scale_cols[13]" 4 75, 4 75 0, S_0x5566d593d020;
 .timescale 0 0;
P_0x5566d5944a50 .param/l "col_idx" 1 4 75, +C4<01101>;
S_0x5566d5944b30 .scope module, "scale_score" "vector_scaling" 4 76, 7 1 0, S_0x5566d5944870;
 .timescale 0 0;
    .port_info 0 /INPUT 32 "vector_dim";
    .port_info 1 /INPUT 16 "score";
    .port_info 2 /OUTPUT 16 "scaled_score";
v0x5566d5944e20_0 .var/s "scaled_score", 15 0;
v0x5566d5944f20_0 .net/s "score", 15 0, L_0x5566d59b2140;  alias, 1 drivers
L_0x7f17ba13b740 .functor BUFT 1, C4<00000000000000000000000000000011>, C4<0>, C4<0>, C4<0>;
v0x5566d5945000_0 .net/2s "vector_dim", 31 0, L_0x7f17ba13b740;  1 drivers
E_0x5566d5944da0 .event anyedge, v0x5566d5944f20_0, v0x5566d5945000_0;
S_0x5566d5945170 .scope generate, "scale_cols[14]" "scale_cols[14]" 4 75, 4 75 0, S_0x5566d593d020;
 .timescale 0 0;
P_0x5566d5945350 .param/l "col_idx" 1 4 75, +C4<01110>;
S_0x5566d5945430 .scope module, "scale_score" "vector_scaling" 4 76, 7 1 0, S_0x5566d5945170;
 .timescale 0 0;
    .port_info 0 /INPUT 32 "vector_dim";
    .port_info 1 /INPUT 16 "score";
    .port_info 2 /OUTPUT 16 "scaled_score";
v0x5566d5945720_0 .var/s "scaled_score", 15 0;
v0x5566d5945820_0 .net/s "score", 15 0, L_0x5566d59b2200;  alias, 1 drivers
L_0x7f17ba13b788 .functor BUFT 1, C4<00000000000000000000000000000011>, C4<0>, C4<0>, C4<0>;
v0x5566d5945900_0 .net/2s "vector_dim", 31 0, L_0x7f17ba13b788;  1 drivers
E_0x5566d59456a0 .event anyedge, v0x5566d5945820_0, v0x5566d5945900_0;
S_0x5566d5945a70 .scope generate, "scale_cols[15]" "scale_cols[15]" 4 75, 4 75 0, S_0x5566d593d020;
 .timescale 0 0;
P_0x5566d5945c50 .param/l "col_idx" 1 4 75, +C4<01111>;
S_0x5566d5945d30 .scope module, "scale_score" "vector_scaling" 4 76, 7 1 0, S_0x5566d5945a70;
 .timescale 0 0;
    .port_info 0 /INPUT 32 "vector_dim";
    .port_info 1 /INPUT 16 "score";
    .port_info 2 /OUTPUT 16 "scaled_score";
v0x5566d5946020_0 .var/s "scaled_score", 15 0;
v0x5566d5946120_0 .net/s "score", 15 0, L_0x5566d59b22c0;  alias, 1 drivers
L_0x7f17ba13b7d0 .functor BUFT 1, C4<00000000000000000000000000000011>, C4<0>, C4<0>, C4<0>;
v0x5566d5946200_0 .net/2s "vector_dim", 31 0, L_0x7f17ba13b7d0;  1 drivers
E_0x5566d5945fa0 .event anyedge, v0x5566d5946120_0, v0x5566d5946200_0;
S_0x5566d5946370 .scope module, "softmax_calc" "softmax" 4 89, 8 1 0, S_0x5566d573d2e0;
 .timescale 0 0;
    .port_info 0 /INPUT 4096 "vector";
    .port_info 1 /OUTPUT 4096 "attention_weight_vector";
P_0x5566d5946550 .param/l "M" 0 8 2, +C4<00000000000000000000000000010000>;
P_0x5566d5946590 .param/l "N" 0 8 3, +C4<00000000000000000000000000010000>;
v0x5566d5947840 .array/s "attention_weight_vector", 255 0, 15 0;
v0x5566d594a130_0 .var/real "exp_sum", 0 0;
v0x5566d594a1f0 .array/real "exp_values", 255 0;
v0x5566d594cab0_0 .var/2s "i", 31 0;
v0x5566d594cb90_0 .var/2s "j", 31 0;
v0x5566d594ccc0 .array "vector", 255 0;
v0x5566d594ccc0_0 .net/s v0x5566d594ccc0 0, 15 0, L_0x5566d59b2380; 1 drivers
v0x5566d594ccc0_1 .net/s v0x5566d594ccc0 1, 15 0, L_0x5566d59b2440; 1 drivers
v0x5566d594ccc0_2 .net/s v0x5566d594ccc0 2, 15 0, L_0x5566d59b2500; 1 drivers
v0x5566d594ccc0_3 .net/s v0x5566d594ccc0 3, 15 0, L_0x5566d59b25c0; 1 drivers
v0x5566d594ccc0_4 .net/s v0x5566d594ccc0 4, 15 0, L_0x5566d59b2680; 1 drivers
v0x5566d594ccc0_5 .net/s v0x5566d594ccc0 5, 15 0, L_0x5566d59b2740; 1 drivers
v0x5566d594ccc0_6 .net/s v0x5566d594ccc0 6, 15 0, L_0x5566d59b2800; 1 drivers
v0x5566d594ccc0_7 .net/s v0x5566d594ccc0 7, 15 0, L_0x5566d59b28c0; 1 drivers
v0x5566d594ccc0_8 .net/s v0x5566d594ccc0 8, 15 0, L_0x5566d59b2980; 1 drivers
v0x5566d594ccc0_9 .net/s v0x5566d594ccc0 9, 15 0, L_0x5566d59b2a40; 1 drivers
v0x5566d594ccc0_10 .net/s v0x5566d594ccc0 10, 15 0, L_0x5566d59b2b00; 1 drivers
v0x5566d594ccc0_11 .net/s v0x5566d594ccc0 11, 15 0, L_0x5566d59b2bc0; 1 drivers
v0x5566d594ccc0_12 .net/s v0x5566d594ccc0 12, 15 0, L_0x5566d59b4510; 1 drivers
v0x5566d594ccc0_13 .net/s v0x5566d594ccc0 13, 15 0, L_0x5566d59b2cd0; 1 drivers
v0x5566d594ccc0_14 .net/s v0x5566d594ccc0 14, 15 0, L_0x5566d59b2d90; 1 drivers
v0x5566d594ccc0_15 .net/s v0x5566d594ccc0 15, 15 0, L_0x5566d59b2e50; 1 drivers
v0x5566d594ccc0_16 .net/s v0x5566d594ccc0 16, 15 0, L_0x5566d59b2f10; 1 drivers
v0x5566d594ccc0_17 .net/s v0x5566d594ccc0 17, 15 0, L_0x5566d59b2fd0; 1 drivers
v0x5566d594ccc0_18 .net/s v0x5566d594ccc0 18, 15 0, L_0x5566d59b3090; 1 drivers
v0x5566d594ccc0_19 .net/s v0x5566d594ccc0 19, 15 0, L_0x5566d59b3150; 1 drivers
v0x5566d594ccc0_20 .net/s v0x5566d594ccc0 20, 15 0, L_0x5566d59b3210; 1 drivers
v0x5566d594ccc0_21 .net/s v0x5566d594ccc0 21, 15 0, L_0x5566d59b32d0; 1 drivers
v0x5566d594ccc0_22 .net/s v0x5566d594ccc0 22, 15 0, L_0x5566d59b3390; 1 drivers
v0x5566d594ccc0_23 .net/s v0x5566d594ccc0 23, 15 0, L_0x5566d59b3450; 1 drivers
v0x5566d594ccc0_24 .net/s v0x5566d594ccc0 24, 15 0, L_0x5566d59b3510; 1 drivers
v0x5566d594ccc0_25 .net/s v0x5566d594ccc0 25, 15 0, L_0x5566d59b35d0; 1 drivers
v0x5566d594ccc0_26 .net/s v0x5566d594ccc0 26, 15 0, L_0x5566d59b3690; 1 drivers
v0x5566d594ccc0_27 .net/s v0x5566d594ccc0 27, 15 0, L_0x5566d59b3750; 1 drivers
v0x5566d594ccc0_28 .net/s v0x5566d594ccc0 28, 15 0, L_0x5566d59b3810; 1 drivers
v0x5566d594ccc0_29 .net/s v0x5566d594ccc0 29, 15 0, L_0x5566d59b38d0; 1 drivers
v0x5566d594ccc0_30 .net/s v0x5566d594ccc0 30, 15 0, L_0x5566d59b3990; 1 drivers
v0x5566d594ccc0_31 .net/s v0x5566d594ccc0 31, 15 0, L_0x5566d59b3a50; 1 drivers
v0x5566d594ccc0_32 .net/s v0x5566d594ccc0 32, 15 0, L_0x5566d59b3b10; 1 drivers
v0x5566d594ccc0_33 .net/s v0x5566d594ccc0 33, 15 0, L_0x5566d59b3bd0; 1 drivers
v0x5566d594ccc0_34 .net/s v0x5566d594ccc0 34, 15 0, L_0x5566d59b3c90; 1 drivers
v0x5566d594ccc0_35 .net/s v0x5566d594ccc0 35, 15 0, L_0x5566d59b3d50; 1 drivers
v0x5566d594ccc0_36 .net/s v0x5566d594ccc0 36, 15 0, L_0x5566d59b3e10; 1 drivers
v0x5566d594ccc0_37 .net/s v0x5566d594ccc0 37, 15 0, L_0x5566d59b3ed0; 1 drivers
v0x5566d594ccc0_38 .net/s v0x5566d594ccc0 38, 15 0, L_0x5566d59b3f90; 1 drivers
v0x5566d594ccc0_39 .net/s v0x5566d594ccc0 39, 15 0, L_0x5566d59b4050; 1 drivers
v0x5566d594ccc0_40 .net/s v0x5566d594ccc0 40, 15 0, L_0x5566d59b4110; 1 drivers
v0x5566d594ccc0_41 .net/s v0x5566d594ccc0 41, 15 0, L_0x5566d59b41d0; 1 drivers
v0x5566d594ccc0_42 .net/s v0x5566d594ccc0 42, 15 0, L_0x5566d59b4290; 1 drivers
v0x5566d594ccc0_43 .net/s v0x5566d594ccc0 43, 15 0, L_0x5566d59b4350; 1 drivers
v0x5566d594ccc0_44 .net/s v0x5566d594ccc0 44, 15 0, L_0x5566d59b4410; 1 drivers
v0x5566d594ccc0_45 .net/s v0x5566d594ccc0 45, 15 0, L_0x5566d59b5f20; 1 drivers
v0x5566d594ccc0_46 .net/s v0x5566d594ccc0 46, 15 0, L_0x5566d59b5fe0; 1 drivers
v0x5566d594ccc0_47 .net/s v0x5566d594ccc0 47, 15 0, L_0x5566d59b45d0; 1 drivers
v0x5566d594ccc0_48 .net/s v0x5566d594ccc0 48, 15 0, L_0x5566d59b4690; 1 drivers
v0x5566d594ccc0_49 .net/s v0x5566d594ccc0 49, 15 0, L_0x5566d59b4750; 1 drivers
v0x5566d594ccc0_50 .net/s v0x5566d594ccc0 50, 15 0, L_0x5566d59b4810; 1 drivers
v0x5566d594ccc0_51 .net/s v0x5566d594ccc0 51, 15 0, L_0x5566d59b48d0; 1 drivers
v0x5566d594ccc0_52 .net/s v0x5566d594ccc0 52, 15 0, L_0x5566d59b4990; 1 drivers
v0x5566d594ccc0_53 .net/s v0x5566d594ccc0 53, 15 0, L_0x5566d59b4a50; 1 drivers
v0x5566d594ccc0_54 .net/s v0x5566d594ccc0 54, 15 0, L_0x5566d59b4b10; 1 drivers
v0x5566d594ccc0_55 .net/s v0x5566d594ccc0 55, 15 0, L_0x5566d59b4bd0; 1 drivers
v0x5566d594ccc0_56 .net/s v0x5566d594ccc0 56, 15 0, L_0x5566d59b4c90; 1 drivers
v0x5566d594ccc0_57 .net/s v0x5566d594ccc0 57, 15 0, L_0x5566d59b4d50; 1 drivers
v0x5566d594ccc0_58 .net/s v0x5566d594ccc0 58, 15 0, L_0x5566d59b4e10; 1 drivers
v0x5566d594ccc0_59 .net/s v0x5566d594ccc0 59, 15 0, L_0x5566d59b4ed0; 1 drivers
v0x5566d594ccc0_60 .net/s v0x5566d594ccc0 60, 15 0, L_0x5566d59b4f90; 1 drivers
v0x5566d594ccc0_61 .net/s v0x5566d594ccc0 61, 15 0, L_0x5566d59b5050; 1 drivers
v0x5566d594ccc0_62 .net/s v0x5566d594ccc0 62, 15 0, L_0x5566d59b5110; 1 drivers
v0x5566d594ccc0_63 .net/s v0x5566d594ccc0 63, 15 0, L_0x5566d59b51d0; 1 drivers
v0x5566d594ccc0_64 .net/s v0x5566d594ccc0 64, 15 0, L_0x5566d59b5290; 1 drivers
v0x5566d594ccc0_65 .net/s v0x5566d594ccc0 65, 15 0, L_0x5566d59b5350; 1 drivers
v0x5566d594ccc0_66 .net/s v0x5566d594ccc0 66, 15 0, L_0x5566d59b5410; 1 drivers
v0x5566d594ccc0_67 .net/s v0x5566d594ccc0 67, 15 0, L_0x5566d59b54d0; 1 drivers
v0x5566d594ccc0_68 .net/s v0x5566d594ccc0 68, 15 0, L_0x5566d59b5590; 1 drivers
v0x5566d594ccc0_69 .net/s v0x5566d594ccc0 69, 15 0, L_0x5566d59b5650; 1 drivers
v0x5566d594ccc0_70 .net/s v0x5566d594ccc0 70, 15 0, L_0x5566d59b5710; 1 drivers
v0x5566d594ccc0_71 .net/s v0x5566d594ccc0 71, 15 0, L_0x5566d59b57d0; 1 drivers
v0x5566d594ccc0_72 .net/s v0x5566d594ccc0 72, 15 0, L_0x5566d59b5890; 1 drivers
v0x5566d594ccc0_73 .net/s v0x5566d594ccc0 73, 15 0, L_0x5566d59b5950; 1 drivers
v0x5566d594ccc0_74 .net/s v0x5566d594ccc0 74, 15 0, L_0x5566d59b5a10; 1 drivers
v0x5566d594ccc0_75 .net/s v0x5566d594ccc0 75, 15 0, L_0x5566d59b5ad0; 1 drivers
v0x5566d594ccc0_76 .net/s v0x5566d594ccc0 76, 15 0, L_0x5566d59b5b90; 1 drivers
v0x5566d594ccc0_77 .net/s v0x5566d594ccc0 77, 15 0, L_0x5566d59b5c50; 1 drivers
v0x5566d594ccc0_78 .net/s v0x5566d594ccc0 78, 15 0, L_0x5566d59b5d10; 1 drivers
v0x5566d594ccc0_79 .net/s v0x5566d594ccc0 79, 15 0, L_0x5566d59b5dd0; 1 drivers
v0x5566d594ccc0_80 .net/s v0x5566d594ccc0 80, 15 0, L_0x5566d59b5e90; 1 drivers
v0x5566d594ccc0_81 .net/s v0x5566d594ccc0 81, 15 0, L_0x5566d59b60a0; 1 drivers
v0x5566d594ccc0_82 .net/s v0x5566d594ccc0 82, 15 0, L_0x5566d59b6160; 1 drivers
v0x5566d594ccc0_83 .net/s v0x5566d594ccc0 83, 15 0, L_0x5566d59b6220; 1 drivers
v0x5566d594ccc0_84 .net/s v0x5566d594ccc0 84, 15 0, L_0x5566d59b62e0; 1 drivers
v0x5566d594ccc0_85 .net/s v0x5566d594ccc0 85, 15 0, L_0x5566d59b63a0; 1 drivers
v0x5566d594ccc0_86 .net/s v0x5566d594ccc0 86, 15 0, L_0x5566d59b6460; 1 drivers
v0x5566d594ccc0_87 .net/s v0x5566d594ccc0 87, 15 0, L_0x5566d59b6520; 1 drivers
v0x5566d594ccc0_88 .net/s v0x5566d594ccc0 88, 15 0, L_0x5566d59b65e0; 1 drivers
v0x5566d594ccc0_89 .net/s v0x5566d594ccc0 89, 15 0, L_0x5566d59b66a0; 1 drivers
v0x5566d594ccc0_90 .net/s v0x5566d594ccc0 90, 15 0, L_0x5566d59b6760; 1 drivers
v0x5566d594ccc0_91 .net/s v0x5566d594ccc0 91, 15 0, L_0x5566d59b6820; 1 drivers
v0x5566d594ccc0_92 .net/s v0x5566d594ccc0 92, 15 0, L_0x5566d59b68e0; 1 drivers
v0x5566d594ccc0_93 .net/s v0x5566d594ccc0 93, 15 0, L_0x5566d59b69a0; 1 drivers
v0x5566d594ccc0_94 .net/s v0x5566d594ccc0 94, 15 0, L_0x5566d59b6a60; 1 drivers
v0x5566d594ccc0_95 .net/s v0x5566d594ccc0 95, 15 0, L_0x5566d59b6b20; 1 drivers
v0x5566d594ccc0_96 .net/s v0x5566d594ccc0 96, 15 0, L_0x5566d59b6be0; 1 drivers
v0x5566d594ccc0_97 .net/s v0x5566d594ccc0 97, 15 0, L_0x5566d59b6ca0; 1 drivers
v0x5566d594ccc0_98 .net/s v0x5566d594ccc0 98, 15 0, L_0x5566d59b6d60; 1 drivers
v0x5566d594ccc0_99 .net/s v0x5566d594ccc0 99, 15 0, L_0x5566d59b6e20; 1 drivers
v0x5566d594ccc0_100 .net/s v0x5566d594ccc0 100, 15 0, L_0x5566d59b6ee0; 1 drivers
v0x5566d594ccc0_101 .net/s v0x5566d594ccc0 101, 15 0, L_0x5566d59b6fa0; 1 drivers
v0x5566d594ccc0_102 .net/s v0x5566d594ccc0 102, 15 0, L_0x5566d59b7060; 1 drivers
v0x5566d594ccc0_103 .net/s v0x5566d594ccc0 103, 15 0, L_0x5566d59b7120; 1 drivers
v0x5566d594ccc0_104 .net/s v0x5566d594ccc0 104, 15 0, L_0x5566d59b71e0; 1 drivers
v0x5566d594ccc0_105 .net/s v0x5566d594ccc0 105, 15 0, L_0x5566d59b72a0; 1 drivers
v0x5566d594ccc0_106 .net/s v0x5566d594ccc0 106, 15 0, L_0x5566d59b7360; 1 drivers
v0x5566d594ccc0_107 .net/s v0x5566d594ccc0 107, 15 0, L_0x5566d59b7420; 1 drivers
v0x5566d594ccc0_108 .net/s v0x5566d594ccc0 108, 15 0, L_0x5566d59b74e0; 1 drivers
v0x5566d594ccc0_109 .net/s v0x5566d594ccc0 109, 15 0, L_0x5566d59b75a0; 1 drivers
v0x5566d594ccc0_110 .net/s v0x5566d594ccc0 110, 15 0, L_0x5566d59b7660; 1 drivers
v0x5566d594ccc0_111 .net/s v0x5566d594ccc0 111, 15 0, L_0x5566d59b7720; 1 drivers
v0x5566d594ccc0_112 .net/s v0x5566d594ccc0 112, 15 0, L_0x5566d59b77e0; 1 drivers
v0x5566d594ccc0_113 .net/s v0x5566d594ccc0 113, 15 0, L_0x5566d59b78a0; 1 drivers
v0x5566d594ccc0_114 .net/s v0x5566d594ccc0 114, 15 0, L_0x5566d59b7960; 1 drivers
v0x5566d594ccc0_115 .net/s v0x5566d594ccc0 115, 15 0, L_0x5566d59b7a20; 1 drivers
v0x5566d594ccc0_116 .net/s v0x5566d594ccc0 116, 15 0, L_0x5566d59b96d0; 1 drivers
v0x5566d594ccc0_117 .net/s v0x5566d594ccc0 117, 15 0, L_0x5566d59b7b50; 1 drivers
v0x5566d594ccc0_118 .net/s v0x5566d594ccc0 118, 15 0, L_0x5566d59b7c10; 1 drivers
v0x5566d594ccc0_119 .net/s v0x5566d594ccc0 119, 15 0, L_0x5566d59b7cd0; 1 drivers
v0x5566d594ccc0_120 .net/s v0x5566d594ccc0 120, 15 0, L_0x5566d59b7d90; 1 drivers
v0x5566d594ccc0_121 .net/s v0x5566d594ccc0 121, 15 0, L_0x5566d59b7e50; 1 drivers
v0x5566d594ccc0_122 .net/s v0x5566d594ccc0 122, 15 0, L_0x5566d59b7f10; 1 drivers
v0x5566d594ccc0_123 .net/s v0x5566d594ccc0 123, 15 0, L_0x5566d59b7fd0; 1 drivers
v0x5566d594ccc0_124 .net/s v0x5566d594ccc0 124, 15 0, L_0x5566d59b8090; 1 drivers
v0x5566d594ccc0_125 .net/s v0x5566d594ccc0 125, 15 0, L_0x5566d59b8150; 1 drivers
v0x5566d594ccc0_126 .net/s v0x5566d594ccc0 126, 15 0, L_0x5566d59b8210; 1 drivers
v0x5566d594ccc0_127 .net/s v0x5566d594ccc0 127, 15 0, L_0x5566d59b82d0; 1 drivers
v0x5566d594ccc0_128 .net/s v0x5566d594ccc0 128, 15 0, L_0x5566d59b8390; 1 drivers
v0x5566d594ccc0_129 .net/s v0x5566d594ccc0 129, 15 0, L_0x5566d59b8450; 1 drivers
v0x5566d594ccc0_130 .net/s v0x5566d594ccc0 130, 15 0, L_0x5566d59b8510; 1 drivers
v0x5566d594ccc0_131 .net/s v0x5566d594ccc0 131, 15 0, L_0x5566d59b85d0; 1 drivers
v0x5566d594ccc0_132 .net/s v0x5566d594ccc0 132, 15 0, L_0x5566d59b8690; 1 drivers
v0x5566d594ccc0_133 .net/s v0x5566d594ccc0 133, 15 0, L_0x5566d59b8750; 1 drivers
v0x5566d594ccc0_134 .net/s v0x5566d594ccc0 134, 15 0, L_0x5566d59b8810; 1 drivers
v0x5566d594ccc0_135 .net/s v0x5566d594ccc0 135, 15 0, L_0x5566d59b88d0; 1 drivers
v0x5566d594ccc0_136 .net/s v0x5566d594ccc0 136, 15 0, L_0x5566d59b8990; 1 drivers
v0x5566d594ccc0_137 .net/s v0x5566d594ccc0 137, 15 0, L_0x5566d59b8a50; 1 drivers
v0x5566d594ccc0_138 .net/s v0x5566d594ccc0 138, 15 0, L_0x5566d59b8b10; 1 drivers
v0x5566d594ccc0_139 .net/s v0x5566d594ccc0 139, 15 0, L_0x5566d59b8bd0; 1 drivers
v0x5566d594ccc0_140 .net/s v0x5566d594ccc0 140, 15 0, L_0x5566d59b8c90; 1 drivers
v0x5566d594ccc0_141 .net/s v0x5566d594ccc0 141, 15 0, L_0x5566d59b8d50; 1 drivers
v0x5566d594ccc0_142 .net/s v0x5566d594ccc0 142, 15 0, L_0x5566d59b8e10; 1 drivers
v0x5566d594ccc0_143 .net/s v0x5566d594ccc0 143, 15 0, L_0x5566d59b8ed0; 1 drivers
v0x5566d594ccc0_144 .net/s v0x5566d594ccc0 144, 15 0, L_0x5566d59b8f90; 1 drivers
v0x5566d594ccc0_145 .net/s v0x5566d594ccc0 145, 15 0, L_0x5566d59b9050; 1 drivers
v0x5566d594ccc0_146 .net/s v0x5566d594ccc0 146, 15 0, L_0x5566d59b9110; 1 drivers
v0x5566d594ccc0_147 .net/s v0x5566d594ccc0 147, 15 0, L_0x5566d59b91d0; 1 drivers
v0x5566d594ccc0_148 .net/s v0x5566d594ccc0 148, 15 0, L_0x5566d59b9290; 1 drivers
v0x5566d594ccc0_149 .net/s v0x5566d594ccc0 149, 15 0, L_0x5566d59b9350; 1 drivers
v0x5566d594ccc0_150 .net/s v0x5566d594ccc0 150, 15 0, L_0x5566d59b9410; 1 drivers
v0x5566d594ccc0_151 .net/s v0x5566d594ccc0 151, 15 0, L_0x5566d59b94d0; 1 drivers
v0x5566d594ccc0_152 .net/s v0x5566d594ccc0 152, 15 0, L_0x5566d59b9590; 1 drivers
v0x5566d594ccc0_153 .net/s v0x5566d594ccc0 153, 15 0, L_0x5566d59b9650; 1 drivers
v0x5566d594ccc0_154 .net/s v0x5566d594ccc0 154, 15 0, L_0x5566d59bb490; 1 drivers
v0x5566d594ccc0_155 .net/s v0x5566d594ccc0 155, 15 0, L_0x5566d59b9790; 1 drivers
v0x5566d594ccc0_156 .net/s v0x5566d594ccc0 156, 15 0, L_0x5566d59b9850; 1 drivers
v0x5566d594ccc0_157 .net/s v0x5566d594ccc0 157, 15 0, L_0x5566d59b9910; 1 drivers
v0x5566d594ccc0_158 .net/s v0x5566d594ccc0 158, 15 0, L_0x5566d59b99d0; 1 drivers
v0x5566d594ccc0_159 .net/s v0x5566d594ccc0 159, 15 0, L_0x5566d59b9a90; 1 drivers
v0x5566d594ccc0_160 .net/s v0x5566d594ccc0 160, 15 0, L_0x5566d59b9b50; 1 drivers
v0x5566d594ccc0_161 .net/s v0x5566d594ccc0 161, 15 0, L_0x5566d59b9c10; 1 drivers
v0x5566d594ccc0_162 .net/s v0x5566d594ccc0 162, 15 0, L_0x5566d59b9cd0; 1 drivers
v0x5566d594ccc0_163 .net/s v0x5566d594ccc0 163, 15 0, L_0x5566d59b9d90; 1 drivers
v0x5566d594ccc0_164 .net/s v0x5566d594ccc0 164, 15 0, L_0x5566d59b9e50; 1 drivers
v0x5566d594ccc0_165 .net/s v0x5566d594ccc0 165, 15 0, L_0x5566d59b9f10; 1 drivers
v0x5566d594ccc0_166 .net/s v0x5566d594ccc0 166, 15 0, L_0x5566d59b9fd0; 1 drivers
v0x5566d594ccc0_167 .net/s v0x5566d594ccc0 167, 15 0, L_0x5566d59ba090; 1 drivers
v0x5566d594ccc0_168 .net/s v0x5566d594ccc0 168, 15 0, L_0x5566d59ba150; 1 drivers
v0x5566d594ccc0_169 .net/s v0x5566d594ccc0 169, 15 0, L_0x5566d59ba210; 1 drivers
v0x5566d594ccc0_170 .net/s v0x5566d594ccc0 170, 15 0, L_0x5566d59ba2d0; 1 drivers
v0x5566d594ccc0_171 .net/s v0x5566d594ccc0 171, 15 0, L_0x5566d59ba390; 1 drivers
v0x5566d594ccc0_172 .net/s v0x5566d594ccc0 172, 15 0, L_0x5566d59ba450; 1 drivers
v0x5566d594ccc0_173 .net/s v0x5566d594ccc0 173, 15 0, L_0x5566d59ba510; 1 drivers
v0x5566d594ccc0_174 .net/s v0x5566d594ccc0 174, 15 0, L_0x5566d59ba5d0; 1 drivers
v0x5566d594ccc0_175 .net/s v0x5566d594ccc0 175, 15 0, L_0x5566d59ba690; 1 drivers
v0x5566d594ccc0_176 .net/s v0x5566d594ccc0 176, 15 0, L_0x5566d59ba750; 1 drivers
v0x5566d594ccc0_177 .net/s v0x5566d594ccc0 177, 15 0, L_0x5566d59ba810; 1 drivers
v0x5566d594ccc0_178 .net/s v0x5566d594ccc0 178, 15 0, L_0x5566d59ba8d0; 1 drivers
v0x5566d594ccc0_179 .net/s v0x5566d594ccc0 179, 15 0, L_0x5566d59ba990; 1 drivers
v0x5566d594ccc0_180 .net/s v0x5566d594ccc0 180, 15 0, L_0x5566d59baa50; 1 drivers
v0x5566d594ccc0_181 .net/s v0x5566d594ccc0 181, 15 0, L_0x5566d59bab10; 1 drivers
v0x5566d594ccc0_182 .net/s v0x5566d594ccc0 182, 15 0, L_0x5566d59babd0; 1 drivers
v0x5566d594ccc0_183 .net/s v0x5566d594ccc0 183, 15 0, L_0x5566d59bac90; 1 drivers
v0x5566d594ccc0_184 .net/s v0x5566d594ccc0 184, 15 0, L_0x5566d59bad50; 1 drivers
v0x5566d594ccc0_185 .net/s v0x5566d594ccc0 185, 15 0, L_0x5566d59bae10; 1 drivers
v0x5566d594ccc0_186 .net/s v0x5566d594ccc0 186, 15 0, L_0x5566d59baed0; 1 drivers
v0x5566d594ccc0_187 .net/s v0x5566d594ccc0 187, 15 0, L_0x5566d59baf90; 1 drivers
v0x5566d594ccc0_188 .net/s v0x5566d594ccc0 188, 15 0, L_0x5566d59bb050; 1 drivers
v0x5566d594ccc0_189 .net/s v0x5566d594ccc0 189, 15 0, L_0x5566d59bb110; 1 drivers
v0x5566d594ccc0_190 .net/s v0x5566d594ccc0 190, 15 0, L_0x5566d59bb1d0; 1 drivers
v0x5566d594ccc0_191 .net/s v0x5566d594ccc0 191, 15 0, L_0x5566d59bb290; 1 drivers
v0x5566d594ccc0_192 .net/s v0x5566d594ccc0 192, 15 0, L_0x5566d59bb350; 1 drivers
v0x5566d594ccc0_193 .net/s v0x5566d594ccc0 193, 15 0, L_0x5566d59bd340; 1 drivers
v0x5566d594ccc0_194 .net/s v0x5566d594ccc0 194, 15 0, L_0x5566d59bd400; 1 drivers
v0x5566d594ccc0_195 .net/s v0x5566d594ccc0 195, 15 0, L_0x5566d59bb550; 1 drivers
v0x5566d594ccc0_196 .net/s v0x5566d594ccc0 196, 15 0, L_0x5566d59bb610; 1 drivers
v0x5566d594ccc0_197 .net/s v0x5566d594ccc0 197, 15 0, L_0x5566d59bb6d0; 1 drivers
v0x5566d594ccc0_198 .net/s v0x5566d594ccc0 198, 15 0, L_0x5566d59bb790; 1 drivers
v0x5566d594ccc0_199 .net/s v0x5566d594ccc0 199, 15 0, L_0x5566d59bb850; 1 drivers
v0x5566d594ccc0_200 .net/s v0x5566d594ccc0 200, 15 0, L_0x5566d59bb910; 1 drivers
v0x5566d594ccc0_201 .net/s v0x5566d594ccc0 201, 15 0, L_0x5566d59bb9d0; 1 drivers
v0x5566d594ccc0_202 .net/s v0x5566d594ccc0 202, 15 0, L_0x5566d59bba90; 1 drivers
v0x5566d594ccc0_203 .net/s v0x5566d594ccc0 203, 15 0, L_0x5566d59bbb50; 1 drivers
v0x5566d594ccc0_204 .net/s v0x5566d594ccc0 204, 15 0, L_0x5566d59bbc10; 1 drivers
v0x5566d594ccc0_205 .net/s v0x5566d594ccc0 205, 15 0, L_0x5566d59bbcd0; 1 drivers
v0x5566d594ccc0_206 .net/s v0x5566d594ccc0 206, 15 0, L_0x5566d59bbd90; 1 drivers
v0x5566d594ccc0_207 .net/s v0x5566d594ccc0 207, 15 0, L_0x5566d59bbe50; 1 drivers
v0x5566d594ccc0_208 .net/s v0x5566d594ccc0 208, 15 0, L_0x5566d59bbf10; 1 drivers
v0x5566d594ccc0_209 .net/s v0x5566d594ccc0 209, 15 0, L_0x5566d59bbfd0; 1 drivers
v0x5566d594ccc0_210 .net/s v0x5566d594ccc0 210, 15 0, L_0x5566d59bc090; 1 drivers
v0x5566d594ccc0_211 .net/s v0x5566d594ccc0 211, 15 0, L_0x5566d59bc150; 1 drivers
v0x5566d594ccc0_212 .net/s v0x5566d594ccc0 212, 15 0, L_0x5566d59bc210; 1 drivers
v0x5566d594ccc0_213 .net/s v0x5566d594ccc0 213, 15 0, L_0x5566d59bc2d0; 1 drivers
v0x5566d594ccc0_214 .net/s v0x5566d594ccc0 214, 15 0, L_0x5566d59bc390; 1 drivers
v0x5566d594ccc0_215 .net/s v0x5566d594ccc0 215, 15 0, L_0x5566d59bc450; 1 drivers
v0x5566d594ccc0_216 .net/s v0x5566d594ccc0 216, 15 0, L_0x5566d59bc510; 1 drivers
v0x5566d594ccc0_217 .net/s v0x5566d594ccc0 217, 15 0, L_0x5566d59bc5d0; 1 drivers
v0x5566d594ccc0_218 .net/s v0x5566d594ccc0 218, 15 0, L_0x5566d59bc690; 1 drivers
v0x5566d594ccc0_219 .net/s v0x5566d594ccc0 219, 15 0, L_0x5566d59bc750; 1 drivers
v0x5566d594ccc0_220 .net/s v0x5566d594ccc0 220, 15 0, L_0x5566d59bc810; 1 drivers
v0x5566d594ccc0_221 .net/s v0x5566d594ccc0 221, 15 0, L_0x5566d59bc8d0; 1 drivers
v0x5566d594ccc0_222 .net/s v0x5566d594ccc0 222, 15 0, L_0x5566d59bc990; 1 drivers
v0x5566d594ccc0_223 .net/s v0x5566d594ccc0 223, 15 0, L_0x5566d59bca50; 1 drivers
v0x5566d594ccc0_224 .net/s v0x5566d594ccc0 224, 15 0, L_0x5566d59bcb10; 1 drivers
v0x5566d594ccc0_225 .net/s v0x5566d594ccc0 225, 15 0, L_0x5566d59bcbd0; 1 drivers
v0x5566d594ccc0_226 .net/s v0x5566d594ccc0 226, 15 0, L_0x5566d59bcc90; 1 drivers
v0x5566d594ccc0_227 .net/s v0x5566d594ccc0 227, 15 0, L_0x5566d59bcd50; 1 drivers
v0x5566d594ccc0_228 .net/s v0x5566d594ccc0 228, 15 0, L_0x5566d59bce10; 1 drivers
v0x5566d594ccc0_229 .net/s v0x5566d594ccc0 229, 15 0, L_0x5566d59bced0; 1 drivers
v0x5566d594ccc0_230 .net/s v0x5566d594ccc0 230, 15 0, L_0x5566d59bcf90; 1 drivers
v0x5566d594ccc0_231 .net/s v0x5566d594ccc0 231, 15 0, L_0x5566d59bd050; 1 drivers
v0x5566d594ccc0_232 .net/s v0x5566d594ccc0 232, 15 0, L_0x5566d59bd110; 1 drivers
v0x5566d594ccc0_233 .net/s v0x5566d594ccc0 233, 15 0, L_0x5566d59bd1d0; 1 drivers
v0x5566d594ccc0_234 .net/s v0x5566d594ccc0 234, 15 0, L_0x5566d59bd290; 1 drivers
v0x5566d594ccc0_235 .net/s v0x5566d594ccc0 235, 15 0, L_0x5566d59bd4c0; 1 drivers
v0x5566d594ccc0_236 .net/s v0x5566d594ccc0 236, 15 0, L_0x5566d59bd580; 1 drivers
v0x5566d594ccc0_237 .net/s v0x5566d594ccc0 237, 15 0, L_0x5566d59bd640; 1 drivers
v0x5566d594ccc0_238 .net/s v0x5566d594ccc0 238, 15 0, L_0x5566d59bd700; 1 drivers
v0x5566d594ccc0_239 .net/s v0x5566d594ccc0 239, 15 0, L_0x5566d59bd7c0; 1 drivers
v0x5566d594ccc0_240 .net/s v0x5566d594ccc0 240, 15 0, L_0x5566d59bd880; 1 drivers
v0x5566d594ccc0_241 .net/s v0x5566d594ccc0 241, 15 0, L_0x5566d59bd940; 1 drivers
v0x5566d594ccc0_242 .net/s v0x5566d594ccc0 242, 15 0, L_0x5566d59bda00; 1 drivers
v0x5566d594ccc0_243 .net/s v0x5566d594ccc0 243, 15 0, L_0x5566d59bdac0; 1 drivers
v0x5566d594ccc0_244 .net/s v0x5566d594ccc0 244, 15 0, L_0x5566d59bdb80; 1 drivers
v0x5566d594ccc0_245 .net/s v0x5566d594ccc0 245, 15 0, L_0x5566d59bdc40; 1 drivers
v0x5566d594ccc0_246 .net/s v0x5566d594ccc0 246, 15 0, L_0x5566d59bdd00; 1 drivers
v0x5566d594ccc0_247 .net/s v0x5566d594ccc0 247, 15 0, L_0x5566d59bddc0; 1 drivers
v0x5566d594ccc0_248 .net/s v0x5566d594ccc0 248, 15 0, L_0x5566d59bde80; 1 drivers
v0x5566d594ccc0_249 .net/s v0x5566d594ccc0 249, 15 0, L_0x5566d59bdf40; 1 drivers
v0x5566d594ccc0_250 .net/s v0x5566d594ccc0 250, 15 0, L_0x5566d59be000; 1 drivers
v0x5566d594ccc0_251 .net/s v0x5566d594ccc0 251, 15 0, L_0x5566d59be0c0; 1 drivers
v0x5566d594ccc0_252 .net/s v0x5566d594ccc0 252, 15 0, L_0x5566d59be180; 1 drivers
v0x5566d594ccc0_253 .net/s v0x5566d594ccc0 253, 15 0, L_0x5566d59be240; 1 drivers
v0x5566d594ccc0_254 .net/s v0x5566d594ccc0 254, 15 0, L_0x5566d59be300; 1 drivers
v0x5566d594ccc0_255 .net/s v0x5566d594ccc0 255, 15 0, L_0x5566d59be3c0; 1 drivers
v0x5566d594f590_0 .var/real "x_real", 0 0;
E_0x5566d59467c0/0 .event anyedge, v0x5566d594ccc0_0, v0x5566d594ccc0_1, v0x5566d594ccc0_2, v0x5566d594ccc0_3;
E_0x5566d59467c0/1 .event anyedge, v0x5566d594ccc0_4, v0x5566d594ccc0_5, v0x5566d594ccc0_6, v0x5566d594ccc0_7;
E_0x5566d59467c0/2 .event anyedge, v0x5566d594ccc0_8, v0x5566d594ccc0_9, v0x5566d594ccc0_10, v0x5566d594ccc0_11;
E_0x5566d59467c0/3 .event anyedge, v0x5566d594ccc0_12, v0x5566d594ccc0_13, v0x5566d594ccc0_14, v0x5566d594ccc0_15;
E_0x5566d59467c0/4 .event anyedge, v0x5566d594ccc0_16, v0x5566d594ccc0_17, v0x5566d594ccc0_18, v0x5566d594ccc0_19;
E_0x5566d59467c0/5 .event anyedge, v0x5566d594ccc0_20, v0x5566d594ccc0_21, v0x5566d594ccc0_22, v0x5566d594ccc0_23;
E_0x5566d59467c0/6 .event anyedge, v0x5566d594ccc0_24, v0x5566d594ccc0_25, v0x5566d594ccc0_26, v0x5566d594ccc0_27;
E_0x5566d59467c0/7 .event anyedge, v0x5566d594ccc0_28, v0x5566d594ccc0_29, v0x5566d594ccc0_30, v0x5566d594ccc0_31;
E_0x5566d59467c0/8 .event anyedge, v0x5566d594ccc0_32, v0x5566d594ccc0_33, v0x5566d594ccc0_34, v0x5566d594ccc0_35;
E_0x5566d59467c0/9 .event anyedge, v0x5566d594ccc0_36, v0x5566d594ccc0_37, v0x5566d594ccc0_38, v0x5566d594ccc0_39;
E_0x5566d59467c0/10 .event anyedge, v0x5566d594ccc0_40, v0x5566d594ccc0_41, v0x5566d594ccc0_42, v0x5566d594ccc0_43;
E_0x5566d59467c0/11 .event anyedge, v0x5566d594ccc0_44, v0x5566d594ccc0_45, v0x5566d594ccc0_46, v0x5566d594ccc0_47;
E_0x5566d59467c0/12 .event anyedge, v0x5566d594ccc0_48, v0x5566d594ccc0_49, v0x5566d594ccc0_50, v0x5566d594ccc0_51;
E_0x5566d59467c0/13 .event anyedge, v0x5566d594ccc0_52, v0x5566d594ccc0_53, v0x5566d594ccc0_54, v0x5566d594ccc0_55;
E_0x5566d59467c0/14 .event anyedge, v0x5566d594ccc0_56, v0x5566d594ccc0_57, v0x5566d594ccc0_58, v0x5566d594ccc0_59;
E_0x5566d59467c0/15 .event anyedge, v0x5566d594ccc0_60, v0x5566d594ccc0_61, v0x5566d594ccc0_62, v0x5566d594ccc0_63;
E_0x5566d59467c0/16 .event anyedge, v0x5566d594ccc0_64, v0x5566d594ccc0_65, v0x5566d594ccc0_66, v0x5566d594ccc0_67;
E_0x5566d59467c0/17 .event anyedge, v0x5566d594ccc0_68, v0x5566d594ccc0_69, v0x5566d594ccc0_70, v0x5566d594ccc0_71;
E_0x5566d59467c0/18 .event anyedge, v0x5566d594ccc0_72, v0x5566d594ccc0_73, v0x5566d594ccc0_74, v0x5566d594ccc0_75;
E_0x5566d59467c0/19 .event anyedge, v0x5566d594ccc0_76, v0x5566d594ccc0_77, v0x5566d594ccc0_78, v0x5566d594ccc0_79;
E_0x5566d59467c0/20 .event anyedge, v0x5566d594ccc0_80, v0x5566d594ccc0_81, v0x5566d594ccc0_82, v0x5566d594ccc0_83;
E_0x5566d59467c0/21 .event anyedge, v0x5566d594ccc0_84, v0x5566d594ccc0_85, v0x5566d594ccc0_86, v0x5566d594ccc0_87;
E_0x5566d59467c0/22 .event anyedge, v0x5566d594ccc0_88, v0x5566d594ccc0_89, v0x5566d594ccc0_90, v0x5566d594ccc0_91;
E_0x5566d59467c0/23 .event anyedge, v0x5566d594ccc0_92, v0x5566d594ccc0_93, v0x5566d594ccc0_94, v0x5566d594ccc0_95;
E_0x5566d59467c0/24 .event anyedge, v0x5566d594ccc0_96, v0x5566d594ccc0_97, v0x5566d594ccc0_98, v0x5566d594ccc0_99;
E_0x5566d59467c0/25 .event anyedge, v0x5566d594ccc0_100, v0x5566d594ccc0_101, v0x5566d594ccc0_102, v0x5566d594ccc0_103;
E_0x5566d59467c0/26 .event anyedge, v0x5566d594ccc0_104, v0x5566d594ccc0_105, v0x5566d594ccc0_106, v0x5566d594ccc0_107;
E_0x5566d59467c0/27 .event anyedge, v0x5566d594ccc0_108, v0x5566d594ccc0_109, v0x5566d594ccc0_110, v0x5566d594ccc0_111;
E_0x5566d59467c0/28 .event anyedge, v0x5566d594ccc0_112, v0x5566d594ccc0_113, v0x5566d594ccc0_114, v0x5566d594ccc0_115;
E_0x5566d59467c0/29 .event anyedge, v0x5566d594ccc0_116, v0x5566d594ccc0_117, v0x5566d594ccc0_118, v0x5566d594ccc0_119;
E_0x5566d59467c0/30 .event anyedge, v0x5566d594ccc0_120, v0x5566d594ccc0_121, v0x5566d594ccc0_122, v0x5566d594ccc0_123;
E_0x5566d59467c0/31 .event anyedge, v0x5566d594ccc0_124, v0x5566d594ccc0_125, v0x5566d594ccc0_126, v0x5566d594ccc0_127;
E_0x5566d59467c0/32 .event anyedge, v0x5566d594ccc0_128, v0x5566d594ccc0_129, v0x5566d594ccc0_130, v0x5566d594ccc0_131;
E_0x5566d59467c0/33 .event anyedge, v0x5566d594ccc0_132, v0x5566d594ccc0_133, v0x5566d594ccc0_134, v0x5566d594ccc0_135;
E_0x5566d59467c0/34 .event anyedge, v0x5566d594ccc0_136, v0x5566d594ccc0_137, v0x5566d594ccc0_138, v0x5566d594ccc0_139;
E_0x5566d59467c0/35 .event anyedge, v0x5566d594ccc0_140, v0x5566d594ccc0_141, v0x5566d594ccc0_142, v0x5566d594ccc0_143;
E_0x5566d59467c0/36 .event anyedge, v0x5566d594ccc0_144, v0x5566d594ccc0_145, v0x5566d594ccc0_146, v0x5566d594ccc0_147;
E_0x5566d59467c0/37 .event anyedge, v0x5566d594ccc0_148, v0x5566d594ccc0_149, v0x5566d594ccc0_150, v0x5566d594ccc0_151;
E_0x5566d59467c0/38 .event anyedge, v0x5566d594ccc0_152, v0x5566d594ccc0_153, v0x5566d594ccc0_154, v0x5566d594ccc0_155;
E_0x5566d59467c0/39 .event anyedge, v0x5566d594ccc0_156, v0x5566d594ccc0_157, v0x5566d594ccc0_158, v0x5566d594ccc0_159;
E_0x5566d59467c0/40 .event anyedge, v0x5566d594ccc0_160, v0x5566d594ccc0_161, v0x5566d594ccc0_162, v0x5566d594ccc0_163;
E_0x5566d59467c0/41 .event anyedge, v0x5566d594ccc0_164, v0x5566d594ccc0_165, v0x5566d594ccc0_166, v0x5566d594ccc0_167;
E_0x5566d59467c0/42 .event anyedge, v0x5566d594ccc0_168, v0x5566d594ccc0_169, v0x5566d594ccc0_170, v0x5566d594ccc0_171;
E_0x5566d59467c0/43 .event anyedge, v0x5566d594ccc0_172, v0x5566d594ccc0_173, v0x5566d594ccc0_174, v0x5566d594ccc0_175;
E_0x5566d59467c0/44 .event anyedge, v0x5566d594ccc0_176, v0x5566d594ccc0_177, v0x5566d594ccc0_178, v0x5566d594ccc0_179;
E_0x5566d59467c0/45 .event anyedge, v0x5566d594ccc0_180, v0x5566d594ccc0_181, v0x5566d594ccc0_182, v0x5566d594ccc0_183;
E_0x5566d59467c0/46 .event anyedge, v0x5566d594ccc0_184, v0x5566d594ccc0_185, v0x5566d594ccc0_186, v0x5566d594ccc0_187;
E_0x5566d59467c0/47 .event anyedge, v0x5566d594ccc0_188, v0x5566d594ccc0_189, v0x5566d594ccc0_190, v0x5566d594ccc0_191;
E_0x5566d59467c0/48 .event anyedge, v0x5566d594ccc0_192, v0x5566d594ccc0_193, v0x5566d594ccc0_194, v0x5566d594ccc0_195;
E_0x5566d59467c0/49 .event anyedge, v0x5566d594ccc0_196, v0x5566d594ccc0_197, v0x5566d594ccc0_198, v0x5566d594ccc0_199;
E_0x5566d59467c0/50 .event anyedge, v0x5566d594ccc0_200, v0x5566d594ccc0_201, v0x5566d594ccc0_202, v0x5566d594ccc0_203;
E_0x5566d59467c0/51 .event anyedge, v0x5566d594ccc0_204, v0x5566d594ccc0_205, v0x5566d594ccc0_206, v0x5566d594ccc0_207;
E_0x5566d59467c0/52 .event anyedge, v0x5566d594ccc0_208, v0x5566d594ccc0_209, v0x5566d594ccc0_210, v0x5566d594ccc0_211;
E_0x5566d59467c0/53 .event anyedge, v0x5566d594ccc0_212, v0x5566d594ccc0_213, v0x5566d594ccc0_214, v0x5566d594ccc0_215;
E_0x5566d59467c0/54 .event anyedge, v0x5566d594ccc0_216, v0x5566d594ccc0_217, v0x5566d594ccc0_218, v0x5566d594ccc0_219;
E_0x5566d59467c0/55 .event anyedge, v0x5566d594ccc0_220, v0x5566d594ccc0_221, v0x5566d594ccc0_222, v0x5566d594ccc0_223;
E_0x5566d59467c0/56 .event anyedge, v0x5566d594ccc0_224, v0x5566d594ccc0_225, v0x5566d594ccc0_226, v0x5566d594ccc0_227;
E_0x5566d59467c0/57 .event anyedge, v0x5566d594ccc0_228, v0x5566d594ccc0_229, v0x5566d594ccc0_230, v0x5566d594ccc0_231;
E_0x5566d59467c0/58 .event anyedge, v0x5566d594ccc0_232, v0x5566d594ccc0_233, v0x5566d594ccc0_234, v0x5566d594ccc0_235;
E_0x5566d59467c0/59 .event anyedge, v0x5566d594ccc0_236, v0x5566d594ccc0_237, v0x5566d594ccc0_238, v0x5566d594ccc0_239;
E_0x5566d59467c0/60 .event anyedge, v0x5566d594ccc0_240, v0x5566d594ccc0_241, v0x5566d594ccc0_242, v0x5566d594ccc0_243;
E_0x5566d59467c0/61 .event anyedge, v0x5566d594ccc0_244, v0x5566d594ccc0_245, v0x5566d594ccc0_246, v0x5566d594ccc0_247;
E_0x5566d59467c0/62 .event anyedge, v0x5566d594ccc0_248, v0x5566d594ccc0_249, v0x5566d594ccc0_250, v0x5566d594ccc0_251;
E_0x5566d59467c0/63 .event anyedge, v0x5566d594ccc0_252, v0x5566d594ccc0_253, v0x5566d594ccc0_254, v0x5566d594ccc0_255;
v0x5566d594a1f0_0 .array/port v0x5566d594a1f0, 0;
v0x5566d594a1f0_1 .array/port v0x5566d594a1f0, 1;
E_0x5566d59467c0/64 .event anyedge, v0x5566d594f590_0, v0x5566d594a130_0, v0x5566d594a1f0_0, v0x5566d594a1f0_1;
v0x5566d594a1f0_2 .array/port v0x5566d594a1f0, 2;
v0x5566d594a1f0_3 .array/port v0x5566d594a1f0, 3;
v0x5566d594a1f0_4 .array/port v0x5566d594a1f0, 4;
v0x5566d594a1f0_5 .array/port v0x5566d594a1f0, 5;
E_0x5566d59467c0/65 .event anyedge, v0x5566d594a1f0_2, v0x5566d594a1f0_3, v0x5566d594a1f0_4, v0x5566d594a1f0_5;
v0x5566d594a1f0_6 .array/port v0x5566d594a1f0, 6;
v0x5566d594a1f0_7 .array/port v0x5566d594a1f0, 7;
v0x5566d594a1f0_8 .array/port v0x5566d594a1f0, 8;
v0x5566d594a1f0_9 .array/port v0x5566d594a1f0, 9;
E_0x5566d59467c0/66 .event anyedge, v0x5566d594a1f0_6, v0x5566d594a1f0_7, v0x5566d594a1f0_8, v0x5566d594a1f0_9;
v0x5566d594a1f0_10 .array/port v0x5566d594a1f0, 10;
v0x5566d594a1f0_11 .array/port v0x5566d594a1f0, 11;
v0x5566d594a1f0_12 .array/port v0x5566d594a1f0, 12;
v0x5566d594a1f0_13 .array/port v0x5566d594a1f0, 13;
E_0x5566d59467c0/67 .event anyedge, v0x5566d594a1f0_10, v0x5566d594a1f0_11, v0x5566d594a1f0_12, v0x5566d594a1f0_13;
v0x5566d594a1f0_14 .array/port v0x5566d594a1f0, 14;
v0x5566d594a1f0_15 .array/port v0x5566d594a1f0, 15;
v0x5566d594a1f0_16 .array/port v0x5566d594a1f0, 16;
v0x5566d594a1f0_17 .array/port v0x5566d594a1f0, 17;
E_0x5566d59467c0/68 .event anyedge, v0x5566d594a1f0_14, v0x5566d594a1f0_15, v0x5566d594a1f0_16, v0x5566d594a1f0_17;
v0x5566d594a1f0_18 .array/port v0x5566d594a1f0, 18;
v0x5566d594a1f0_19 .array/port v0x5566d594a1f0, 19;
v0x5566d594a1f0_20 .array/port v0x5566d594a1f0, 20;
v0x5566d594a1f0_21 .array/port v0x5566d594a1f0, 21;
E_0x5566d59467c0/69 .event anyedge, v0x5566d594a1f0_18, v0x5566d594a1f0_19, v0x5566d594a1f0_20, v0x5566d594a1f0_21;
v0x5566d594a1f0_22 .array/port v0x5566d594a1f0, 22;
v0x5566d594a1f0_23 .array/port v0x5566d594a1f0, 23;
v0x5566d594a1f0_24 .array/port v0x5566d594a1f0, 24;
v0x5566d594a1f0_25 .array/port v0x5566d594a1f0, 25;
E_0x5566d59467c0/70 .event anyedge, v0x5566d594a1f0_22, v0x5566d594a1f0_23, v0x5566d594a1f0_24, v0x5566d594a1f0_25;
v0x5566d594a1f0_26 .array/port v0x5566d594a1f0, 26;
v0x5566d594a1f0_27 .array/port v0x5566d594a1f0, 27;
v0x5566d594a1f0_28 .array/port v0x5566d594a1f0, 28;
v0x5566d594a1f0_29 .array/port v0x5566d594a1f0, 29;
E_0x5566d59467c0/71 .event anyedge, v0x5566d594a1f0_26, v0x5566d594a1f0_27, v0x5566d594a1f0_28, v0x5566d594a1f0_29;
v0x5566d594a1f0_30 .array/port v0x5566d594a1f0, 30;
v0x5566d594a1f0_31 .array/port v0x5566d594a1f0, 31;
v0x5566d594a1f0_32 .array/port v0x5566d594a1f0, 32;
v0x5566d594a1f0_33 .array/port v0x5566d594a1f0, 33;
E_0x5566d59467c0/72 .event anyedge, v0x5566d594a1f0_30, v0x5566d594a1f0_31, v0x5566d594a1f0_32, v0x5566d594a1f0_33;
v0x5566d594a1f0_34 .array/port v0x5566d594a1f0, 34;
v0x5566d594a1f0_35 .array/port v0x5566d594a1f0, 35;
v0x5566d594a1f0_36 .array/port v0x5566d594a1f0, 36;
v0x5566d594a1f0_37 .array/port v0x5566d594a1f0, 37;
E_0x5566d59467c0/73 .event anyedge, v0x5566d594a1f0_34, v0x5566d594a1f0_35, v0x5566d594a1f0_36, v0x5566d594a1f0_37;
v0x5566d594a1f0_38 .array/port v0x5566d594a1f0, 38;
v0x5566d594a1f0_39 .array/port v0x5566d594a1f0, 39;
v0x5566d594a1f0_40 .array/port v0x5566d594a1f0, 40;
v0x5566d594a1f0_41 .array/port v0x5566d594a1f0, 41;
E_0x5566d59467c0/74 .event anyedge, v0x5566d594a1f0_38, v0x5566d594a1f0_39, v0x5566d594a1f0_40, v0x5566d594a1f0_41;
v0x5566d594a1f0_42 .array/port v0x5566d594a1f0, 42;
v0x5566d594a1f0_43 .array/port v0x5566d594a1f0, 43;
v0x5566d594a1f0_44 .array/port v0x5566d594a1f0, 44;
v0x5566d594a1f0_45 .array/port v0x5566d594a1f0, 45;
E_0x5566d59467c0/75 .event anyedge, v0x5566d594a1f0_42, v0x5566d594a1f0_43, v0x5566d594a1f0_44, v0x5566d594a1f0_45;
v0x5566d594a1f0_46 .array/port v0x5566d594a1f0, 46;
v0x5566d594a1f0_47 .array/port v0x5566d594a1f0, 47;
v0x5566d594a1f0_48 .array/port v0x5566d594a1f0, 48;
v0x5566d594a1f0_49 .array/port v0x5566d594a1f0, 49;
E_0x5566d59467c0/76 .event anyedge, v0x5566d594a1f0_46, v0x5566d594a1f0_47, v0x5566d594a1f0_48, v0x5566d594a1f0_49;
v0x5566d594a1f0_50 .array/port v0x5566d594a1f0, 50;
v0x5566d594a1f0_51 .array/port v0x5566d594a1f0, 51;
v0x5566d594a1f0_52 .array/port v0x5566d594a1f0, 52;
v0x5566d594a1f0_53 .array/port v0x5566d594a1f0, 53;
E_0x5566d59467c0/77 .event anyedge, v0x5566d594a1f0_50, v0x5566d594a1f0_51, v0x5566d594a1f0_52, v0x5566d594a1f0_53;
v0x5566d594a1f0_54 .array/port v0x5566d594a1f0, 54;
v0x5566d594a1f0_55 .array/port v0x5566d594a1f0, 55;
v0x5566d594a1f0_56 .array/port v0x5566d594a1f0, 56;
v0x5566d594a1f0_57 .array/port v0x5566d594a1f0, 57;
E_0x5566d59467c0/78 .event anyedge, v0x5566d594a1f0_54, v0x5566d594a1f0_55, v0x5566d594a1f0_56, v0x5566d594a1f0_57;
v0x5566d594a1f0_58 .array/port v0x5566d594a1f0, 58;
v0x5566d594a1f0_59 .array/port v0x5566d594a1f0, 59;
v0x5566d594a1f0_60 .array/port v0x5566d594a1f0, 60;
v0x5566d594a1f0_61 .array/port v0x5566d594a1f0, 61;
E_0x5566d59467c0/79 .event anyedge, v0x5566d594a1f0_58, v0x5566d594a1f0_59, v0x5566d594a1f0_60, v0x5566d594a1f0_61;
v0x5566d594a1f0_62 .array/port v0x5566d594a1f0, 62;
v0x5566d594a1f0_63 .array/port v0x5566d594a1f0, 63;
v0x5566d594a1f0_64 .array/port v0x5566d594a1f0, 64;
v0x5566d594a1f0_65 .array/port v0x5566d594a1f0, 65;
E_0x5566d59467c0/80 .event anyedge, v0x5566d594a1f0_62, v0x5566d594a1f0_63, v0x5566d594a1f0_64, v0x5566d594a1f0_65;
v0x5566d594a1f0_66 .array/port v0x5566d594a1f0, 66;
v0x5566d594a1f0_67 .array/port v0x5566d594a1f0, 67;
v0x5566d594a1f0_68 .array/port v0x5566d594a1f0, 68;
v0x5566d594a1f0_69 .array/port v0x5566d594a1f0, 69;
E_0x5566d59467c0/81 .event anyedge, v0x5566d594a1f0_66, v0x5566d594a1f0_67, v0x5566d594a1f0_68, v0x5566d594a1f0_69;
v0x5566d594a1f0_70 .array/port v0x5566d594a1f0, 70;
v0x5566d594a1f0_71 .array/port v0x5566d594a1f0, 71;
v0x5566d594a1f0_72 .array/port v0x5566d594a1f0, 72;
v0x5566d594a1f0_73 .array/port v0x5566d594a1f0, 73;
E_0x5566d59467c0/82 .event anyedge, v0x5566d594a1f0_70, v0x5566d594a1f0_71, v0x5566d594a1f0_72, v0x5566d594a1f0_73;
v0x5566d594a1f0_74 .array/port v0x5566d594a1f0, 74;
v0x5566d594a1f0_75 .array/port v0x5566d594a1f0, 75;
v0x5566d594a1f0_76 .array/port v0x5566d594a1f0, 76;
v0x5566d594a1f0_77 .array/port v0x5566d594a1f0, 77;
E_0x5566d59467c0/83 .event anyedge, v0x5566d594a1f0_74, v0x5566d594a1f0_75, v0x5566d594a1f0_76, v0x5566d594a1f0_77;
v0x5566d594a1f0_78 .array/port v0x5566d594a1f0, 78;
v0x5566d594a1f0_79 .array/port v0x5566d594a1f0, 79;
v0x5566d594a1f0_80 .array/port v0x5566d594a1f0, 80;
v0x5566d594a1f0_81 .array/port v0x5566d594a1f0, 81;
E_0x5566d59467c0/84 .event anyedge, v0x5566d594a1f0_78, v0x5566d594a1f0_79, v0x5566d594a1f0_80, v0x5566d594a1f0_81;
v0x5566d594a1f0_82 .array/port v0x5566d594a1f0, 82;
v0x5566d594a1f0_83 .array/port v0x5566d594a1f0, 83;
v0x5566d594a1f0_84 .array/port v0x5566d594a1f0, 84;
v0x5566d594a1f0_85 .array/port v0x5566d594a1f0, 85;
E_0x5566d59467c0/85 .event anyedge, v0x5566d594a1f0_82, v0x5566d594a1f0_83, v0x5566d594a1f0_84, v0x5566d594a1f0_85;
v0x5566d594a1f0_86 .array/port v0x5566d594a1f0, 86;
v0x5566d594a1f0_87 .array/port v0x5566d594a1f0, 87;
v0x5566d594a1f0_88 .array/port v0x5566d594a1f0, 88;
v0x5566d594a1f0_89 .array/port v0x5566d594a1f0, 89;
E_0x5566d59467c0/86 .event anyedge, v0x5566d594a1f0_86, v0x5566d594a1f0_87, v0x5566d594a1f0_88, v0x5566d594a1f0_89;
v0x5566d594a1f0_90 .array/port v0x5566d594a1f0, 90;
v0x5566d594a1f0_91 .array/port v0x5566d594a1f0, 91;
v0x5566d594a1f0_92 .array/port v0x5566d594a1f0, 92;
v0x5566d594a1f0_93 .array/port v0x5566d594a1f0, 93;
E_0x5566d59467c0/87 .event anyedge, v0x5566d594a1f0_90, v0x5566d594a1f0_91, v0x5566d594a1f0_92, v0x5566d594a1f0_93;
v0x5566d594a1f0_94 .array/port v0x5566d594a1f0, 94;
v0x5566d594a1f0_95 .array/port v0x5566d594a1f0, 95;
v0x5566d594a1f0_96 .array/port v0x5566d594a1f0, 96;
v0x5566d594a1f0_97 .array/port v0x5566d594a1f0, 97;
E_0x5566d59467c0/88 .event anyedge, v0x5566d594a1f0_94, v0x5566d594a1f0_95, v0x5566d594a1f0_96, v0x5566d594a1f0_97;
v0x5566d594a1f0_98 .array/port v0x5566d594a1f0, 98;
v0x5566d594a1f0_99 .array/port v0x5566d594a1f0, 99;
v0x5566d594a1f0_100 .array/port v0x5566d594a1f0, 100;
v0x5566d594a1f0_101 .array/port v0x5566d594a1f0, 101;
E_0x5566d59467c0/89 .event anyedge, v0x5566d594a1f0_98, v0x5566d594a1f0_99, v0x5566d594a1f0_100, v0x5566d594a1f0_101;
v0x5566d594a1f0_102 .array/port v0x5566d594a1f0, 102;
v0x5566d594a1f0_103 .array/port v0x5566d594a1f0, 103;
v0x5566d594a1f0_104 .array/port v0x5566d594a1f0, 104;
v0x5566d594a1f0_105 .array/port v0x5566d594a1f0, 105;
E_0x5566d59467c0/90 .event anyedge, v0x5566d594a1f0_102, v0x5566d594a1f0_103, v0x5566d594a1f0_104, v0x5566d594a1f0_105;
v0x5566d594a1f0_106 .array/port v0x5566d594a1f0, 106;
v0x5566d594a1f0_107 .array/port v0x5566d594a1f0, 107;
v0x5566d594a1f0_108 .array/port v0x5566d594a1f0, 108;
v0x5566d594a1f0_109 .array/port v0x5566d594a1f0, 109;
E_0x5566d59467c0/91 .event anyedge, v0x5566d594a1f0_106, v0x5566d594a1f0_107, v0x5566d594a1f0_108, v0x5566d594a1f0_109;
v0x5566d594a1f0_110 .array/port v0x5566d594a1f0, 110;
v0x5566d594a1f0_111 .array/port v0x5566d594a1f0, 111;
v0x5566d594a1f0_112 .array/port v0x5566d594a1f0, 112;
v0x5566d594a1f0_113 .array/port v0x5566d594a1f0, 113;
E_0x5566d59467c0/92 .event anyedge, v0x5566d594a1f0_110, v0x5566d594a1f0_111, v0x5566d594a1f0_112, v0x5566d594a1f0_113;
v0x5566d594a1f0_114 .array/port v0x5566d594a1f0, 114;
v0x5566d594a1f0_115 .array/port v0x5566d594a1f0, 115;
v0x5566d594a1f0_116 .array/port v0x5566d594a1f0, 116;
v0x5566d594a1f0_117 .array/port v0x5566d594a1f0, 117;
E_0x5566d59467c0/93 .event anyedge, v0x5566d594a1f0_114, v0x5566d594a1f0_115, v0x5566d594a1f0_116, v0x5566d594a1f0_117;
v0x5566d594a1f0_118 .array/port v0x5566d594a1f0, 118;
v0x5566d594a1f0_119 .array/port v0x5566d594a1f0, 119;
v0x5566d594a1f0_120 .array/port v0x5566d594a1f0, 120;
v0x5566d594a1f0_121 .array/port v0x5566d594a1f0, 121;
E_0x5566d59467c0/94 .event anyedge, v0x5566d594a1f0_118, v0x5566d594a1f0_119, v0x5566d594a1f0_120, v0x5566d594a1f0_121;
v0x5566d594a1f0_122 .array/port v0x5566d594a1f0, 122;
v0x5566d594a1f0_123 .array/port v0x5566d594a1f0, 123;
v0x5566d594a1f0_124 .array/port v0x5566d594a1f0, 124;
v0x5566d594a1f0_125 .array/port v0x5566d594a1f0, 125;
E_0x5566d59467c0/95 .event anyedge, v0x5566d594a1f0_122, v0x5566d594a1f0_123, v0x5566d594a1f0_124, v0x5566d594a1f0_125;
v0x5566d594a1f0_126 .array/port v0x5566d594a1f0, 126;
v0x5566d594a1f0_127 .array/port v0x5566d594a1f0, 127;
v0x5566d594a1f0_128 .array/port v0x5566d594a1f0, 128;
v0x5566d594a1f0_129 .array/port v0x5566d594a1f0, 129;
E_0x5566d59467c0/96 .event anyedge, v0x5566d594a1f0_126, v0x5566d594a1f0_127, v0x5566d594a1f0_128, v0x5566d594a1f0_129;
v0x5566d594a1f0_130 .array/port v0x5566d594a1f0, 130;
v0x5566d594a1f0_131 .array/port v0x5566d594a1f0, 131;
v0x5566d594a1f0_132 .array/port v0x5566d594a1f0, 132;
v0x5566d594a1f0_133 .array/port v0x5566d594a1f0, 133;
E_0x5566d59467c0/97 .event anyedge, v0x5566d594a1f0_130, v0x5566d594a1f0_131, v0x5566d594a1f0_132, v0x5566d594a1f0_133;
v0x5566d594a1f0_134 .array/port v0x5566d594a1f0, 134;
v0x5566d594a1f0_135 .array/port v0x5566d594a1f0, 135;
v0x5566d594a1f0_136 .array/port v0x5566d594a1f0, 136;
v0x5566d594a1f0_137 .array/port v0x5566d594a1f0, 137;
E_0x5566d59467c0/98 .event anyedge, v0x5566d594a1f0_134, v0x5566d594a1f0_135, v0x5566d594a1f0_136, v0x5566d594a1f0_137;
v0x5566d594a1f0_138 .array/port v0x5566d594a1f0, 138;
v0x5566d594a1f0_139 .array/port v0x5566d594a1f0, 139;
v0x5566d594a1f0_140 .array/port v0x5566d594a1f0, 140;
v0x5566d594a1f0_141 .array/port v0x5566d594a1f0, 141;
E_0x5566d59467c0/99 .event anyedge, v0x5566d594a1f0_138, v0x5566d594a1f0_139, v0x5566d594a1f0_140, v0x5566d594a1f0_141;
v0x5566d594a1f0_142 .array/port v0x5566d594a1f0, 142;
v0x5566d594a1f0_143 .array/port v0x5566d594a1f0, 143;
v0x5566d594a1f0_144 .array/port v0x5566d594a1f0, 144;
v0x5566d594a1f0_145 .array/port v0x5566d594a1f0, 145;
E_0x5566d59467c0/100 .event anyedge, v0x5566d594a1f0_142, v0x5566d594a1f0_143, v0x5566d594a1f0_144, v0x5566d594a1f0_145;
v0x5566d594a1f0_146 .array/port v0x5566d594a1f0, 146;
v0x5566d594a1f0_147 .array/port v0x5566d594a1f0, 147;
v0x5566d594a1f0_148 .array/port v0x5566d594a1f0, 148;
v0x5566d594a1f0_149 .array/port v0x5566d594a1f0, 149;
E_0x5566d59467c0/101 .event anyedge, v0x5566d594a1f0_146, v0x5566d594a1f0_147, v0x5566d594a1f0_148, v0x5566d594a1f0_149;
v0x5566d594a1f0_150 .array/port v0x5566d594a1f0, 150;
v0x5566d594a1f0_151 .array/port v0x5566d594a1f0, 151;
v0x5566d594a1f0_152 .array/port v0x5566d594a1f0, 152;
v0x5566d594a1f0_153 .array/port v0x5566d594a1f0, 153;
E_0x5566d59467c0/102 .event anyedge, v0x5566d594a1f0_150, v0x5566d594a1f0_151, v0x5566d594a1f0_152, v0x5566d594a1f0_153;
v0x5566d594a1f0_154 .array/port v0x5566d594a1f0, 154;
v0x5566d594a1f0_155 .array/port v0x5566d594a1f0, 155;
v0x5566d594a1f0_156 .array/port v0x5566d594a1f0, 156;
v0x5566d594a1f0_157 .array/port v0x5566d594a1f0, 157;
E_0x5566d59467c0/103 .event anyedge, v0x5566d594a1f0_154, v0x5566d594a1f0_155, v0x5566d594a1f0_156, v0x5566d594a1f0_157;
v0x5566d594a1f0_158 .array/port v0x5566d594a1f0, 158;
v0x5566d594a1f0_159 .array/port v0x5566d594a1f0, 159;
v0x5566d594a1f0_160 .array/port v0x5566d594a1f0, 160;
v0x5566d594a1f0_161 .array/port v0x5566d594a1f0, 161;
E_0x5566d59467c0/104 .event anyedge, v0x5566d594a1f0_158, v0x5566d594a1f0_159, v0x5566d594a1f0_160, v0x5566d594a1f0_161;
v0x5566d594a1f0_162 .array/port v0x5566d594a1f0, 162;
v0x5566d594a1f0_163 .array/port v0x5566d594a1f0, 163;
v0x5566d594a1f0_164 .array/port v0x5566d594a1f0, 164;
v0x5566d594a1f0_165 .array/port v0x5566d594a1f0, 165;
E_0x5566d59467c0/105 .event anyedge, v0x5566d594a1f0_162, v0x5566d594a1f0_163, v0x5566d594a1f0_164, v0x5566d594a1f0_165;
v0x5566d594a1f0_166 .array/port v0x5566d594a1f0, 166;
v0x5566d594a1f0_167 .array/port v0x5566d594a1f0, 167;
v0x5566d594a1f0_168 .array/port v0x5566d594a1f0, 168;
v0x5566d594a1f0_169 .array/port v0x5566d594a1f0, 169;
E_0x5566d59467c0/106 .event anyedge, v0x5566d594a1f0_166, v0x5566d594a1f0_167, v0x5566d594a1f0_168, v0x5566d594a1f0_169;
v0x5566d594a1f0_170 .array/port v0x5566d594a1f0, 170;
v0x5566d594a1f0_171 .array/port v0x5566d594a1f0, 171;
v0x5566d594a1f0_172 .array/port v0x5566d594a1f0, 172;
v0x5566d594a1f0_173 .array/port v0x5566d594a1f0, 173;
E_0x5566d59467c0/107 .event anyedge, v0x5566d594a1f0_170, v0x5566d594a1f0_171, v0x5566d594a1f0_172, v0x5566d594a1f0_173;
v0x5566d594a1f0_174 .array/port v0x5566d594a1f0, 174;
v0x5566d594a1f0_175 .array/port v0x5566d594a1f0, 175;
v0x5566d594a1f0_176 .array/port v0x5566d594a1f0, 176;
v0x5566d594a1f0_177 .array/port v0x5566d594a1f0, 177;
E_0x5566d59467c0/108 .event anyedge, v0x5566d594a1f0_174, v0x5566d594a1f0_175, v0x5566d594a1f0_176, v0x5566d594a1f0_177;
v0x5566d594a1f0_178 .array/port v0x5566d594a1f0, 178;
v0x5566d594a1f0_179 .array/port v0x5566d594a1f0, 179;
v0x5566d594a1f0_180 .array/port v0x5566d594a1f0, 180;
v0x5566d594a1f0_181 .array/port v0x5566d594a1f0, 181;
E_0x5566d59467c0/109 .event anyedge, v0x5566d594a1f0_178, v0x5566d594a1f0_179, v0x5566d594a1f0_180, v0x5566d594a1f0_181;
v0x5566d594a1f0_182 .array/port v0x5566d594a1f0, 182;
v0x5566d594a1f0_183 .array/port v0x5566d594a1f0, 183;
v0x5566d594a1f0_184 .array/port v0x5566d594a1f0, 184;
v0x5566d594a1f0_185 .array/port v0x5566d594a1f0, 185;
E_0x5566d59467c0/110 .event anyedge, v0x5566d594a1f0_182, v0x5566d594a1f0_183, v0x5566d594a1f0_184, v0x5566d594a1f0_185;
v0x5566d594a1f0_186 .array/port v0x5566d594a1f0, 186;
v0x5566d594a1f0_187 .array/port v0x5566d594a1f0, 187;
v0x5566d594a1f0_188 .array/port v0x5566d594a1f0, 188;
v0x5566d594a1f0_189 .array/port v0x5566d594a1f0, 189;
E_0x5566d59467c0/111 .event anyedge, v0x5566d594a1f0_186, v0x5566d594a1f0_187, v0x5566d594a1f0_188, v0x5566d594a1f0_189;
v0x5566d594a1f0_190 .array/port v0x5566d594a1f0, 190;
v0x5566d594a1f0_191 .array/port v0x5566d594a1f0, 191;
v0x5566d594a1f0_192 .array/port v0x5566d594a1f0, 192;
v0x5566d594a1f0_193 .array/port v0x5566d594a1f0, 193;
E_0x5566d59467c0/112 .event anyedge, v0x5566d594a1f0_190, v0x5566d594a1f0_191, v0x5566d594a1f0_192, v0x5566d594a1f0_193;
v0x5566d594a1f0_194 .array/port v0x5566d594a1f0, 194;
v0x5566d594a1f0_195 .array/port v0x5566d594a1f0, 195;
v0x5566d594a1f0_196 .array/port v0x5566d594a1f0, 196;
v0x5566d594a1f0_197 .array/port v0x5566d594a1f0, 197;
E_0x5566d59467c0/113 .event anyedge, v0x5566d594a1f0_194, v0x5566d594a1f0_195, v0x5566d594a1f0_196, v0x5566d594a1f0_197;
v0x5566d594a1f0_198 .array/port v0x5566d594a1f0, 198;
v0x5566d594a1f0_199 .array/port v0x5566d594a1f0, 199;
v0x5566d594a1f0_200 .array/port v0x5566d594a1f0, 200;
v0x5566d594a1f0_201 .array/port v0x5566d594a1f0, 201;
E_0x5566d59467c0/114 .event anyedge, v0x5566d594a1f0_198, v0x5566d594a1f0_199, v0x5566d594a1f0_200, v0x5566d594a1f0_201;
v0x5566d594a1f0_202 .array/port v0x5566d594a1f0, 202;
v0x5566d594a1f0_203 .array/port v0x5566d594a1f0, 203;
v0x5566d594a1f0_204 .array/port v0x5566d594a1f0, 204;
v0x5566d594a1f0_205 .array/port v0x5566d594a1f0, 205;
E_0x5566d59467c0/115 .event anyedge, v0x5566d594a1f0_202, v0x5566d594a1f0_203, v0x5566d594a1f0_204, v0x5566d594a1f0_205;
v0x5566d594a1f0_206 .array/port v0x5566d594a1f0, 206;
v0x5566d594a1f0_207 .array/port v0x5566d594a1f0, 207;
v0x5566d594a1f0_208 .array/port v0x5566d594a1f0, 208;
v0x5566d594a1f0_209 .array/port v0x5566d594a1f0, 209;
E_0x5566d59467c0/116 .event anyedge, v0x5566d594a1f0_206, v0x5566d594a1f0_207, v0x5566d594a1f0_208, v0x5566d594a1f0_209;
v0x5566d594a1f0_210 .array/port v0x5566d594a1f0, 210;
v0x5566d594a1f0_211 .array/port v0x5566d594a1f0, 211;
v0x5566d594a1f0_212 .array/port v0x5566d594a1f0, 212;
v0x5566d594a1f0_213 .array/port v0x5566d594a1f0, 213;
E_0x5566d59467c0/117 .event anyedge, v0x5566d594a1f0_210, v0x5566d594a1f0_211, v0x5566d594a1f0_212, v0x5566d594a1f0_213;
v0x5566d594a1f0_214 .array/port v0x5566d594a1f0, 214;
v0x5566d594a1f0_215 .array/port v0x5566d594a1f0, 215;
v0x5566d594a1f0_216 .array/port v0x5566d594a1f0, 216;
v0x5566d594a1f0_217 .array/port v0x5566d594a1f0, 217;
E_0x5566d59467c0/118 .event anyedge, v0x5566d594a1f0_214, v0x5566d594a1f0_215, v0x5566d594a1f0_216, v0x5566d594a1f0_217;
v0x5566d594a1f0_218 .array/port v0x5566d594a1f0, 218;
v0x5566d594a1f0_219 .array/port v0x5566d594a1f0, 219;
v0x5566d594a1f0_220 .array/port v0x5566d594a1f0, 220;
v0x5566d594a1f0_221 .array/port v0x5566d594a1f0, 221;
E_0x5566d59467c0/119 .event anyedge, v0x5566d594a1f0_218, v0x5566d594a1f0_219, v0x5566d594a1f0_220, v0x5566d594a1f0_221;
v0x5566d594a1f0_222 .array/port v0x5566d594a1f0, 222;
v0x5566d594a1f0_223 .array/port v0x5566d594a1f0, 223;
v0x5566d594a1f0_224 .array/port v0x5566d594a1f0, 224;
v0x5566d594a1f0_225 .array/port v0x5566d594a1f0, 225;
E_0x5566d59467c0/120 .event anyedge, v0x5566d594a1f0_222, v0x5566d594a1f0_223, v0x5566d594a1f0_224, v0x5566d594a1f0_225;
v0x5566d594a1f0_226 .array/port v0x5566d594a1f0, 226;
v0x5566d594a1f0_227 .array/port v0x5566d594a1f0, 227;
v0x5566d594a1f0_228 .array/port v0x5566d594a1f0, 228;
v0x5566d594a1f0_229 .array/port v0x5566d594a1f0, 229;
E_0x5566d59467c0/121 .event anyedge, v0x5566d594a1f0_226, v0x5566d594a1f0_227, v0x5566d594a1f0_228, v0x5566d594a1f0_229;
v0x5566d594a1f0_230 .array/port v0x5566d594a1f0, 230;
v0x5566d594a1f0_231 .array/port v0x5566d594a1f0, 231;
v0x5566d594a1f0_232 .array/port v0x5566d594a1f0, 232;
v0x5566d594a1f0_233 .array/port v0x5566d594a1f0, 233;
E_0x5566d59467c0/122 .event anyedge, v0x5566d594a1f0_230, v0x5566d594a1f0_231, v0x5566d594a1f0_232, v0x5566d594a1f0_233;
v0x5566d594a1f0_234 .array/port v0x5566d594a1f0, 234;
v0x5566d594a1f0_235 .array/port v0x5566d594a1f0, 235;
v0x5566d594a1f0_236 .array/port v0x5566d594a1f0, 236;
v0x5566d594a1f0_237 .array/port v0x5566d594a1f0, 237;
E_0x5566d59467c0/123 .event anyedge, v0x5566d594a1f0_234, v0x5566d594a1f0_235, v0x5566d594a1f0_236, v0x5566d594a1f0_237;
v0x5566d594a1f0_238 .array/port v0x5566d594a1f0, 238;
v0x5566d594a1f0_239 .array/port v0x5566d594a1f0, 239;
v0x5566d594a1f0_240 .array/port v0x5566d594a1f0, 240;
v0x5566d594a1f0_241 .array/port v0x5566d594a1f0, 241;
E_0x5566d59467c0/124 .event anyedge, v0x5566d594a1f0_238, v0x5566d594a1f0_239, v0x5566d594a1f0_240, v0x5566d594a1f0_241;
v0x5566d594a1f0_242 .array/port v0x5566d594a1f0, 242;
v0x5566d594a1f0_243 .array/port v0x5566d594a1f0, 243;
v0x5566d594a1f0_244 .array/port v0x5566d594a1f0, 244;
v0x5566d594a1f0_245 .array/port v0x5566d594a1f0, 245;
E_0x5566d59467c0/125 .event anyedge, v0x5566d594a1f0_242, v0x5566d594a1f0_243, v0x5566d594a1f0_244, v0x5566d594a1f0_245;
v0x5566d594a1f0_246 .array/port v0x5566d594a1f0, 246;
v0x5566d594a1f0_247 .array/port v0x5566d594a1f0, 247;
v0x5566d594a1f0_248 .array/port v0x5566d594a1f0, 248;
v0x5566d594a1f0_249 .array/port v0x5566d594a1f0, 249;
E_0x5566d59467c0/126 .event anyedge, v0x5566d594a1f0_246, v0x5566d594a1f0_247, v0x5566d594a1f0_248, v0x5566d594a1f0_249;
v0x5566d594a1f0_250 .array/port v0x5566d594a1f0, 250;
v0x5566d594a1f0_251 .array/port v0x5566d594a1f0, 251;
v0x5566d594a1f0_252 .array/port v0x5566d594a1f0, 252;
v0x5566d594a1f0_253 .array/port v0x5566d594a1f0, 253;
E_0x5566d59467c0/127 .event anyedge, v0x5566d594a1f0_250, v0x5566d594a1f0_251, v0x5566d594a1f0_252, v0x5566d594a1f0_253;
v0x5566d594a1f0_254 .array/port v0x5566d594a1f0, 254;
v0x5566d594a1f0_255 .array/port v0x5566d594a1f0, 255;
E_0x5566d59467c0/128 .event anyedge, v0x5566d594a1f0_254, v0x5566d594a1f0_255;
E_0x5566d59467c0 .event/or E_0x5566d59467c0/0, E_0x5566d59467c0/1, E_0x5566d59467c0/2, E_0x5566d59467c0/3, E_0x5566d59467c0/4, E_0x5566d59467c0/5, E_0x5566d59467c0/6, E_0x5566d59467c0/7, E_0x5566d59467c0/8, E_0x5566d59467c0/9, E_0x5566d59467c0/10, E_0x5566d59467c0/11, E_0x5566d59467c0/12, E_0x5566d59467c0/13, E_0x5566d59467c0/14, E_0x5566d59467c0/15, E_0x5566d59467c0/16, E_0x5566d59467c0/17, E_0x5566d59467c0/18, E_0x5566d59467c0/19, E_0x5566d59467c0/20, E_0x5566d59467c0/21, E_0x5566d59467c0/22, E_0x5566d59467c0/23, E_0x5566d59467c0/24, E_0x5566d59467c0/25, E_0x5566d59467c0/26, E_0x5566d59467c0/27, E_0x5566d59467c0/28, E_0x5566d59467c0/29, E_0x5566d59467c0/30, E_0x5566d59467c0/31, E_0x5566d59467c0/32, E_0x5566d59467c0/33, E_0x5566d59467c0/34, E_0x5566d59467c0/35, E_0x5566d59467c0/36, E_0x5566d59467c0/37, E_0x5566d59467c0/38, E_0x5566d59467c0/39, E_0x5566d59467c0/40, E_0x5566d59467c0/41, E_0x5566d59467c0/42, E_0x5566d59467c0/43, E_0x5566d59467c0/44, E_0x5566d59467c0/45, E_0x5566d59467c0/46, E_0x5566d59467c0/47, E_0x5566d59467c0/48, E_0x5566d59467c0/49, E_0x5566d59467c0/50, E_0x5566d59467c0/51, E_0x5566d59467c0/52, E_0x5566d59467c0/53, E_0x5566d59467c0/54, E_0x5566d59467c0/55, E_0x5566d59467c0/56, E_0x5566d59467c0/57, E_0x5566d59467c0/58, E_0x5566d59467c0/59, E_0x5566d59467c0/60, E_0x5566d59467c0/61, E_0x5566d59467c0/62, E_0x5566d59467c0/63, E_0x5566d59467c0/64, E_0x5566d59467c0/65, E_0x5566d59467c0/66, E_0x5566d59467c0/67, E_0x5566d59467c0/68, E_0x5566d59467c0/69, E_0x5566d59467c0/70, E_0x5566d59467c0/71, E_0x5566d59467c0/72, E_0x5566d59467c0/73, E_0x5566d59467c0/74, E_0x5566d59467c0/75, E_0x5566d59467c0/76, E_0x5566d59467c0/77, E_0x5566d59467c0/78, E_0x5566d59467c0/79, E_0x5566d59467c0/80, E_0x5566d59467c0/81, E_0x5566d59467c0/82, E_0x5566d59467c0/83, E_0x5566d59467c0/84, E_0x5566d59467c0/85, E_0x5566d59467c0/86, E_0x5566d59467c0/87, E_0x5566d59467c0/88, E_0x5566d59467c0/89, E_0x5566d59467c0/90, E_0x5566d59467c0/91, E_0x5566d59467c0/92, E_0x5566d59467c0/93, E_0x5566d59467c0/94, E_0x5566d59467c0/95, E_0x5566d59467c0/96, E_0x5566d59467c0/97, E_0x5566d59467c0/98, E_0x5566d59467c0/99, E_0x5566d59467c0/100, E_0x5566d59467c0/101, E_0x5566d59467c0/102, E_0x5566d59467c0/103, E_0x5566d59467c0/104, E_0x5566d59467c0/105, E_0x5566d59467c0/106, E_0x5566d59467c0/107, E_0x5566d59467c0/108, E_0x5566d59467c0/109, E_0x5566d59467c0/110, E_0x5566d59467c0/111, E_0x5566d59467c0/112, E_0x5566d59467c0/113, E_0x5566d59467c0/114, E_0x5566d59467c0/115, E_0x5566d59467c0/116, E_0x5566d59467c0/117, E_0x5566d59467c0/118, E_0x5566d59467c0/119, E_0x5566d59467c0/120, E_0x5566d59467c0/121, E_0x5566d59467c0/122, E_0x5566d59467c0/123, E_0x5566d59467c0/124, E_0x5566d59467c0/125, E_0x5566d59467c0/126, E_0x5566d59467c0/127, E_0x5566d59467c0/128;
S_0x5566d594f6b0 .scope module, "value_vector_calc" "matrix_multiplication" 4 46, 5 1 0, S_0x5566d573d2e0;
 .timescale 0 0;
    .port_info 0 /INPUT 768 "matA";
    .port_info 1 /INPUT 144 "matB";
    .port_info 2 /OUTPUT 768 "result_matrix";
P_0x5566d594f890 .param/l "M1" 0 5 2, +C4<00000000000000000000000000010000>;
P_0x5566d594f8d0 .param/l "N" 0 5 3, +C4<00000000000000000000000000000011>;
P_0x5566d594f910 .param/l "N2" 0 5 4, +C4<00000000000000000000000000000011>;
v0x5566d594fd50_0 .var/s "accumulator", 31 0;
v0x5566d594fe50_0 .var/2s "i", 31 0;
v0x5566d594ff30_0 .var/2s "j", 31 0;
v0x5566d5950020_0 .var/2s "k", 31 0;
v0x5566d5950100 .array "matA", 47 0;
v0x5566d5950100_0 .net/s v0x5566d5950100 0, 15 0, L_0x5566d5998f20; 1 drivers
v0x5566d5950100_1 .net/s v0x5566d5950100 1, 15 0, L_0x5566d5998fc0; 1 drivers
v0x5566d5950100_2 .net/s v0x5566d5950100 2, 15 0, L_0x5566d5999060; 1 drivers
v0x5566d5950100_3 .net/s v0x5566d5950100 3, 15 0, L_0x5566d5999100; 1 drivers
v0x5566d5950100_4 .net/s v0x5566d5950100 4, 15 0, L_0x5566d59991a0; 1 drivers
v0x5566d5950100_5 .net/s v0x5566d5950100 5, 15 0, L_0x5566d5713490; 1 drivers
v0x5566d5950100_6 .net/s v0x5566d5950100 6, 15 0, L_0x5566d59999f0; 1 drivers
v0x5566d5950100_7 .net/s v0x5566d5950100 7, 15 0, L_0x5566d5999a90; 1 drivers
v0x5566d5950100_8 .net/s v0x5566d5950100 8, 15 0, L_0x5566d5999320; 1 drivers
v0x5566d5950100_9 .net/s v0x5566d5950100 9, 15 0, L_0x5566d59993c0; 1 drivers
v0x5566d5950100_10 .net/s v0x5566d5950100 10, 15 0, L_0x5566d5999460; 1 drivers
v0x5566d5950100_11 .net/s v0x5566d5950100 11, 15 0, L_0x5566d5999500; 1 drivers
v0x5566d5950100_12 .net/s v0x5566d5950100 12, 15 0, L_0x5566d59995a0; 1 drivers
v0x5566d5950100_13 .net/s v0x5566d5950100 13, 15 0, L_0x5566d5999640; 1 drivers
v0x5566d5950100_14 .net/s v0x5566d5950100 14, 15 0, L_0x5566d59996e0; 1 drivers
v0x5566d5950100_15 .net/s v0x5566d5950100 15, 15 0, L_0x5566d5999780; 1 drivers
v0x5566d5950100_16 .net/s v0x5566d5950100 16, 15 0, L_0x5566d5999820; 1 drivers
v0x5566d5950100_17 .net/s v0x5566d5950100 17, 15 0, L_0x5566d59998c0; 1 drivers
v0x5566d5950100_18 .net/s v0x5566d5950100 18, 15 0, L_0x5566d5999960; 1 drivers
v0x5566d5950100_19 .net/s v0x5566d5950100 19, 15 0, L_0x5566d599a290; 1 drivers
v0x5566d5950100_20 .net/s v0x5566d5950100 20, 15 0, L_0x5566d5999b30; 1 drivers
v0x5566d5950100_21 .net/s v0x5566d5950100 21, 15 0, L_0x5566d5999bd0; 1 drivers
v0x5566d5950100_22 .net/s v0x5566d5950100 22, 15 0, L_0x5566d5999c70; 1 drivers
v0x5566d5950100_23 .net/s v0x5566d5950100 23, 15 0, L_0x5566d5999d10; 1 drivers
v0x5566d5950100_24 .net/s v0x5566d5950100 24, 15 0, L_0x5566d5999db0; 1 drivers
v0x5566d5950100_25 .net/s v0x5566d5950100 25, 15 0, L_0x5566d5999e50; 1 drivers
v0x5566d5950100_26 .net/s v0x5566d5950100 26, 15 0, L_0x5566d5999ef0; 1 drivers
v0x5566d5950100_27 .net/s v0x5566d5950100 27, 15 0, L_0x5566d5999f90; 1 drivers
v0x5566d5950100_28 .net/s v0x5566d5950100 28, 15 0, L_0x5566d599a030; 1 drivers
v0x5566d5950100_29 .net/s v0x5566d5950100 29, 15 0, L_0x5566d599a0d0; 1 drivers
v0x5566d5950100_30 .net/s v0x5566d5950100 30, 15 0, L_0x5566d599a170; 1 drivers
v0x5566d5950100_31 .net/s v0x5566d5950100 31, 15 0, L_0x5566d599aac0; 1 drivers
v0x5566d5950100_32 .net/s v0x5566d5950100 32, 15 0, L_0x5566d599a330; 1 drivers
v0x5566d5950100_33 .net/s v0x5566d5950100 33, 15 0, L_0x5566d599a3d0; 1 drivers
v0x5566d5950100_34 .net/s v0x5566d5950100 34, 15 0, L_0x5566d599a470; 1 drivers
v0x5566d5950100_35 .net/s v0x5566d5950100 35, 15 0, L_0x5566d599a510; 1 drivers
v0x5566d5950100_36 .net/s v0x5566d5950100 36, 15 0, L_0x5566d599a5b0; 1 drivers
v0x5566d5950100_37 .net/s v0x5566d5950100 37, 15 0, L_0x5566d599a650; 1 drivers
v0x5566d5950100_38 .net/s v0x5566d5950100 38, 15 0, L_0x5566d599a6f0; 1 drivers
v0x5566d5950100_39 .net/s v0x5566d5950100 39, 15 0, L_0x5566d599a790; 1 drivers
v0x5566d5950100_40 .net/s v0x5566d5950100 40, 15 0, L_0x5566d599a830; 1 drivers
v0x5566d5950100_41 .net/s v0x5566d5950100 41, 15 0, L_0x5566d599a8d0; 1 drivers
v0x5566d5950100_42 .net/s v0x5566d5950100 42, 15 0, L_0x5566d599a970; 1 drivers
v0x5566d5950100_43 .net/s v0x5566d5950100 43, 15 0, L_0x5566d599aa10; 1 drivers
v0x5566d5950100_44 .net/s v0x5566d5950100 44, 15 0, L_0x5566d599b330; 1 drivers
v0x5566d5950100_45 .net/s v0x5566d5950100 45, 15 0, L_0x5566d599b3d0; 1 drivers
v0x5566d5950100_46 .net/s v0x5566d5950100 46, 15 0, L_0x5566d599ab30; 1 drivers
v0x5566d5950100_47 .net/s v0x5566d5950100 47, 15 0, L_0x5566d599abd0; 1 drivers
v0x5566d59509a0 .array "matB", 8 0;
v0x5566d59509a0_0 .net/s v0x5566d59509a0 0, 15 0, L_0x5566d599ac70; 1 drivers
v0x5566d59509a0_1 .net/s v0x5566d59509a0 1, 15 0, L_0x5566d599ad40; 1 drivers
v0x5566d59509a0_2 .net/s v0x5566d59509a0 2, 15 0, L_0x5566d599ae10; 1 drivers
v0x5566d59509a0_3 .net/s v0x5566d59509a0 3, 15 0, L_0x5566d599aee0; 1 drivers
v0x5566d59509a0_4 .net/s v0x5566d59509a0 4, 15 0, L_0x5566d599afb0; 1 drivers
v0x5566d59509a0_5 .net/s v0x5566d59509a0 5, 15 0, L_0x5566d599b080; 1 drivers
v0x5566d59509a0_6 .net/s v0x5566d59509a0 6, 15 0, L_0x5566d599b150; 1 drivers
v0x5566d59509a0_7 .net/s v0x5566d59509a0 7, 15 0, L_0x5566d599b220; 1 drivers
v0x5566d59509a0_8 .net/s v0x5566d59509a0 8, 15 0, L_0x5566d5953b80; 1 drivers
v0x5566d5950bd0 .array/s "result_matrix", 47 0, 15 0;
E_0x5566d594fb20/0 .event anyedge, v0x5566d5950100_0, v0x5566d5950100_1, v0x5566d5950100_2, v0x5566d5950100_3;
E_0x5566d594fb20/1 .event anyedge, v0x5566d5950100_4, v0x5566d5950100_5, v0x5566d5950100_6, v0x5566d5950100_7;
E_0x5566d594fb20/2 .event anyedge, v0x5566d5950100_8, v0x5566d5950100_9, v0x5566d5950100_10, v0x5566d5950100_11;
E_0x5566d594fb20/3 .event anyedge, v0x5566d5950100_12, v0x5566d5950100_13, v0x5566d5950100_14, v0x5566d5950100_15;
E_0x5566d594fb20/4 .event anyedge, v0x5566d5950100_16, v0x5566d5950100_17, v0x5566d5950100_18, v0x5566d5950100_19;
E_0x5566d594fb20/5 .event anyedge, v0x5566d5950100_20, v0x5566d5950100_21, v0x5566d5950100_22, v0x5566d5950100_23;
E_0x5566d594fb20/6 .event anyedge, v0x5566d5950100_24, v0x5566d5950100_25, v0x5566d5950100_26, v0x5566d5950100_27;
E_0x5566d594fb20/7 .event anyedge, v0x5566d5950100_28, v0x5566d5950100_29, v0x5566d5950100_30, v0x5566d5950100_31;
E_0x5566d594fb20/8 .event anyedge, v0x5566d5950100_32, v0x5566d5950100_33, v0x5566d5950100_34, v0x5566d5950100_35;
E_0x5566d594fb20/9 .event anyedge, v0x5566d5950100_36, v0x5566d5950100_37, v0x5566d5950100_38, v0x5566d5950100_39;
E_0x5566d594fb20/10 .event anyedge, v0x5566d5950100_40, v0x5566d5950100_41, v0x5566d5950100_42, v0x5566d5950100_43;
E_0x5566d594fb20/11 .event anyedge, v0x5566d5950100_44, v0x5566d5950100_45, v0x5566d5950100_46, v0x5566d5950100_47;
E_0x5566d594fb20/12 .event anyedge, v0x5566d59509a0_0, v0x5566d59509a0_1, v0x5566d59509a0_2, v0x5566d59509a0_3;
E_0x5566d594fb20/13 .event anyedge, v0x5566d59509a0_4, v0x5566d59509a0_5, v0x5566d59509a0_6, v0x5566d59509a0_7;
E_0x5566d594fb20/14 .event anyedge, v0x5566d59509a0_8;
E_0x5566d594fb20 .event/or E_0x5566d594fb20/0, E_0x5566d594fb20/1, E_0x5566d594fb20/2, E_0x5566d594fb20/3, E_0x5566d594fb20/4, E_0x5566d594fb20/5, E_0x5566d594fb20/6, E_0x5566d594fb20/7, E_0x5566d594fb20/8, E_0x5566d594fb20/9, E_0x5566d594fb20/10, E_0x5566d594fb20/11, E_0x5566d594fb20/12, E_0x5566d594fb20/13, E_0x5566d594fb20/14;
    .scope S_0x5566d5753220;
T_0 ;
    %wait E_0x5566d55d6380;
    %vpi_func/r 7 7 "$itor", v0x5566d572a410_0 {0 0 0};
    %vpi_func/r 7 7 "$itor", v0x5566d572b590_0 {0 0 0};
    %vpi_func/r 7 7 "$sqrt", W<0,r> {0 1 0};
    %div/wr;
    %vpi_func 7 7 "$rtoi" 32, W<0,r> {0 1 0};
    %pad/s 16;
    %store/vec4 v0x5566d5729290_0, 0, 16;
    %jmp T_0;
    .thread T_0, $push;
    .scope S_0x5566d5755540;
T_1 ;
    %wait E_0x5566d55d92e0;
    %vpi_func/r 7 7 "$itor", v0x5566d572ea10_0 {0 0 0};
    %vpi_func/r 7 7 "$itor", v0x5566d572fba0_0 {0 0 0};
    %vpi_func/r 7 7 "$sqrt", W<0,r> {0 1 0};
    %div/wr;
    %vpi_func 7 7 "$rtoi" 32, W<0,r> {0 1 0};
    %pad/s 16;
    %store/vec4 v0x5566d572d8b0_0, 0, 16;
    %jmp T_1;
    .thread T_1, $push;
    .scope S_0x5566d5757860;
T_2 ;
    %wait E_0x5566d55da200;
    %vpi_func/r 7 7 "$itor", v0x5566d57341e0_0 {0 0 0};
    %vpi_func/r 7 7 "$itor", v0x5566d5735370_0 {0 0 0};
    %vpi_func/r 7 7 "$sqrt", W<0,r> {0 1 0};
    %div/wr;
    %vpi_func 7 7 "$rtoi" 32, W<0,r> {0 1 0};
    %pad/s 16;
    %store/vec4 v0x5566d5733050_0, 0, 16;
    %jmp T_2;
    .thread T_2, $push;
    .scope S_0x5566d5759b80;
T_3 ;
    %wait E_0x5566d55d6bf0;
    %vpi_func/r 7 7 "$itor", v0x5566d5738820_0 {0 0 0};
    %vpi_func/r 7 7 "$itor", v0x5566d57399b0_0 {0 0 0};
    %vpi_func/r 7 7 "$sqrt", W<0,r> {0 1 0};
    %div/wr;
    %vpi_func 7 7 "$rtoi" 32, W<0,r> {0 1 0};
    %pad/s 16;
    %store/vec4 v0x5566d5737690_0, 0, 16;
    %jmp T_3;
    .thread T_3, $push;
    .scope S_0x5566d575bea0;
T_4 ;
    %wait E_0x5566d55d4980;
    %vpi_func/r 7 7 "$itor", v0x5566d573cea0_0 {0 0 0};
    %vpi_func/r 7 7 "$itor", v0x5566d573dff0_0 {0 0 0};
    %vpi_func/r 7 7 "$sqrt", W<0,r> {0 1 0};
    %div/wr;
    %vpi_func 7 7 "$rtoi" 32, W<0,r> {0 1 0};
    %pad/s 16;
    %store/vec4 v0x5566d573bd60_0, 0, 16;
    %jmp T_4;
    .thread T_4, $push;
    .scope S_0x5566d575e1c0;
T_5 ;
    %wait E_0x5566d55d9a70;
    %vpi_func/r 7 7 "$itor", v0x5566d5742630_0 {0 0 0};
    %vpi_func/r 7 7 "$itor", v0x5566d57437c0_0 {0 0 0};
    %vpi_func/r 7 7 "$sqrt", W<0,r> {0 1 0};
    %div/wr;
    %vpi_func 7 7 "$rtoi" 32, W<0,r> {0 1 0};
    %pad/s 16;
    %store/vec4 v0x5566d57414a0_0, 0, 16;
    %jmp T_5;
    .thread T_5, $push;
    .scope S_0x5566d57604e0;
T_6 ;
    %wait E_0x5566d55dc9a0;
    %vpi_func/r 7 7 "$itor", v0x5566d5746c70_0 {0 0 0};
    %vpi_func/r 7 7 "$itor", v0x5566d5747e00_0 {0 0 0};
    %vpi_func/r 7 7 "$sqrt", W<0,r> {0 1 0};
    %div/wr;
    %vpi_func 7 7 "$rtoi" 32, W<0,r> {0 1 0};
    %pad/s 16;
    %store/vec4 v0x5566d5745ae0_0, 0, 16;
    %jmp T_6;
    .thread T_6, $push;
    .scope S_0x5566d5762800;
T_7 ;
    %wait E_0x5566d55dc8f0;
    %vpi_func/r 7 7 "$itor", v0x5566d574b2d0_0 {0 0 0};
    %vpi_func/r 7 7 "$itor", v0x5566d574c440_0 {0 0 0};
    %vpi_func/r 7 7 "$sqrt", W<0,r> {0 1 0};
    %div/wr;
    %vpi_func 7 7 "$rtoi" 32, W<0,r> {0 1 0};
    %pad/s 16;
    %store/vec4 v0x5566d574a1d0_0, 0, 16;
    %jmp T_7;
    .thread T_7, $push;
    .scope S_0x5566d5764b20;
T_8 ;
    %wait E_0x5566d55bf950;
    %vpi_func/r 7 7 "$itor", v0x5566d574f950_0 {0 0 0};
    %vpi_func/r 7 7 "$itor", v0x5566d5750a80_0 {0 0 0};
    %vpi_func/r 7 7 "$sqrt", W<0,r> {0 1 0};
    %div/wr;
    %vpi_func 7 7 "$rtoi" 32, W<0,r> {0 1 0};
    %pad/s 16;
    %store/vec4 v0x5566d574e810_0, 0, 16;
    %jmp T_8;
    .thread T_8, $push;
    .scope S_0x5566d5766e40;
T_9 ;
    %wait E_0x5566d58d9b50;
    %vpi_func/r 7 7 "$itor", v0x5566d57550c0_0 {0 0 0};
    %vpi_func/r 7 7 "$itor", v0x5566d5756250_0 {0 0 0};
    %vpi_func/r 7 7 "$sqrt", W<0,r> {0 1 0};
    %div/wr;
    %vpi_func 7 7 "$rtoi" 32, W<0,r> {0 1 0};
    %pad/s 16;
    %store/vec4 v0x5566d5753f30_0, 0, 16;
    %jmp T_9;
    .thread T_9, $push;
    .scope S_0x5566d5769160;
T_10 ;
    %wait E_0x5566d5758570;
    %vpi_func/r 7 7 "$itor", v0x5566d5759720_0 {0 0 0};
    %vpi_func/r 7 7 "$itor", v0x5566d575a890_0 {0 0 0};
    %vpi_func/r 7 7 "$sqrt", W<0,r> {0 1 0};
    %div/wr;
    %vpi_func 7 7 "$rtoi" 32, W<0,r> {0 1 0};
    %pad/s 16;
    %store/vec4 v0x5566d57585f0_0, 0, 16;
    %jmp T_10;
    .thread T_10, $push;
    .scope S_0x5566d576b480;
T_11 ;
    %wait E_0x5566d575bb30;
    %vpi_func/r 7 7 "$itor", v0x5566d575eed0_0 {0 0 0};
    %vpi_func/r 7 7 "$itor", v0x5566d5760060_0 {0 0 0};
    %vpi_func/r 7 7 "$sqrt", W<0,r> {0 1 0};
    %div/wr;
    %vpi_func 7 7 "$rtoi" 32, W<0,r> {0 1 0};
    %pad/s 16;
    %store/vec4 v0x5566d575dd40_0, 0, 16;
    %jmp T_11;
    .thread T_11, $push;
    .scope S_0x5566d576d7a0;
T_12 ;
    %wait E_0x5566d5762380;
    %vpi_func/r 7 7 "$itor", v0x5566d5763550_0 {0 0 0};
    %vpi_func/r 7 7 "$itor", v0x5566d57646a0_0 {0 0 0};
    %vpi_func/r 7 7 "$sqrt", W<0,r> {0 1 0};
    %div/wr;
    %vpi_func 7 7 "$rtoi" 32, W<0,r> {0 1 0};
    %pad/s 16;
    %store/vec4 v0x5566d5762400_0, 0, 16;
    %jmp T_12;
    .thread T_12, $push;
    .scope S_0x5566d576fac0;
T_13 ;
    %wait E_0x5566d5766a80;
    %vpi_func/r 7 7 "$itor", v0x5566d5768ce0_0 {0 0 0};
    %vpi_func/r 7 7 "$itor", v0x5566d5769e70_0 {0 0 0};
    %vpi_func/r 7 7 "$sqrt", W<0,r> {0 1 0};
    %div/wr;
    %vpi_func 7 7 "$rtoi" 32, W<0,r> {0 1 0};
    %pad/s 16;
    %store/vec4 v0x5566d5767b50_0, 0, 16;
    %jmp T_13;
    .thread T_13, $push;
    .scope S_0x5566d5771de0;
T_14 ;
    %wait E_0x5566d576b110;
    %vpi_func/r 7 7 "$itor", v0x5566d576d380_0 {0 0 0};
    %vpi_func/r 7 7 "$itor", v0x5566d576e4b0_0 {0 0 0};
    %vpi_func/r 7 7 "$sqrt", W<0,r> {0 1 0};
    %div/wr;
    %vpi_func 7 7 "$rtoi" 32, W<0,r> {0 1 0};
    %pad/s 16;
    %store/vec4 v0x5566d576c240_0, 0, 16;
    %jmp T_14;
    .thread T_14, $push;
    .scope S_0x5566d5774100;
T_15 ;
    %wait E_0x5566d57708d0;
    %vpi_func/r 7 7 "$itor", v0x5566d5772af0_0 {0 0 0};
    %vpi_func/r 7 7 "$itor", v0x5566d5773c80_0 {0 0 0};
    %vpi_func/r 7 7 "$sqrt", W<0,r> {0 1 0};
    %div/wr;
    %vpi_func 7 7 "$rtoi" 32, W<0,r> {0 1 0};
    %pad/s 16;
    %store/vec4 v0x5566d57719a0_0, 0, 16;
    %jmp T_15;
    .thread T_15, $push;
    .scope S_0x5566d57775b0;
T_16 ;
    %wait E_0x5566d57771a0;
    %vpi_func/r 7 7 "$itor", v0x5566d5779450_0 {0 0 0};
    %vpi_func/r 7 7 "$itor", v0x5566d577a5e0_0 {0 0 0};
    %vpi_func/r 7 7 "$sqrt", W<0,r> {0 1 0};
    %div/wr;
    %vpi_func 7 7 "$rtoi" 32, W<0,r> {0 1 0};
    %pad/s 16;
    %store/vec4 v0x5566d57782c0_0, 0, 16;
    %jmp T_16;
    .thread T_16, $push;
    .scope S_0x5566d57798d0;
T_17 ;
    %wait E_0x5566d577c900;
    %vpi_func/r 7 7 "$itor", v0x5566d577da90_0 {0 0 0};
    %vpi_func/r 7 7 "$itor", v0x5566d577ec20_0 {0 0 0};
    %vpi_func/r 7 7 "$sqrt", W<0,r> {0 1 0};
    %div/wr;
    %vpi_func 7 7 "$rtoi" 32, W<0,r> {0 1 0};
    %pad/s 16;
    %store/vec4 v0x5566d577c980_0, 0, 16;
    %jmp T_17;
    .thread T_17, $push;
    .scope S_0x5566d577bbf0;
T_18 ;
    %wait E_0x5566d5780fd0;
    %vpi_func/r 7 7 "$itor", v0x5566d5783260_0 {0 0 0};
    %vpi_func/r 7 7 "$itor", v0x5566d57843f0_0 {0 0 0};
    %vpi_func/r 7 7 "$sqrt", W<0,r> {0 1 0};
    %div/wr;
    %vpi_func 7 7 "$rtoi" 32, W<0,r> {0 1 0};
    %pad/s 16;
    %store/vec4 v0x5566d57820d0_0, 0, 16;
    %jmp T_18;
    .thread T_18, $push;
    .scope S_0x5566d577df10;
T_19 ;
    %wait E_0x5566d5786710;
    %vpi_func/r 7 7 "$itor", v0x5566d57878c0_0 {0 0 0};
    %vpi_func/r 7 7 "$itor", v0x5566d5788a30_0 {0 0 0};
    %vpi_func/r 7 7 "$sqrt", W<0,r> {0 1 0};
    %div/wr;
    %vpi_func 7 7 "$rtoi" 32, W<0,r> {0 1 0};
    %pad/s 16;
    %store/vec4 v0x5566d5786770_0, 0, 16;
    %jmp T_19;
    .thread T_19, $push;
    .scope S_0x5566d5780230;
T_20 ;
    %wait E_0x5566d578bee0;
    %vpi_func/r 7 7 "$itor", v0x5566d578d090_0 {0 0 0};
    %vpi_func/r 7 7 "$itor", v0x5566d578e200_0 {0 0 0};
    %vpi_func/r 7 7 "$sqrt", W<0,r> {0 1 0};
    %div/wr;
    %vpi_func 7 7 "$rtoi" 32, W<0,r> {0 1 0};
    %pad/s 16;
    %store/vec4 v0x5566d578bf60_0, 0, 16;
    %jmp T_20;
    .thread T_20, $push;
    .scope S_0x5566d5782550;
T_21 ;
    %wait E_0x5566d578f4a0;
    %vpi_func/r 7 7 "$itor", v0x5566d5792840_0 {0 0 0};
    %vpi_func/r 7 7 "$itor", v0x5566d57939d0_0 {0 0 0};
    %vpi_func/r 7 7 "$sqrt", W<0,r> {0 1 0};
    %div/wr;
    %vpi_func 7 7 "$rtoi" 32, W<0,r> {0 1 0};
    %pad/s 16;
    %store/vec4 v0x5566d57916b0_0, 0, 16;
    %jmp T_21;
    .thread T_21, $push;
    .scope S_0x5566d5784870;
T_22 ;
    %wait E_0x5566d5795cf0;
    %vpi_func/r 7 7 "$itor", v0x5566d5796ea0_0 {0 0 0};
    %vpi_func/r 7 7 "$itor", v0x5566d5798010_0 {0 0 0};
    %vpi_func/r 7 7 "$sqrt", W<0,r> {0 1 0};
    %div/wr;
    %vpi_func 7 7 "$rtoi" 32, W<0,r> {0 1 0};
    %pad/s 16;
    %store/vec4 v0x5566d5795d70_0, 0, 16;
    %jmp T_22;
    .thread T_22, $push;
    .scope S_0x5566d5786b90;
T_23 ;
    %wait E_0x5566d57992b0;
    %vpi_func/r 7 7 "$itor", v0x5566d579c650_0 {0 0 0};
    %vpi_func/r 7 7 "$itor", v0x5566d579d7e0_0 {0 0 0};
    %vpi_func/r 7 7 "$sqrt", W<0,r> {0 1 0};
    %div/wr;
    %vpi_func 7 7 "$rtoi" 32, W<0,r> {0 1 0};
    %pad/s 16;
    %store/vec4 v0x5566d579b4c0_0, 0, 16;
    %jmp T_23;
    .thread T_23, $push;
    .scope S_0x5566d5788eb0;
T_24 ;
    %wait E_0x5566d579fb70;
    %vpi_func/r 7 7 "$itor", v0x5566d57a1e20_0 {0 0 0};
    %vpi_func/r 7 7 "$itor", v0x5566d57a2fb0_0 {0 0 0};
    %vpi_func/r 7 7 "$sqrt", W<0,r> {0 1 0};
    %div/wr;
    %vpi_func 7 7 "$rtoi" 32, W<0,r> {0 1 0};
    %pad/s 16;
    %store/vec4 v0x5566d57a0c90_0, 0, 16;
    %jmp T_24;
    .thread T_24, $push;
    .scope S_0x5566d578b1d0;
T_25 ;
    %wait E_0x5566d57a4240;
    %vpi_func/r 7 7 "$itor", v0x5566d57a6460_0 {0 0 0};
    %vpi_func/r 7 7 "$itor", v0x5566d57a75f0_0 {0 0 0};
    %vpi_func/r 7 7 "$sqrt", W<0,r> {0 1 0};
    %div/wr;
    %vpi_func 7 7 "$rtoi" 32, W<0,r> {0 1 0};
    %pad/s 16;
    %store/vec4 v0x5566d57a5310_0, 0, 16;
    %jmp T_25;
    .thread T_25, $push;
    .scope S_0x5566d578d4f0;
T_26 ;
    %wait E_0x5566d57a9980;
    %vpi_func/r 7 7 "$itor", v0x5566d57abc30_0 {0 0 0};
    %vpi_func/r 7 7 "$itor", v0x5566d57acdc0_0 {0 0 0};
    %vpi_func/r 7 7 "$sqrt", W<0,r> {0 1 0};
    %div/wr;
    %vpi_func 7 7 "$rtoi" 32, W<0,r> {0 1 0};
    %pad/s 16;
    %store/vec4 v0x5566d57aaaa0_0, 0, 16;
    %jmp T_26;
    .thread T_26, $push;
    .scope S_0x5566d578f810;
T_27 ;
    %wait E_0x5566d57af0e0;
    %vpi_func/r 7 7 "$itor", v0x5566d57b0270_0 {0 0 0};
    %vpi_func/r 7 7 "$itor", v0x5566d57b1400_0 {0 0 0};
    %vpi_func/r 7 7 "$sqrt", W<0,r> {0 1 0};
    %div/wr;
    %vpi_func 7 7 "$rtoi" 32, W<0,r> {0 1 0};
    %pad/s 16;
    %store/vec4 v0x5566d57af160_0, 0, 16;
    %jmp T_27;
    .thread T_27, $push;
    .scope S_0x5566d5791b30;
T_28 ;
    %wait E_0x5566d57b3790;
    %vpi_func/r 7 7 "$itor", v0x5566d57b5a40_0 {0 0 0};
    %vpi_func/r 7 7 "$itor", v0x5566d57b6bd0_0 {0 0 0};
    %vpi_func/r 7 7 "$sqrt", W<0,r> {0 1 0};
    %div/wr;
    %vpi_func 7 7 "$rtoi" 32, W<0,r> {0 1 0};
    %pad/s 16;
    %store/vec4 v0x5566d57b48b0_0, 0, 16;
    %jmp T_28;
    .thread T_28, $push;
    .scope S_0x5566d5793e50;
T_29 ;
    %wait E_0x5566d57b8ef0;
    %vpi_func/r 7 7 "$itor", v0x5566d57ba0a0_0 {0 0 0};
    %vpi_func/r 7 7 "$itor", v0x5566d57bb210_0 {0 0 0};
    %vpi_func/r 7 7 "$sqrt", W<0,r> {0 1 0};
    %div/wr;
    %vpi_func 7 7 "$rtoi" 32, W<0,r> {0 1 0};
    %pad/s 16;
    %store/vec4 v0x5566d57b8f70_0, 0, 16;
    %jmp T_29;
    .thread T_29, $push;
    .scope S_0x5566d5796170;
T_30 ;
    %wait E_0x5566d57bc4b0;
    %vpi_func/r 7 7 "$itor", v0x5566d57bf850_0 {0 0 0};
    %vpi_func/r 7 7 "$itor", v0x5566d57c09e0_0 {0 0 0};
    %vpi_func/r 7 7 "$sqrt", W<0,r> {0 1 0};
    %div/wr;
    %vpi_func 7 7 "$rtoi" 32, W<0,r> {0 1 0};
    %pad/s 16;
    %store/vec4 v0x5566d57be6c0_0, 0, 16;
    %jmp T_30;
    .thread T_30, $push;
    .scope S_0x5566d5798490;
T_31 ;
    %wait E_0x5566d57c2d00;
    %vpi_func/r 7 7 "$itor", v0x5566d57c3ed0_0 {0 0 0};
    %vpi_func/r 7 7 "$itor", v0x5566d57c5020_0 {0 0 0};
    %vpi_func/r 7 7 "$sqrt", W<0,r> {0 1 0};
    %div/wr;
    %vpi_func 7 7 "$rtoi" 32, W<0,r> {0 1 0};
    %pad/s 16;
    %store/vec4 v0x5566d57c2d80_0, 0, 16;
    %jmp T_31;
    .thread T_31, $push;
    .scope S_0x5566d579b940;
T_32 ;
    %wait E_0x5566d57c8590;
    %vpi_func/r 7 7 "$itor", v0x5566d57ca7f0_0 {0 0 0};
    %vpi_func/r 7 7 "$itor", v0x5566d57cb980_0 {0 0 0};
    %vpi_func/r 7 7 "$sqrt", W<0,r> {0 1 0};
    %div/wr;
    %vpi_func 7 7 "$rtoi" 32, W<0,r> {0 1 0};
    %pad/s 16;
    %store/vec4 v0x5566d57c9660_0, 0, 16;
    %jmp T_32;
    .thread T_32, $push;
    .scope S_0x5566d579dc60;
T_33 ;
    %wait E_0x5566d57ccc20;
    %vpi_func/r 7 7 "$itor", v0x5566d57cee90_0 {0 0 0};
    %vpi_func/r 7 7 "$itor", v0x5566d57cffc0_0 {0 0 0};
    %vpi_func/r 7 7 "$sqrt", W<0,r> {0 1 0};
    %div/wr;
    %vpi_func 7 7 "$rtoi" 32, W<0,r> {0 1 0};
    %pad/s 16;
    %store/vec4 v0x5566d57cdd50_0, 0, 16;
    %jmp T_33;
    .thread T_33, $push;
    .scope S_0x5566d579ff80;
T_34 ;
    %wait E_0x5566d57d23c0;
    %vpi_func/r 7 7 "$itor", v0x5566d57d4600_0 {0 0 0};
    %vpi_func/r 7 7 "$itor", v0x5566d57d5790_0 {0 0 0};
    %vpi_func/r 7 7 "$sqrt", W<0,r> {0 1 0};
    %div/wr;
    %vpi_func 7 7 "$rtoi" 32, W<0,r> {0 1 0};
    %pad/s 16;
    %store/vec4 v0x5566d57d3490_0, 0, 16;
    %jmp T_34;
    .thread T_34, $push;
    .scope S_0x5566d57a22a0;
T_35 ;
    %wait E_0x5566d57d7b20;
    %vpi_func/r 7 7 "$itor", v0x5566d57d9dd0_0 {0 0 0};
    %vpi_func/r 7 7 "$itor", v0x5566d57daf60_0 {0 0 0};
    %vpi_func/r 7 7 "$sqrt", W<0,r> {0 1 0};
    %div/wr;
    %vpi_func 7 7 "$rtoi" 32, W<0,r> {0 1 0};
    %pad/s 16;
    %store/vec4 v0x5566d57d8c40_0, 0, 16;
    %jmp T_35;
    .thread T_35, $push;
    .scope S_0x5566d57a45c0;
T_36 ;
    %wait E_0x5566d57dc200;
    %vpi_func/r 7 7 "$itor", v0x5566d57de450_0 {0 0 0};
    %vpi_func/r 7 7 "$itor", v0x5566d57df5a0_0 {0 0 0};
    %vpi_func/r 7 7 "$sqrt", W<0,r> {0 1 0};
    %div/wr;
    %vpi_func 7 7 "$rtoi" 32, W<0,r> {0 1 0};
    %pad/s 16;
    %store/vec4 v0x5566d57dd330_0, 0, 16;
    %jmp T_36;
    .thread T_36, $push;
    .scope S_0x5566d57a68e0;
T_37 ;
    %wait E_0x5566d57e19a0;
    %vpi_func/r 7 7 "$itor", v0x5566d57e3be0_0 {0 0 0};
    %vpi_func/r 7 7 "$itor", v0x5566d57e4d70_0 {0 0 0};
    %vpi_func/r 7 7 "$sqrt", W<0,r> {0 1 0};
    %div/wr;
    %vpi_func 7 7 "$rtoi" 32, W<0,r> {0 1 0};
    %pad/s 16;
    %store/vec4 v0x5566d57e2a70_0, 0, 16;
    %jmp T_37;
    .thread T_37, $push;
    .scope S_0x5566d57a8c00;
T_38 ;
    %wait E_0x5566d57e6010;
    %vpi_func/r 7 7 "$itor", v0x5566d57e8280_0 {0 0 0};
    %vpi_func/r 7 7 "$itor", v0x5566d57e93b0_0 {0 0 0};
    %vpi_func/r 7 7 "$sqrt", W<0,r> {0 1 0};
    %div/wr;
    %vpi_func 7 7 "$rtoi" 32, W<0,r> {0 1 0};
    %pad/s 16;
    %store/vec4 v0x5566d57e7140_0, 0, 16;
    %jmp T_38;
    .thread T_38, $push;
    .scope S_0x5566d57aaf20;
T_39 ;
    %wait E_0x5566d57eb7b0;
    %vpi_func/r 7 7 "$itor", v0x5566d57ed9f0_0 {0 0 0};
    %vpi_func/r 7 7 "$itor", v0x5566d57eeb80_0 {0 0 0};
    %vpi_func/r 7 7 "$sqrt", W<0,r> {0 1 0};
    %div/wr;
    %vpi_func 7 7 "$rtoi" 32, W<0,r> {0 1 0};
    %pad/s 16;
    %store/vec4 v0x5566d57ec880_0, 0, 16;
    %jmp T_39;
    .thread T_39, $push;
    .scope S_0x5566d57ad240;
T_40 ;
    %wait E_0x5566d57f0f10;
    %vpi_func/r 7 7 "$itor", v0x5566d57f31c0_0 {0 0 0};
    %vpi_func/r 7 7 "$itor", v0x5566d57f4350_0 {0 0 0};
    %vpi_func/r 7 7 "$sqrt", W<0,r> {0 1 0};
    %div/wr;
    %vpi_func 7 7 "$rtoi" 32, W<0,r> {0 1 0};
    %pad/s 16;
    %store/vec4 v0x5566d57f2030_0, 0, 16;
    %jmp T_40;
    .thread T_40, $push;
    .scope S_0x5566d57af560;
T_41 ;
    %wait E_0x5566d57f6670;
    %vpi_func/r 7 7 "$itor", v0x5566d57f7840_0 {0 0 0};
    %vpi_func/r 7 7 "$itor", v0x5566d57f8990_0 {0 0 0};
    %vpi_func/r 7 7 "$sqrt", W<0,r> {0 1 0};
    %div/wr;
    %vpi_func 7 7 "$rtoi" 32, W<0,r> {0 1 0};
    %pad/s 16;
    %store/vec4 v0x5566d57f66f0_0, 0, 16;
    %jmp T_41;
    .thread T_41, $push;
    .scope S_0x5566d57b1880;
T_42 ;
    %wait E_0x5566d57fad70;
    %vpi_func/r 7 7 "$itor", v0x5566d57fcfd0_0 {0 0 0};
    %vpi_func/r 7 7 "$itor", v0x5566d57fe160_0 {0 0 0};
    %vpi_func/r 7 7 "$sqrt", W<0,r> {0 1 0};
    %div/wr;
    %vpi_func 7 7 "$rtoi" 32, W<0,r> {0 1 0};
    %pad/s 16;
    %store/vec4 v0x5566d57fbe40_0, 0, 16;
    %jmp T_42;
    .thread T_42, $push;
    .scope S_0x5566d57b3ba0;
T_43 ;
    %wait E_0x5566d5800480;
    %vpi_func/r 7 7 "$itor", v0x5566d5801650_0 {0 0 0};
    %vpi_func/r 7 7 "$itor", v0x5566d58027a0_0 {0 0 0};
    %vpi_func/r 7 7 "$sqrt", W<0,r> {0 1 0};
    %div/wr;
    %vpi_func 7 7 "$rtoi" 32, W<0,r> {0 1 0};
    %pad/s 16;
    %store/vec4 v0x5566d5800500_0, 0, 16;
    %jmp T_43;
    .thread T_43, $push;
    .scope S_0x5566d57b5ec0;
T_44 ;
    %wait E_0x5566d5804b80;
    %vpi_func/r 7 7 "$itor", v0x5566d5806de0_0 {0 0 0};
    %vpi_func/r 7 7 "$itor", v0x5566d5807f70_0 {0 0 0};
    %vpi_func/r 7 7 "$sqrt", W<0,r> {0 1 0};
    %div/wr;
    %vpi_func 7 7 "$rtoi" 32, W<0,r> {0 1 0};
    %pad/s 16;
    %store/vec4 v0x5566d5805c50_0, 0, 16;
    %jmp T_44;
    .thread T_44, $push;
    .scope S_0x5566d57b81e0;
T_45 ;
    %wait E_0x5566d5809210;
    %vpi_func/r 7 7 "$itor", v0x5566d580b480_0 {0 0 0};
    %vpi_func/r 7 7 "$itor", v0x5566d580c5b0_0 {0 0 0};
    %vpi_func/r 7 7 "$sqrt", W<0,r> {0 1 0};
    %div/wr;
    %vpi_func 7 7 "$rtoi" 32, W<0,r> {0 1 0};
    %pad/s 16;
    %store/vec4 v0x5566d580a340_0, 0, 16;
    %jmp T_45;
    .thread T_45, $push;
    .scope S_0x5566d57ba500;
T_46 ;
    %wait E_0x5566d580e9d0;
    %vpi_func/r 7 7 "$itor", v0x5566d5810bf0_0 {0 0 0};
    %vpi_func/r 7 7 "$itor", v0x5566d5811d80_0 {0 0 0};
    %vpi_func/r 7 7 "$sqrt", W<0,r> {0 1 0};
    %div/wr;
    %vpi_func 7 7 "$rtoi" 32, W<0,r> {0 1 0};
    %pad/s 16;
    %store/vec4 v0x5566d580faa0_0, 0, 16;
    %jmp T_46;
    .thread T_46, $push;
    .scope S_0x5566d57bc820;
T_47 ;
    %wait E_0x5566d5814110;
    %vpi_func/r 7 7 "$itor", v0x5566d58163c0_0 {0 0 0};
    %vpi_func/r 7 7 "$itor", v0x5566d5817550_0 {0 0 0};
    %vpi_func/r 7 7 "$sqrt", W<0,r> {0 1 0};
    %div/wr;
    %vpi_func 7 7 "$rtoi" 32, W<0,r> {0 1 0};
    %pad/s 16;
    %store/vec4 v0x5566d5815230_0, 0, 16;
    %jmp T_47;
    .thread T_47, $push;
    .scope S_0x5566d57bfcd0;
T_48 ;
    %wait E_0x5566d581aa70;
    %vpi_func/r 7 7 "$itor", v0x5566d581cd20_0 {0 0 0};
    %vpi_func/r 7 7 "$itor", v0x5566d581deb0_0 {0 0 0};
    %vpi_func/r 7 7 "$sqrt", W<0,r> {0 1 0};
    %div/wr;
    %vpi_func 7 7 "$rtoi" 32, W<0,r> {0 1 0};
    %pad/s 16;
    %store/vec4 v0x5566d581bb90_0, 0, 16;
    %jmp T_48;
    .thread T_48, $push;
    .scope S_0x5566d57c1ff0;
T_49 ;
    %wait E_0x5566d581f100;
    %vpi_func/r 7 7 "$itor", v0x5566d5821360_0 {0 0 0};
    %vpi_func/r 7 7 "$itor", v0x5566d58224f0_0 {0 0 0};
    %vpi_func/r 7 7 "$sqrt", W<0,r> {0 1 0};
    %div/wr;
    %vpi_func 7 7 "$rtoi" 32, W<0,r> {0 1 0};
    %pad/s 16;
    %store/vec4 v0x5566d58201d0_0, 0, 16;
    %jmp T_49;
    .thread T_49, $push;
    .scope S_0x5566d57c4310;
T_50 ;
    %wait E_0x5566d5823790;
    %vpi_func/r 7 7 "$itor", v0x5566d5712850_0 {0 0 0};
    %vpi_func/r 7 7 "$itor", v0x5566d5713990_0 {0 0 0};
    %vpi_func/r 7 7 "$sqrt", W<0,r> {0 1 0};
    %div/wr;
    %vpi_func 7 7 "$rtoi" 32, W<0,r> {0 1 0};
    %pad/s 16;
    %store/vec4 v0x5566d5711720_0, 0, 16;
    %jmp T_50;
    .thread T_50, $push;
    .scope S_0x5566d57c6630;
T_51 ;
    %wait E_0x5566d5713ab0;
    %vpi_func/r 7 7 "$itor", v0x5566d5717f90_0 {0 0 0};
    %vpi_func/r 7 7 "$itor", v0x5566d5719110_0 {0 0 0};
    %vpi_func/r 7 7 "$sqrt", W<0,r> {0 1 0};
    %div/wr;
    %vpi_func 7 7 "$rtoi" 32, W<0,r> {0 1 0};
    %pad/s 16;
    %store/vec4 v0x5566d5716e10_0, 0, 16;
    %jmp T_51;
    .thread T_51, $push;
    .scope S_0x5566d57c8950;
T_52 ;
    %wait E_0x5566d5719230;
    %vpi_func/r 7 7 "$itor", v0x5566d571c5b0_0 {0 0 0};
    %vpi_func/r 7 7 "$itor", v0x5566d571d710_0 {0 0 0};
    %vpi_func/r 7 7 "$sqrt", W<0,r> {0 1 0};
    %div/wr;
    %vpi_func 7 7 "$rtoi" 32, W<0,r> {0 1 0};
    %pad/s 16;
    %store/vec4 v0x5566d571b4c0_0, 0, 16;
    %jmp T_52;
    .thread T_52, $push;
    .scope S_0x5566d57cac70;
T_53 ;
    %wait E_0x5566d571fa80;
    %vpi_func/r 7 7 "$itor", v0x5566d5721d10_0 {0 0 0};
    %vpi_func/r 7 7 "$itor", v0x5566d5722e90_0 {0 0 0};
    %vpi_func/r 7 7 "$sqrt", W<0,r> {0 1 0};
    %div/wr;
    %vpi_func 7 7 "$rtoi" 32, W<0,r> {0 1 0};
    %pad/s 16;
    %store/vec4 v0x5566d5720b90_0, 0, 16;
    %jmp T_53;
    .thread T_53, $push;
    .scope S_0x5566d57ccf90;
T_54 ;
    %wait E_0x5566d571fb30;
    %vpi_func/r 7 7 "$itor", v0x5566d5726310_0 {0 0 0};
    %vpi_func/r 7 7 "$itor", v0x5566d5727490_0 {0 0 0};
    %vpi_func/r 7 7 "$sqrt", W<0,r> {0 1 0};
    %div/wr;
    %vpi_func 7 7 "$rtoi" 32, W<0,r> {0 1 0};
    %pad/s 16;
    %store/vec4 v0x5566d5725190_0, 0, 16;
    %jmp T_54;
    .thread T_54, $push;
    .scope S_0x5566d57cf2b0;
T_55 ;
    %wait E_0x5566d5729790;
    %vpi_func/r 7 7 "$itor", v0x5566d572a910_0 {0 0 0};
    %vpi_func/r 7 7 "$itor", v0x5566d572ba90_0 {0 0 0};
    %vpi_func/r 7 7 "$sqrt", W<0,r> {0 1 0};
    %div/wr;
    %vpi_func 7 7 "$rtoi" 32, W<0,r> {0 1 0};
    %pad/s 16;
    %store/vec4 v0x5566d5729810_0, 0, 16;
    %jmp T_55;
    .thread T_55, $push;
    .scope S_0x5566d57d15d0;
T_56 ;
    %wait E_0x5566d572de20;
    %vpi_func/r 7 7 "$itor", v0x5566d57d2860_0 {0 0 0};
    %vpi_func/r 7 7 "$itor", v0x5566d57d38f0_0 {0 0 0};
    %vpi_func/r 7 7 "$sqrt", W<0,r> {0 1 0};
    %div/wr;
    %vpi_func 7 7 "$rtoi" 32, W<0,r> {0 1 0};
    %pad/s 16;
    %store/vec4 v0x5566d57d2760_0, 0, 16;
    %jmp T_56;
    .thread T_56, $push;
    .scope S_0x5566d57d6da0;
T_57 ;
    %wait E_0x5566d57d7fa0;
    %vpi_func/r 7 7 "$itor", v0x5566d57d9100_0 {0 0 0};
    %vpi_func/r 7 7 "$itor", v0x5566d57da250_0 {0 0 0};
    %vpi_func/r 7 7 "$sqrt", W<0,r> {0 1 0};
    %div/wr;
    %vpi_func 7 7 "$rtoi" 32, W<0,r> {0 1 0};
    %pad/s 16;
    %store/vec4 v0x5566d57d8020_0, 0, 16;
    %jmp T_57;
    .thread T_57, $push;
    .scope S_0x5566d57dd700;
T_58 ;
    %wait E_0x5566d57de890;
    %vpi_func/r 7 7 "$itor", v0x5566d57dfa20_0 {0 0 0};
    %vpi_func/r 7 7 "$itor", v0x5566d57dfb00_0 {0 0 0};
    %vpi_func/r 7 7 "$sqrt", W<0,r> {0 1 0};
    %div/wr;
    %vpi_func 7 7 "$rtoi" 32, W<0,r> {0 1 0};
    %pad/s 16;
    %store/vec4 v0x5566d57de910_0, 0, 16;
    %jmp T_58;
    .thread T_58, $push;
    .scope S_0x5566d57e4060;
T_59 ;
    %wait E_0x5566d57e2ff0;
    %vpi_func/r 7 7 "$itor", v0x5566d57e52f0_0 {0 0 0};
    %vpi_func/r 7 7 "$itor", v0x5566d57e63c0_0 {0 0 0};
    %vpi_func/r 7 7 "$sqrt", W<0,r> {0 1 0};
    %div/wr;
    %vpi_func 7 7 "$rtoi" 32, W<0,r> {0 1 0};
    %pad/s 16;
    %store/vec4 v0x5566d57e51f0_0, 0, 16;
    %jmp T_59;
    .thread T_59, $push;
    .scope S_0x5566d57e9830;
T_60 ;
    %wait E_0x5566d57eaa30;
    %vpi_func/r 7 7 "$itor", v0x5566d57ebb90_0 {0 0 0};
    %vpi_func/r 7 7 "$itor", v0x5566d57ecce0_0 {0 0 0};
    %vpi_func/r 7 7 "$sqrt", W<0,r> {0 1 0};
    %div/wr;
    %vpi_func 7 7 "$rtoi" 32, W<0,r> {0 1 0};
    %pad/s 16;
    %store/vec4 v0x5566d57eaa90_0, 0, 16;
    %jmp T_60;
    .thread T_60, $push;
    .scope S_0x5566d57f0190;
T_61 ;
    %wait E_0x5566d57f1320;
    %vpi_func/r 7 7 "$itor", v0x5566d57f24b0_0 {0 0 0};
    %vpi_func/r 7 7 "$itor", v0x5566d57f2590_0 {0 0 0};
    %vpi_func/r 7 7 "$sqrt", W<0,r> {0 1 0};
    %div/wr;
    %vpi_func 7 7 "$rtoi" 32, W<0,r> {0 1 0};
    %pad/s 16;
    %store/vec4 v0x5566d57f13a0_0, 0, 16;
    %jmp T_61;
    .thread T_61, $push;
    .scope S_0x5566d57f6af0;
T_62 ;
    %wait E_0x5566d57f5a80;
    %vpi_func/r 7 7 "$itor", v0x5566d57f7d80_0 {0 0 0};
    %vpi_func/r 7 7 "$itor", v0x5566d57f8e50_0 {0 0 0};
    %vpi_func/r 7 7 "$sqrt", W<0,r> {0 1 0};
    %div/wr;
    %vpi_func 7 7 "$rtoi" 32, W<0,r> {0 1 0};
    %pad/s 16;
    %store/vec4 v0x5566d57f7c80_0, 0, 16;
    %jmp T_62;
    .thread T_62, $push;
    .scope S_0x5566d57fc2c0;
T_63 ;
    %wait E_0x5566d57fd4c0;
    %vpi_func/r 7 7 "$itor", v0x5566d57fe620_0 {0 0 0};
    %vpi_func/r 7 7 "$itor", v0x5566d57ff770_0 {0 0 0};
    %vpi_func/r 7 7 "$sqrt", W<0,r> {0 1 0};
    %div/wr;
    %vpi_func 7 7 "$rtoi" 32, W<0,r> {0 1 0};
    %pad/s 16;
    %store/vec4 v0x5566d57fd520_0, 0, 16;
    %jmp T_63;
    .thread T_63, $push;
    .scope S_0x5566d5804f40;
T_64 ;
    %wait E_0x5566d5803ed0;
    %vpi_func/r 7 7 "$itor", v0x5566d58061d0_0 {0 0 0};
    %vpi_func/r 7 7 "$itor", v0x5566d58072a0_0 {0 0 0};
    %vpi_func/r 7 7 "$sqrt", W<0,r> {0 1 0};
    %div/wr;
    %vpi_func 7 7 "$rtoi" 32, W<0,r> {0 1 0};
    %pad/s 16;
    %store/vec4 v0x5566d58060d0_0, 0, 16;
    %jmp T_64;
    .thread T_64, $push;
    .scope S_0x5566d580a710;
T_65 ;
    %wait E_0x5566d580b930;
    %vpi_func/r 7 7 "$itor", v0x5566d580cb30_0 {0 0 0};
    %vpi_func/r 7 7 "$itor", v0x5566d580dbc0_0 {0 0 0};
    %vpi_func/r 7 7 "$sqrt", W<0,r> {0 1 0};
    %div/wr;
    %vpi_func 7 7 "$rtoi" 32, W<0,r> {0 1 0};
    %pad/s 16;
    %store/vec4 v0x5566d580ca30_0, 0, 16;
    %jmp T_65;
    .thread T_65, $push;
    .scope S_0x5566d5811070;
T_66 ;
    %wait E_0x5566d5812200;
    %vpi_func/r 7 7 "$itor", v0x5566d5813390_0 {0 0 0};
    %vpi_func/r 7 7 "$itor", v0x5566d5813450_0 {0 0 0};
    %vpi_func/r 7 7 "$sqrt", W<0,r> {0 1 0};
    %div/wr;
    %vpi_func 7 7 "$rtoi" 32, W<0,r> {0 1 0};
    %pad/s 16;
    %store/vec4 v0x5566d5812280_0, 0, 16;
    %jmp T_66;
    .thread T_66, $push;
    .scope S_0x5566d58179d0;
T_67 ;
    %wait E_0x5566d5816960;
    %vpi_func/r 7 7 "$itor", v0x5566d5818c60_0 {0 0 0};
    %vpi_func/r 7 7 "$itor", v0x5566d5819d30_0 {0 0 0};
    %vpi_func/r 7 7 "$sqrt", W<0,r> {0 1 0};
    %div/wr;
    %vpi_func 7 7 "$rtoi" 32, W<0,r> {0 1 0};
    %pad/s 16;
    %store/vec4 v0x5566d5818b60_0, 0, 16;
    %jmp T_67;
    .thread T_67, $push;
    .scope S_0x5566d581d1a0;
T_68 ;
    %wait E_0x5566d581e410;
    %vpi_func/r 7 7 "$itor", v0x5566d581f5c0_0 {0 0 0};
    %vpi_func/r 7 7 "$itor", v0x5566d5820650_0 {0 0 0};
    %vpi_func/r 7 7 "$sqrt", W<0,r> {0 1 0};
    %div/wr;
    %vpi_func 7 7 "$rtoi" 32, W<0,r> {0 1 0};
    %pad/s 16;
    %store/vec4 v0x5566d581f4c0_0, 0, 16;
    %jmp T_68;
    .thread T_68, $push;
    .scope S_0x5566d5823b00;
T_69 ;
    %wait E_0x5566d55e9380;
    %vpi_func/r 7 7 "$itor", v0x5566d55e9500_0 {0 0 0};
    %vpi_func/r 7 7 "$itor", v0x5566d55e95e0_0 {0 0 0};
    %vpi_func/r 7 7 "$sqrt", W<0,r> {0 1 0};
    %div/wr;
    %vpi_func 7 7 "$rtoi" 32, W<0,r> {0 1 0};
    %pad/s 16;
    %store/vec4 v0x5566d55e9400_0, 0, 16;
    %jmp T_69;
    .thread T_69, $push;
    .scope S_0x5566d55e7a00;
T_70 ;
    %wait E_0x5566d55e7c00;
    %vpi_func/r 7 7 "$itor", v0x5566d559b610_0 {0 0 0};
    %vpi_func/r 7 7 "$itor", v0x5566d559b6f0_0 {0 0 0};
    %vpi_func/r 7 7 "$sqrt", W<0,r> {0 1 0};
    %div/wr;
    %vpi_func 7 7 "$rtoi" 32, W<0,r> {0 1 0};
    %pad/s 16;
    %store/vec4 v0x5566d559b510_0, 0, 16;
    %jmp T_70;
    .thread T_70, $push;
    .scope S_0x5566d58dc160;
T_71 ;
    %wait E_0x5566d58dc380;
    %vpi_func/r 7 7 "$itor", v0x5566d58dc500_0 {0 0 0};
    %vpi_func/r 7 7 "$itor", v0x5566d58dc5e0_0 {0 0 0};
    %vpi_func/r 7 7 "$sqrt", W<0,r> {0 1 0};
    %div/wr;
    %vpi_func 7 7 "$rtoi" 32, W<0,r> {0 1 0};
    %pad/s 16;
    %store/vec4 v0x5566d58dc400_0, 0, 16;
    %jmp T_71;
    .thread T_71, $push;
    .scope S_0x5566d58dca50;
T_72 ;
    %wait E_0x5566d58dccc0;
    %vpi_func/r 7 7 "$itor", v0x5566d58dce40_0 {0 0 0};
    %vpi_func/r 7 7 "$itor", v0x5566d58dcf20_0 {0 0 0};
    %vpi_func/r 7 7 "$sqrt", W<0,r> {0 1 0};
    %div/wr;
    %vpi_func 7 7 "$rtoi" 32, W<0,r> {0 1 0};
    %pad/s 16;
    %store/vec4 v0x5566d58dcd40_0, 0, 16;
    %jmp T_72;
    .thread T_72, $push;
    .scope S_0x5566d58dd350;
T_73 ;
    %wait E_0x5566d58dd5c0;
    %vpi_func/r 7 7 "$itor", v0x5566d58dd740_0 {0 0 0};
    %vpi_func/r 7 7 "$itor", v0x5566d58dd820_0 {0 0 0};
    %vpi_func/r 7 7 "$sqrt", W<0,r> {0 1 0};
    %div/wr;
    %vpi_func 7 7 "$rtoi" 32, W<0,r> {0 1 0};
    %pad/s 16;
    %store/vec4 v0x5566d58dd640_0, 0, 16;
    %jmp T_73;
    .thread T_73, $push;
    .scope S_0x5566d58ddc50;
T_74 ;
    %wait E_0x5566d58ddec0;
    %vpi_func/r 7 7 "$itor", v0x5566d58de040_0 {0 0 0};
    %vpi_func/r 7 7 "$itor", v0x5566d58de120_0 {0 0 0};
    %vpi_func/r 7 7 "$sqrt", W<0,r> {0 1 0};
    %div/wr;
    %vpi_func 7 7 "$rtoi" 32, W<0,r> {0 1 0};
    %pad/s 16;
    %store/vec4 v0x5566d58ddf40_0, 0, 16;
    %jmp T_74;
    .thread T_74, $push;
    .scope S_0x5566d58de550;
T_75 ;
    %wait E_0x5566d58de7c0;
    %vpi_func/r 7 7 "$itor", v0x5566d58de940_0 {0 0 0};
    %vpi_func/r 7 7 "$itor", v0x5566d58dea20_0 {0 0 0};
    %vpi_func/r 7 7 "$sqrt", W<0,r> {0 1 0};
    %div/wr;
    %vpi_func 7 7 "$rtoi" 32, W<0,r> {0 1 0};
    %pad/s 16;
    %store/vec4 v0x5566d58de840_0, 0, 16;
    %jmp T_75;
    .thread T_75, $push;
    .scope S_0x5566d58dee50;
T_76 ;
    %wait E_0x5566d58df0c0;
    %vpi_func/r 7 7 "$itor", v0x5566d58df240_0 {0 0 0};
    %vpi_func/r 7 7 "$itor", v0x5566d58df320_0 {0 0 0};
    %vpi_func/r 7 7 "$sqrt", W<0,r> {0 1 0};
    %div/wr;
    %vpi_func 7 7 "$rtoi" 32, W<0,r> {0 1 0};
    %pad/s 16;
    %store/vec4 v0x5566d58df140_0, 0, 16;
    %jmp T_76;
    .thread T_76, $push;
    .scope S_0x5566d58df750;
T_77 ;
    %wait E_0x5566d58df9c0;
    %vpi_func/r 7 7 "$itor", v0x5566d58dfb40_0 {0 0 0};
    %vpi_func/r 7 7 "$itor", v0x5566d58dfc20_0 {0 0 0};
    %vpi_func/r 7 7 "$sqrt", W<0,r> {0 1 0};
    %div/wr;
    %vpi_func 7 7 "$rtoi" 32, W<0,r> {0 1 0};
    %pad/s 16;
    %store/vec4 v0x5566d58dfa40_0, 0, 16;
    %jmp T_77;
    .thread T_77, $push;
    .scope S_0x5566d58e0050;
T_78 ;
    %wait E_0x5566d58e02c0;
    %vpi_func/r 7 7 "$itor", v0x5566d58e0440_0 {0 0 0};
    %vpi_func/r 7 7 "$itor", v0x5566d58e0520_0 {0 0 0};
    %vpi_func/r 7 7 "$sqrt", W<0,r> {0 1 0};
    %div/wr;
    %vpi_func 7 7 "$rtoi" 32, W<0,r> {0 1 0};
    %pad/s 16;
    %store/vec4 v0x5566d58e0340_0, 0, 16;
    %jmp T_78;
    .thread T_78, $push;
    .scope S_0x5566d58e0950;
T_79 ;
    %wait E_0x5566d58e0bc0;
    %vpi_func/r 7 7 "$itor", v0x5566d58e0d40_0 {0 0 0};
    %vpi_func/r 7 7 "$itor", v0x5566d58e0e20_0 {0 0 0};
    %vpi_func/r 7 7 "$sqrt", W<0,r> {0 1 0};
    %div/wr;
    %vpi_func 7 7 "$rtoi" 32, W<0,r> {0 1 0};
    %pad/s 16;
    %store/vec4 v0x5566d58e0c40_0, 0, 16;
    %jmp T_79;
    .thread T_79, $push;
    .scope S_0x5566d58e1530;
T_80 ;
    %wait E_0x5566d58e17a0;
    %vpi_func/r 7 7 "$itor", v0x5566d58e1920_0 {0 0 0};
    %vpi_func/r 7 7 "$itor", v0x5566d58e1a00_0 {0 0 0};
    %vpi_func/r 7 7 "$sqrt", W<0,r> {0 1 0};
    %div/wr;
    %vpi_func 7 7 "$rtoi" 32, W<0,r> {0 1 0};
    %pad/s 16;
    %store/vec4 v0x5566d58e1820_0, 0, 16;
    %jmp T_80;
    .thread T_80, $push;
    .scope S_0x5566d58e1e30;
T_81 ;
    %wait E_0x5566d58e20a0;
    %vpi_func/r 7 7 "$itor", v0x5566d58e2220_0 {0 0 0};
    %vpi_func/r 7 7 "$itor", v0x5566d58e2300_0 {0 0 0};
    %vpi_func/r 7 7 "$sqrt", W<0,r> {0 1 0};
    %div/wr;
    %vpi_func 7 7 "$rtoi" 32, W<0,r> {0 1 0};
    %pad/s 16;
    %store/vec4 v0x5566d58e2120_0, 0, 16;
    %jmp T_81;
    .thread T_81, $push;
    .scope S_0x5566d58e2740;
T_82 ;
    %wait E_0x5566d58e29b0;
    %vpi_func/r 7 7 "$itor", v0x5566d58e2b30_0 {0 0 0};
    %vpi_func/r 7 7 "$itor", v0x5566d58e2c10_0 {0 0 0};
    %vpi_func/r 7 7 "$sqrt", W<0,r> {0 1 0};
    %div/wr;
    %vpi_func 7 7 "$rtoi" 32, W<0,r> {0 1 0};
    %pad/s 16;
    %store/vec4 v0x5566d58e2a30_0, 0, 16;
    %jmp T_82;
    .thread T_82, $push;
    .scope S_0x5566d58e3040;
T_83 ;
    %wait E_0x5566d58e32b0;
    %vpi_func/r 7 7 "$itor", v0x5566d58e3430_0 {0 0 0};
    %vpi_func/r 7 7 "$itor", v0x5566d58e3510_0 {0 0 0};
    %vpi_func/r 7 7 "$sqrt", W<0,r> {0 1 0};
    %div/wr;
    %vpi_func 7 7 "$rtoi" 32, W<0,r> {0 1 0};
    %pad/s 16;
    %store/vec4 v0x5566d58e3330_0, 0, 16;
    %jmp T_83;
    .thread T_83, $push;
    .scope S_0x5566d58e3990;
T_84 ;
    %wait E_0x5566d58e3c00;
    %vpi_func/r 7 7 "$itor", v0x5566d58e3d80_0 {0 0 0};
    %vpi_func/r 7 7 "$itor", v0x5566d58e3e60_0 {0 0 0};
    %vpi_func/r 7 7 "$sqrt", W<0,r> {0 1 0};
    %div/wr;
    %vpi_func 7 7 "$rtoi" 32, W<0,r> {0 1 0};
    %pad/s 16;
    %store/vec4 v0x5566d58e3c80_0, 0, 16;
    %jmp T_84;
    .thread T_84, $push;
    .scope S_0x5566d58e4260;
T_85 ;
    %wait E_0x5566d58e44d0;
    %vpi_func/r 7 7 "$itor", v0x5566d58e4650_0 {0 0 0};
    %vpi_func/r 7 7 "$itor", v0x5566d58e4730_0 {0 0 0};
    %vpi_func/r 7 7 "$sqrt", W<0,r> {0 1 0};
    %div/wr;
    %vpi_func 7 7 "$rtoi" 32, W<0,r> {0 1 0};
    %pad/s 16;
    %store/vec4 v0x5566d58e4550_0, 0, 16;
    %jmp T_85;
    .thread T_85, $push;
    .scope S_0x5566d58e4b60;
T_86 ;
    %wait E_0x5566d58e4dd0;
    %vpi_func/r 7 7 "$itor", v0x5566d58e4f50_0 {0 0 0};
    %vpi_func/r 7 7 "$itor", v0x5566d58e5030_0 {0 0 0};
    %vpi_func/r 7 7 "$sqrt", W<0,r> {0 1 0};
    %div/wr;
    %vpi_func 7 7 "$rtoi" 32, W<0,r> {0 1 0};
    %pad/s 16;
    %store/vec4 v0x5566d58e4e50_0, 0, 16;
    %jmp T_86;
    .thread T_86, $push;
    .scope S_0x5566d58e5460;
T_87 ;
    %wait E_0x5566d58e56d0;
    %vpi_func/r 7 7 "$itor", v0x5566d58e5850_0 {0 0 0};
    %vpi_func/r 7 7 "$itor", v0x5566d58e5930_0 {0 0 0};
    %vpi_func/r 7 7 "$sqrt", W<0,r> {0 1 0};
    %div/wr;
    %vpi_func 7 7 "$rtoi" 32, W<0,r> {0 1 0};
    %pad/s 16;
    %store/vec4 v0x5566d58e5750_0, 0, 16;
    %jmp T_87;
    .thread T_87, $push;
    .scope S_0x5566d58e5da0;
T_88 ;
    %wait E_0x5566d58e6010;
    %vpi_func/r 7 7 "$itor", v0x5566d58e6190_0 {0 0 0};
    %vpi_func/r 7 7 "$itor", v0x5566d58e6270_0 {0 0 0};
    %vpi_func/r 7 7 "$sqrt", W<0,r> {0 1 0};
    %div/wr;
    %vpi_func 7 7 "$rtoi" 32, W<0,r> {0 1 0};
    %pad/s 16;
    %store/vec4 v0x5566d58e6090_0, 0, 16;
    %jmp T_88;
    .thread T_88, $push;
    .scope S_0x5566d58e66a0;
T_89 ;
    %wait E_0x5566d58e6910;
    %vpi_func/r 7 7 "$itor", v0x5566d58e6a90_0 {0 0 0};
    %vpi_func/r 7 7 "$itor", v0x5566d58e6b70_0 {0 0 0};
    %vpi_func/r 7 7 "$sqrt", W<0,r> {0 1 0};
    %div/wr;
    %vpi_func 7 7 "$rtoi" 32, W<0,r> {0 1 0};
    %pad/s 16;
    %store/vec4 v0x5566d58e6990_0, 0, 16;
    %jmp T_89;
    .thread T_89, $push;
    .scope S_0x5566d58e6fa0;
T_90 ;
    %wait E_0x5566d58e7210;
    %vpi_func/r 7 7 "$itor", v0x5566d58e7390_0 {0 0 0};
    %vpi_func/r 7 7 "$itor", v0x5566d58e7470_0 {0 0 0};
    %vpi_func/r 7 7 "$sqrt", W<0,r> {0 1 0};
    %div/wr;
    %vpi_func 7 7 "$rtoi" 32, W<0,r> {0 1 0};
    %pad/s 16;
    %store/vec4 v0x5566d58e7290_0, 0, 16;
    %jmp T_90;
    .thread T_90, $push;
    .scope S_0x5566d58e78a0;
T_91 ;
    %wait E_0x5566d58e7b10;
    %vpi_func/r 7 7 "$itor", v0x5566d58e7c90_0 {0 0 0};
    %vpi_func/r 7 7 "$itor", v0x5566d58e7d70_0 {0 0 0};
    %vpi_func/r 7 7 "$sqrt", W<0,r> {0 1 0};
    %div/wr;
    %vpi_func 7 7 "$rtoi" 32, W<0,r> {0 1 0};
    %pad/s 16;
    %store/vec4 v0x5566d58e7b90_0, 0, 16;
    %jmp T_91;
    .thread T_91, $push;
    .scope S_0x5566d58e81a0;
T_92 ;
    %wait E_0x5566d58e8410;
    %vpi_func/r 7 7 "$itor", v0x5566d58e8590_0 {0 0 0};
    %vpi_func/r 7 7 "$itor", v0x5566d58e8670_0 {0 0 0};
    %vpi_func/r 7 7 "$sqrt", W<0,r> {0 1 0};
    %div/wr;
    %vpi_func 7 7 "$rtoi" 32, W<0,r> {0 1 0};
    %pad/s 16;
    %store/vec4 v0x5566d58e8490_0, 0, 16;
    %jmp T_92;
    .thread T_92, $push;
    .scope S_0x5566d58e8aa0;
T_93 ;
    %wait E_0x5566d58e8d10;
    %vpi_func/r 7 7 "$itor", v0x5566d58e8e90_0 {0 0 0};
    %vpi_func/r 7 7 "$itor", v0x5566d58e8f70_0 {0 0 0};
    %vpi_func/r 7 7 "$sqrt", W<0,r> {0 1 0};
    %div/wr;
    %vpi_func 7 7 "$rtoi" 32, W<0,r> {0 1 0};
    %pad/s 16;
    %store/vec4 v0x5566d58e8d90_0, 0, 16;
    %jmp T_93;
    .thread T_93, $push;
    .scope S_0x5566d58e93a0;
T_94 ;
    %wait E_0x5566d58e9610;
    %vpi_func/r 7 7 "$itor", v0x5566d58e9790_0 {0 0 0};
    %vpi_func/r 7 7 "$itor", v0x5566d58e9870_0 {0 0 0};
    %vpi_func/r 7 7 "$sqrt", W<0,r> {0 1 0};
    %div/wr;
    %vpi_func 7 7 "$rtoi" 32, W<0,r> {0 1 0};
    %pad/s 16;
    %store/vec4 v0x5566d58e9690_0, 0, 16;
    %jmp T_94;
    .thread T_94, $push;
    .scope S_0x5566d58e9ca0;
T_95 ;
    %wait E_0x5566d58e9f10;
    %vpi_func/r 7 7 "$itor", v0x5566d58ea090_0 {0 0 0};
    %vpi_func/r 7 7 "$itor", v0x5566d58ea170_0 {0 0 0};
    %vpi_func/r 7 7 "$sqrt", W<0,r> {0 1 0};
    %div/wr;
    %vpi_func 7 7 "$rtoi" 32, W<0,r> {0 1 0};
    %pad/s 16;
    %store/vec4 v0x5566d58e9f90_0, 0, 16;
    %jmp T_95;
    .thread T_95, $push;
    .scope S_0x5566d58ea880;
T_96 ;
    %wait E_0x5566d58eaaf0;
    %vpi_func/r 7 7 "$itor", v0x5566d58eac70_0 {0 0 0};
    %vpi_func/r 7 7 "$itor", v0x5566d58ead50_0 {0 0 0};
    %vpi_func/r 7 7 "$sqrt", W<0,r> {0 1 0};
    %div/wr;
    %vpi_func 7 7 "$rtoi" 32, W<0,r> {0 1 0};
    %pad/s 16;
    %store/vec4 v0x5566d58eab70_0, 0, 16;
    %jmp T_96;
    .thread T_96, $push;
    .scope S_0x5566d58eb180;
T_97 ;
    %wait E_0x5566d58eb3f0;
    %vpi_func/r 7 7 "$itor", v0x5566d58eb570_0 {0 0 0};
    %vpi_func/r 7 7 "$itor", v0x5566d58eb650_0 {0 0 0};
    %vpi_func/r 7 7 "$sqrt", W<0,r> {0 1 0};
    %div/wr;
    %vpi_func 7 7 "$rtoi" 32, W<0,r> {0 1 0};
    %pad/s 16;
    %store/vec4 v0x5566d58eb470_0, 0, 16;
    %jmp T_97;
    .thread T_97, $push;
    .scope S_0x5566d58eba90;
T_98 ;
    %wait E_0x5566d58ebd00;
    %vpi_func/r 7 7 "$itor", v0x5566d58ebe80_0 {0 0 0};
    %vpi_func/r 7 7 "$itor", v0x5566d58ebf60_0 {0 0 0};
    %vpi_func/r 7 7 "$sqrt", W<0,r> {0 1 0};
    %div/wr;
    %vpi_func 7 7 "$rtoi" 32, W<0,r> {0 1 0};
    %pad/s 16;
    %store/vec4 v0x5566d58ebd80_0, 0, 16;
    %jmp T_98;
    .thread T_98, $push;
    .scope S_0x5566d58ec390;
T_99 ;
    %wait E_0x5566d58ec600;
    %vpi_func/r 7 7 "$itor", v0x5566d58ec780_0 {0 0 0};
    %vpi_func/r 7 7 "$itor", v0x5566d58ec860_0 {0 0 0};
    %vpi_func/r 7 7 "$sqrt", W<0,r> {0 1 0};
    %div/wr;
    %vpi_func 7 7 "$rtoi" 32, W<0,r> {0 1 0};
    %pad/s 16;
    %store/vec4 v0x5566d58ec680_0, 0, 16;
    %jmp T_99;
    .thread T_99, $push;
    .scope S_0x5566d58ecce0;
T_100 ;
    %wait E_0x5566d58ecf50;
    %vpi_func/r 7 7 "$itor", v0x5566d58ed0d0_0 {0 0 0};
    %vpi_func/r 7 7 "$itor", v0x5566d58ed1b0_0 {0 0 0};
    %vpi_func/r 7 7 "$sqrt", W<0,r> {0 1 0};
    %div/wr;
    %vpi_func 7 7 "$rtoi" 32, W<0,r> {0 1 0};
    %pad/s 16;
    %store/vec4 v0x5566d58ecfd0_0, 0, 16;
    %jmp T_100;
    .thread T_100, $push;
    .scope S_0x5566d58ed5b0;
T_101 ;
    %wait E_0x5566d58ed820;
    %vpi_func/r 7 7 "$itor", v0x5566d58ed9a0_0 {0 0 0};
    %vpi_func/r 7 7 "$itor", v0x5566d58eda80_0 {0 0 0};
    %vpi_func/r 7 7 "$sqrt", W<0,r> {0 1 0};
    %div/wr;
    %vpi_func 7 7 "$rtoi" 32, W<0,r> {0 1 0};
    %pad/s 16;
    %store/vec4 v0x5566d58ed8a0_0, 0, 16;
    %jmp T_101;
    .thread T_101, $push;
    .scope S_0x5566d58edeb0;
T_102 ;
    %wait E_0x5566d58ee120;
    %vpi_func/r 7 7 "$itor", v0x5566d58ee2a0_0 {0 0 0};
    %vpi_func/r 7 7 "$itor", v0x5566d58ee380_0 {0 0 0};
    %vpi_func/r 7 7 "$sqrt", W<0,r> {0 1 0};
    %div/wr;
    %vpi_func 7 7 "$rtoi" 32, W<0,r> {0 1 0};
    %pad/s 16;
    %store/vec4 v0x5566d58ee1a0_0, 0, 16;
    %jmp T_102;
    .thread T_102, $push;
    .scope S_0x5566d58ee7b0;
T_103 ;
    %wait E_0x5566d58eea20;
    %vpi_func/r 7 7 "$itor", v0x5566d58eeba0_0 {0 0 0};
    %vpi_func/r 7 7 "$itor", v0x5566d58eec80_0 {0 0 0};
    %vpi_func/r 7 7 "$sqrt", W<0,r> {0 1 0};
    %div/wr;
    %vpi_func 7 7 "$rtoi" 32, W<0,r> {0 1 0};
    %pad/s 16;
    %store/vec4 v0x5566d58eeaa0_0, 0, 16;
    %jmp T_103;
    .thread T_103, $push;
    .scope S_0x5566d58ef0f0;
T_104 ;
    %wait E_0x5566d58ef360;
    %vpi_func/r 7 7 "$itor", v0x5566d58ef4e0_0 {0 0 0};
    %vpi_func/r 7 7 "$itor", v0x5566d58ef5c0_0 {0 0 0};
    %vpi_func/r 7 7 "$sqrt", W<0,r> {0 1 0};
    %div/wr;
    %vpi_func 7 7 "$rtoi" 32, W<0,r> {0 1 0};
    %pad/s 16;
    %store/vec4 v0x5566d58ef3e0_0, 0, 16;
    %jmp T_104;
    .thread T_104, $push;
    .scope S_0x5566d58ef9f0;
T_105 ;
    %wait E_0x5566d58efc60;
    %vpi_func/r 7 7 "$itor", v0x5566d58efde0_0 {0 0 0};
    %vpi_func/r 7 7 "$itor", v0x5566d58efec0_0 {0 0 0};
    %vpi_func/r 7 7 "$sqrt", W<0,r> {0 1 0};
    %div/wr;
    %vpi_func 7 7 "$rtoi" 32, W<0,r> {0 1 0};
    %pad/s 16;
    %store/vec4 v0x5566d58efce0_0, 0, 16;
    %jmp T_105;
    .thread T_105, $push;
    .scope S_0x5566d58f02f0;
T_106 ;
    %wait E_0x5566d58f0560;
    %vpi_func/r 7 7 "$itor", v0x5566d58f06e0_0 {0 0 0};
    %vpi_func/r 7 7 "$itor", v0x5566d58f07c0_0 {0 0 0};
    %vpi_func/r 7 7 "$sqrt", W<0,r> {0 1 0};
    %div/wr;
    %vpi_func 7 7 "$rtoi" 32, W<0,r> {0 1 0};
    %pad/s 16;
    %store/vec4 v0x5566d58f05e0_0, 0, 16;
    %jmp T_106;
    .thread T_106, $push;
    .scope S_0x5566d58f0bf0;
T_107 ;
    %wait E_0x5566d58f0e60;
    %vpi_func/r 7 7 "$itor", v0x5566d58f0fe0_0 {0 0 0};
    %vpi_func/r 7 7 "$itor", v0x5566d58f10c0_0 {0 0 0};
    %vpi_func/r 7 7 "$sqrt", W<0,r> {0 1 0};
    %div/wr;
    %vpi_func 7 7 "$rtoi" 32, W<0,r> {0 1 0};
    %pad/s 16;
    %store/vec4 v0x5566d58f0ee0_0, 0, 16;
    %jmp T_107;
    .thread T_107, $push;
    .scope S_0x5566d58f14f0;
T_108 ;
    %wait E_0x5566d58f1760;
    %vpi_func/r 7 7 "$itor", v0x5566d58f18e0_0 {0 0 0};
    %vpi_func/r 7 7 "$itor", v0x5566d58f19c0_0 {0 0 0};
    %vpi_func/r 7 7 "$sqrt", W<0,r> {0 1 0};
    %div/wr;
    %vpi_func 7 7 "$rtoi" 32, W<0,r> {0 1 0};
    %pad/s 16;
    %store/vec4 v0x5566d58f17e0_0, 0, 16;
    %jmp T_108;
    .thread T_108, $push;
    .scope S_0x5566d58f1df0;
T_109 ;
    %wait E_0x5566d58f2060;
    %vpi_func/r 7 7 "$itor", v0x5566d58f21e0_0 {0 0 0};
    %vpi_func/r 7 7 "$itor", v0x5566d58f22c0_0 {0 0 0};
    %vpi_func/r 7 7 "$sqrt", W<0,r> {0 1 0};
    %div/wr;
    %vpi_func 7 7 "$rtoi" 32, W<0,r> {0 1 0};
    %pad/s 16;
    %store/vec4 v0x5566d58f20e0_0, 0, 16;
    %jmp T_109;
    .thread T_109, $push;
    .scope S_0x5566d58f26f0;
T_110 ;
    %wait E_0x5566d58f2960;
    %vpi_func/r 7 7 "$itor", v0x5566d58f2ae0_0 {0 0 0};
    %vpi_func/r 7 7 "$itor", v0x5566d58f2bc0_0 {0 0 0};
    %vpi_func/r 7 7 "$sqrt", W<0,r> {0 1 0};
    %div/wr;
    %vpi_func 7 7 "$rtoi" 32, W<0,r> {0 1 0};
    %pad/s 16;
    %store/vec4 v0x5566d58f29e0_0, 0, 16;
    %jmp T_110;
    .thread T_110, $push;
    .scope S_0x5566d58f2ff0;
T_111 ;
    %wait E_0x5566d58f3260;
    %vpi_func/r 7 7 "$itor", v0x5566d58f33e0_0 {0 0 0};
    %vpi_func/r 7 7 "$itor", v0x5566d58f34c0_0 {0 0 0};
    %vpi_func/r 7 7 "$sqrt", W<0,r> {0 1 0};
    %div/wr;
    %vpi_func 7 7 "$rtoi" 32, W<0,r> {0 1 0};
    %pad/s 16;
    %store/vec4 v0x5566d58f32e0_0, 0, 16;
    %jmp T_111;
    .thread T_111, $push;
    .scope S_0x5566d58f3bd0;
T_112 ;
    %wait E_0x5566d58f3e40;
    %vpi_func/r 7 7 "$itor", v0x5566d58f3fc0_0 {0 0 0};
    %vpi_func/r 7 7 "$itor", v0x5566d58f40a0_0 {0 0 0};
    %vpi_func/r 7 7 "$sqrt", W<0,r> {0 1 0};
    %div/wr;
    %vpi_func 7 7 "$rtoi" 32, W<0,r> {0 1 0};
    %pad/s 16;
    %store/vec4 v0x5566d58f3ec0_0, 0, 16;
    %jmp T_112;
    .thread T_112, $push;
    .scope S_0x5566d58f44d0;
T_113 ;
    %wait E_0x5566d58f4740;
    %vpi_func/r 7 7 "$itor", v0x5566d58f48c0_0 {0 0 0};
    %vpi_func/r 7 7 "$itor", v0x5566d58f49a0_0 {0 0 0};
    %vpi_func/r 7 7 "$sqrt", W<0,r> {0 1 0};
    %div/wr;
    %vpi_func 7 7 "$rtoi" 32, W<0,r> {0 1 0};
    %pad/s 16;
    %store/vec4 v0x5566d58f47c0_0, 0, 16;
    %jmp T_113;
    .thread T_113, $push;
    .scope S_0x5566d58f4de0;
T_114 ;
    %wait E_0x5566d58f5050;
    %vpi_func/r 7 7 "$itor", v0x5566d58f51d0_0 {0 0 0};
    %vpi_func/r 7 7 "$itor", v0x5566d58f52b0_0 {0 0 0};
    %vpi_func/r 7 7 "$sqrt", W<0,r> {0 1 0};
    %div/wr;
    %vpi_func 7 7 "$rtoi" 32, W<0,r> {0 1 0};
    %pad/s 16;
    %store/vec4 v0x5566d58f50d0_0, 0, 16;
    %jmp T_114;
    .thread T_114, $push;
    .scope S_0x5566d58f56e0;
T_115 ;
    %wait E_0x5566d58f5950;
    %vpi_func/r 7 7 "$itor", v0x5566d58f5ad0_0 {0 0 0};
    %vpi_func/r 7 7 "$itor", v0x5566d58f5bb0_0 {0 0 0};
    %vpi_func/r 7 7 "$sqrt", W<0,r> {0 1 0};
    %div/wr;
    %vpi_func 7 7 "$rtoi" 32, W<0,r> {0 1 0};
    %pad/s 16;
    %store/vec4 v0x5566d58f59d0_0, 0, 16;
    %jmp T_115;
    .thread T_115, $push;
    .scope S_0x5566d58f6030;
T_116 ;
    %wait E_0x5566d58f62a0;
    %vpi_func/r 7 7 "$itor", v0x5566d58f6420_0 {0 0 0};
    %vpi_func/r 7 7 "$itor", v0x5566d58f6500_0 {0 0 0};
    %vpi_func/r 7 7 "$sqrt", W<0,r> {0 1 0};
    %div/wr;
    %vpi_func 7 7 "$rtoi" 32, W<0,r> {0 1 0};
    %pad/s 16;
    %store/vec4 v0x5566d58f6320_0, 0, 16;
    %jmp T_116;
    .thread T_116, $push;
    .scope S_0x5566d58f6900;
T_117 ;
    %wait E_0x5566d58f6b70;
    %vpi_func/r 7 7 "$itor", v0x5566d58f6cf0_0 {0 0 0};
    %vpi_func/r 7 7 "$itor", v0x5566d58f6dd0_0 {0 0 0};
    %vpi_func/r 7 7 "$sqrt", W<0,r> {0 1 0};
    %div/wr;
    %vpi_func 7 7 "$rtoi" 32, W<0,r> {0 1 0};
    %pad/s 16;
    %store/vec4 v0x5566d58f6bf0_0, 0, 16;
    %jmp T_117;
    .thread T_117, $push;
    .scope S_0x5566d58f7200;
T_118 ;
    %wait E_0x5566d58f7470;
    %vpi_func/r 7 7 "$itor", v0x5566d58f75f0_0 {0 0 0};
    %vpi_func/r 7 7 "$itor", v0x5566d58f76d0_0 {0 0 0};
    %vpi_func/r 7 7 "$sqrt", W<0,r> {0 1 0};
    %div/wr;
    %vpi_func 7 7 "$rtoi" 32, W<0,r> {0 1 0};
    %pad/s 16;
    %store/vec4 v0x5566d58f74f0_0, 0, 16;
    %jmp T_118;
    .thread T_118, $push;
    .scope S_0x5566d58f7b00;
T_119 ;
    %wait E_0x5566d58f7d70;
    %vpi_func/r 7 7 "$itor", v0x5566d58f7ef0_0 {0 0 0};
    %vpi_func/r 7 7 "$itor", v0x5566d58f7fd0_0 {0 0 0};
    %vpi_func/r 7 7 "$sqrt", W<0,r> {0 1 0};
    %div/wr;
    %vpi_func 7 7 "$rtoi" 32, W<0,r> {0 1 0};
    %pad/s 16;
    %store/vec4 v0x5566d58f7df0_0, 0, 16;
    %jmp T_119;
    .thread T_119, $push;
    .scope S_0x5566d58f8440;
T_120 ;
    %wait E_0x5566d58f86b0;
    %vpi_func/r 7 7 "$itor", v0x5566d58f8830_0 {0 0 0};
    %vpi_func/r 7 7 "$itor", v0x5566d58f8910_0 {0 0 0};
    %vpi_func/r 7 7 "$sqrt", W<0,r> {0 1 0};
    %div/wr;
    %vpi_func 7 7 "$rtoi" 32, W<0,r> {0 1 0};
    %pad/s 16;
    %store/vec4 v0x5566d58f8730_0, 0, 16;
    %jmp T_120;
    .thread T_120, $push;
    .scope S_0x5566d58f8d40;
T_121 ;
    %wait E_0x5566d58f8fb0;
    %vpi_func/r 7 7 "$itor", v0x5566d58f9130_0 {0 0 0};
    %vpi_func/r 7 7 "$itor", v0x5566d58f9210_0 {0 0 0};
    %vpi_func/r 7 7 "$sqrt", W<0,r> {0 1 0};
    %div/wr;
    %vpi_func 7 7 "$rtoi" 32, W<0,r> {0 1 0};
    %pad/s 16;
    %store/vec4 v0x5566d58f9030_0, 0, 16;
    %jmp T_121;
    .thread T_121, $push;
    .scope S_0x5566d58f9640;
T_122 ;
    %wait E_0x5566d58f98b0;
    %vpi_func/r 7 7 "$itor", v0x5566d58f9a30_0 {0 0 0};
    %vpi_func/r 7 7 "$itor", v0x5566d58f9b10_0 {0 0 0};
    %vpi_func/r 7 7 "$sqrt", W<0,r> {0 1 0};
    %div/wr;
    %vpi_func 7 7 "$rtoi" 32, W<0,r> {0 1 0};
    %pad/s 16;
    %store/vec4 v0x5566d58f9930_0, 0, 16;
    %jmp T_122;
    .thread T_122, $push;
    .scope S_0x5566d58f9f40;
T_123 ;
    %wait E_0x5566d58fa1b0;
    %vpi_func/r 7 7 "$itor", v0x5566d58fa330_0 {0 0 0};
    %vpi_func/r 7 7 "$itor", v0x5566d58fa410_0 {0 0 0};
    %vpi_func/r 7 7 "$sqrt", W<0,r> {0 1 0};
    %div/wr;
    %vpi_func 7 7 "$rtoi" 32, W<0,r> {0 1 0};
    %pad/s 16;
    %store/vec4 v0x5566d58fa230_0, 0, 16;
    %jmp T_123;
    .thread T_123, $push;
    .scope S_0x5566d58fa840;
T_124 ;
    %wait E_0x5566d58faab0;
    %vpi_func/r 7 7 "$itor", v0x5566d58fac30_0 {0 0 0};
    %vpi_func/r 7 7 "$itor", v0x5566d58fad10_0 {0 0 0};
    %vpi_func/r 7 7 "$sqrt", W<0,r> {0 1 0};
    %div/wr;
    %vpi_func 7 7 "$rtoi" 32, W<0,r> {0 1 0};
    %pad/s 16;
    %store/vec4 v0x5566d58fab30_0, 0, 16;
    %jmp T_124;
    .thread T_124, $push;
    .scope S_0x5566d58fb140;
T_125 ;
    %wait E_0x5566d58fb3b0;
    %vpi_func/r 7 7 "$itor", v0x5566d58fb530_0 {0 0 0};
    %vpi_func/r 7 7 "$itor", v0x5566d58fb610_0 {0 0 0};
    %vpi_func/r 7 7 "$sqrt", W<0,r> {0 1 0};
    %div/wr;
    %vpi_func 7 7 "$rtoi" 32, W<0,r> {0 1 0};
    %pad/s 16;
    %store/vec4 v0x5566d58fb430_0, 0, 16;
    %jmp T_125;
    .thread T_125, $push;
    .scope S_0x5566d58fba40;
T_126 ;
    %wait E_0x5566d58fbcb0;
    %vpi_func/r 7 7 "$itor", v0x5566d58fbe30_0 {0 0 0};
    %vpi_func/r 7 7 "$itor", v0x5566d58fbf10_0 {0 0 0};
    %vpi_func/r 7 7 "$sqrt", W<0,r> {0 1 0};
    %div/wr;
    %vpi_func 7 7 "$rtoi" 32, W<0,r> {0 1 0};
    %pad/s 16;
    %store/vec4 v0x5566d58fbd30_0, 0, 16;
    %jmp T_126;
    .thread T_126, $push;
    .scope S_0x5566d58fc340;
T_127 ;
    %wait E_0x5566d58fc5b0;
    %vpi_func/r 7 7 "$itor", v0x5566d58fc730_0 {0 0 0};
    %vpi_func/r 7 7 "$itor", v0x5566d58fc810_0 {0 0 0};
    %vpi_func/r 7 7 "$sqrt", W<0,r> {0 1 0};
    %div/wr;
    %vpi_func 7 7 "$rtoi" 32, W<0,r> {0 1 0};
    %pad/s 16;
    %store/vec4 v0x5566d58fc630_0, 0, 16;
    %jmp T_127;
    .thread T_127, $push;
    .scope S_0x5566d58fcf20;
T_128 ;
    %wait E_0x5566d58fd190;
    %vpi_func/r 7 7 "$itor", v0x5566d58fd310_0 {0 0 0};
    %vpi_func/r 7 7 "$itor", v0x5566d58fd3f0_0 {0 0 0};
    %vpi_func/r 7 7 "$sqrt", W<0,r> {0 1 0};
    %div/wr;
    %vpi_func 7 7 "$rtoi" 32, W<0,r> {0 1 0};
    %pad/s 16;
    %store/vec4 v0x5566d58fd210_0, 0, 16;
    %jmp T_128;
    .thread T_128, $push;
    .scope S_0x5566d58fd820;
T_129 ;
    %wait E_0x5566d58fda90;
    %vpi_func/r 7 7 "$itor", v0x5566d58fdc10_0 {0 0 0};
    %vpi_func/r 7 7 "$itor", v0x5566d58fdcf0_0 {0 0 0};
    %vpi_func/r 7 7 "$sqrt", W<0,r> {0 1 0};
    %div/wr;
    %vpi_func 7 7 "$rtoi" 32, W<0,r> {0 1 0};
    %pad/s 16;
    %store/vec4 v0x5566d58fdb10_0, 0, 16;
    %jmp T_129;
    .thread T_129, $push;
    .scope S_0x5566d58fe130;
T_130 ;
    %wait E_0x5566d58fe3a0;
    %vpi_func/r 7 7 "$itor", v0x5566d58fe520_0 {0 0 0};
    %vpi_func/r 7 7 "$itor", v0x5566d58fe600_0 {0 0 0};
    %vpi_func/r 7 7 "$sqrt", W<0,r> {0 1 0};
    %div/wr;
    %vpi_func 7 7 "$rtoi" 32, W<0,r> {0 1 0};
    %pad/s 16;
    %store/vec4 v0x5566d58fe420_0, 0, 16;
    %jmp T_130;
    .thread T_130, $push;
    .scope S_0x5566d58fea30;
T_131 ;
    %wait E_0x5566d58feca0;
    %vpi_func/r 7 7 "$itor", v0x5566d58fee20_0 {0 0 0};
    %vpi_func/r 7 7 "$itor", v0x5566d58fef00_0 {0 0 0};
    %vpi_func/r 7 7 "$sqrt", W<0,r> {0 1 0};
    %div/wr;
    %vpi_func 7 7 "$rtoi" 32, W<0,r> {0 1 0};
    %pad/s 16;
    %store/vec4 v0x5566d58fed20_0, 0, 16;
    %jmp T_131;
    .thread T_131, $push;
    .scope S_0x5566d58ff380;
T_132 ;
    %wait E_0x5566d58ff5f0;
    %vpi_func/r 7 7 "$itor", v0x5566d58ff770_0 {0 0 0};
    %vpi_func/r 7 7 "$itor", v0x5566d58ff850_0 {0 0 0};
    %vpi_func/r 7 7 "$sqrt", W<0,r> {0 1 0};
    %div/wr;
    %vpi_func 7 7 "$rtoi" 32, W<0,r> {0 1 0};
    %pad/s 16;
    %store/vec4 v0x5566d58ff670_0, 0, 16;
    %jmp T_132;
    .thread T_132, $push;
    .scope S_0x5566d58ffc50;
T_133 ;
    %wait E_0x5566d58ffec0;
    %vpi_func/r 7 7 "$itor", v0x5566d5900040_0 {0 0 0};
    %vpi_func/r 7 7 "$itor", v0x5566d5900120_0 {0 0 0};
    %vpi_func/r 7 7 "$sqrt", W<0,r> {0 1 0};
    %div/wr;
    %vpi_func 7 7 "$rtoi" 32, W<0,r> {0 1 0};
    %pad/s 16;
    %store/vec4 v0x5566d58fff40_0, 0, 16;
    %jmp T_133;
    .thread T_133, $push;
    .scope S_0x5566d5900550;
T_134 ;
    %wait E_0x5566d59007c0;
    %vpi_func/r 7 7 "$itor", v0x5566d5900940_0 {0 0 0};
    %vpi_func/r 7 7 "$itor", v0x5566d5900a20_0 {0 0 0};
    %vpi_func/r 7 7 "$sqrt", W<0,r> {0 1 0};
    %div/wr;
    %vpi_func 7 7 "$rtoi" 32, W<0,r> {0 1 0};
    %pad/s 16;
    %store/vec4 v0x5566d5900840_0, 0, 16;
    %jmp T_134;
    .thread T_134, $push;
    .scope S_0x5566d5900e50;
T_135 ;
    %wait E_0x5566d59010c0;
    %vpi_func/r 7 7 "$itor", v0x5566d5901240_0 {0 0 0};
    %vpi_func/r 7 7 "$itor", v0x5566d5901320_0 {0 0 0};
    %vpi_func/r 7 7 "$sqrt", W<0,r> {0 1 0};
    %div/wr;
    %vpi_func 7 7 "$rtoi" 32, W<0,r> {0 1 0};
    %pad/s 16;
    %store/vec4 v0x5566d5901140_0, 0, 16;
    %jmp T_135;
    .thread T_135, $push;
    .scope S_0x5566d5901790;
T_136 ;
    %wait E_0x5566d5901a00;
    %vpi_func/r 7 7 "$itor", v0x5566d5901b80_0 {0 0 0};
    %vpi_func/r 7 7 "$itor", v0x5566d5901c60_0 {0 0 0};
    %vpi_func/r 7 7 "$sqrt", W<0,r> {0 1 0};
    %div/wr;
    %vpi_func 7 7 "$rtoi" 32, W<0,r> {0 1 0};
    %pad/s 16;
    %store/vec4 v0x5566d5901a80_0, 0, 16;
    %jmp T_136;
    .thread T_136, $push;
    .scope S_0x5566d5902090;
T_137 ;
    %wait E_0x5566d5902300;
    %vpi_func/r 7 7 "$itor", v0x5566d5902480_0 {0 0 0};
    %vpi_func/r 7 7 "$itor", v0x5566d5902560_0 {0 0 0};
    %vpi_func/r 7 7 "$sqrt", W<0,r> {0 1 0};
    %div/wr;
    %vpi_func 7 7 "$rtoi" 32, W<0,r> {0 1 0};
    %pad/s 16;
    %store/vec4 v0x5566d5902380_0, 0, 16;
    %jmp T_137;
    .thread T_137, $push;
    .scope S_0x5566d5902990;
T_138 ;
    %wait E_0x5566d5902c00;
    %vpi_func/r 7 7 "$itor", v0x5566d5902d80_0 {0 0 0};
    %vpi_func/r 7 7 "$itor", v0x5566d5902e60_0 {0 0 0};
    %vpi_func/r 7 7 "$sqrt", W<0,r> {0 1 0};
    %div/wr;
    %vpi_func 7 7 "$rtoi" 32, W<0,r> {0 1 0};
    %pad/s 16;
    %store/vec4 v0x5566d5902c80_0, 0, 16;
    %jmp T_138;
    .thread T_138, $push;
    .scope S_0x5566d5903290;
T_139 ;
    %wait E_0x5566d5903500;
    %vpi_func/r 7 7 "$itor", v0x5566d5903680_0 {0 0 0};
    %vpi_func/r 7 7 "$itor", v0x5566d5903760_0 {0 0 0};
    %vpi_func/r 7 7 "$sqrt", W<0,r> {0 1 0};
    %div/wr;
    %vpi_func 7 7 "$rtoi" 32, W<0,r> {0 1 0};
    %pad/s 16;
    %store/vec4 v0x5566d5903580_0, 0, 16;
    %jmp T_139;
    .thread T_139, $push;
    .scope S_0x5566d5903b90;
T_140 ;
    %wait E_0x5566d5903e00;
    %vpi_func/r 7 7 "$itor", v0x5566d5903f80_0 {0 0 0};
    %vpi_func/r 7 7 "$itor", v0x5566d5904060_0 {0 0 0};
    %vpi_func/r 7 7 "$sqrt", W<0,r> {0 1 0};
    %div/wr;
    %vpi_func 7 7 "$rtoi" 32, W<0,r> {0 1 0};
    %pad/s 16;
    %store/vec4 v0x5566d5903e80_0, 0, 16;
    %jmp T_140;
    .thread T_140, $push;
    .scope S_0x5566d5904490;
T_141 ;
    %wait E_0x5566d5904700;
    %vpi_func/r 7 7 "$itor", v0x5566d5904880_0 {0 0 0};
    %vpi_func/r 7 7 "$itor", v0x5566d5904960_0 {0 0 0};
    %vpi_func/r 7 7 "$sqrt", W<0,r> {0 1 0};
    %div/wr;
    %vpi_func 7 7 "$rtoi" 32, W<0,r> {0 1 0};
    %pad/s 16;
    %store/vec4 v0x5566d5904780_0, 0, 16;
    %jmp T_141;
    .thread T_141, $push;
    .scope S_0x5566d5904d90;
T_142 ;
    %wait E_0x5566d5905000;
    %vpi_func/r 7 7 "$itor", v0x5566d5905180_0 {0 0 0};
    %vpi_func/r 7 7 "$itor", v0x5566d5905260_0 {0 0 0};
    %vpi_func/r 7 7 "$sqrt", W<0,r> {0 1 0};
    %div/wr;
    %vpi_func 7 7 "$rtoi" 32, W<0,r> {0 1 0};
    %pad/s 16;
    %store/vec4 v0x5566d5905080_0, 0, 16;
    %jmp T_142;
    .thread T_142, $push;
    .scope S_0x5566d5905690;
T_143 ;
    %wait E_0x5566d5905900;
    %vpi_func/r 7 7 "$itor", v0x5566d5905a80_0 {0 0 0};
    %vpi_func/r 7 7 "$itor", v0x5566d5905b60_0 {0 0 0};
    %vpi_func/r 7 7 "$sqrt", W<0,r> {0 1 0};
    %div/wr;
    %vpi_func 7 7 "$rtoi" 32, W<0,r> {0 1 0};
    %pad/s 16;
    %store/vec4 v0x5566d5905980_0, 0, 16;
    %jmp T_143;
    .thread T_143, $push;
    .scope S_0x5566d5906270;
T_144 ;
    %wait E_0x5566d59064e0;
    %vpi_func/r 7 7 "$itor", v0x5566d5906660_0 {0 0 0};
    %vpi_func/r 7 7 "$itor", v0x5566d5906740_0 {0 0 0};
    %vpi_func/r 7 7 "$sqrt", W<0,r> {0 1 0};
    %div/wr;
    %vpi_func 7 7 "$rtoi" 32, W<0,r> {0 1 0};
    %pad/s 16;
    %store/vec4 v0x5566d5906560_0, 0, 16;
    %jmp T_144;
    .thread T_144, $push;
    .scope S_0x5566d5906b70;
T_145 ;
    %wait E_0x5566d5906de0;
    %vpi_func/r 7 7 "$itor", v0x5566d5906f60_0 {0 0 0};
    %vpi_func/r 7 7 "$itor", v0x5566d5907040_0 {0 0 0};
    %vpi_func/r 7 7 "$sqrt", W<0,r> {0 1 0};
    %div/wr;
    %vpi_func 7 7 "$rtoi" 32, W<0,r> {0 1 0};
    %pad/s 16;
    %store/vec4 v0x5566d5906e60_0, 0, 16;
    %jmp T_145;
    .thread T_145, $push;
    .scope S_0x5566d5907480;
T_146 ;
    %wait E_0x5566d59076f0;
    %vpi_func/r 7 7 "$itor", v0x5566d5907870_0 {0 0 0};
    %vpi_func/r 7 7 "$itor", v0x5566d5907950_0 {0 0 0};
    %vpi_func/r 7 7 "$sqrt", W<0,r> {0 1 0};
    %div/wr;
    %vpi_func 7 7 "$rtoi" 32, W<0,r> {0 1 0};
    %pad/s 16;
    %store/vec4 v0x5566d5907770_0, 0, 16;
    %jmp T_146;
    .thread T_146, $push;
    .scope S_0x5566d5907d80;
T_147 ;
    %wait E_0x5566d5907ff0;
    %vpi_func/r 7 7 "$itor", v0x5566d5908170_0 {0 0 0};
    %vpi_func/r 7 7 "$itor", v0x5566d5908250_0 {0 0 0};
    %vpi_func/r 7 7 "$sqrt", W<0,r> {0 1 0};
    %div/wr;
    %vpi_func 7 7 "$rtoi" 32, W<0,r> {0 1 0};
    %pad/s 16;
    %store/vec4 v0x5566d5908070_0, 0, 16;
    %jmp T_147;
    .thread T_147, $push;
    .scope S_0x5566d59086d0;
T_148 ;
    %wait E_0x5566d5908940;
    %vpi_func/r 7 7 "$itor", v0x5566d5908ac0_0 {0 0 0};
    %vpi_func/r 7 7 "$itor", v0x5566d5908ba0_0 {0 0 0};
    %vpi_func/r 7 7 "$sqrt", W<0,r> {0 1 0};
    %div/wr;
    %vpi_func 7 7 "$rtoi" 32, W<0,r> {0 1 0};
    %pad/s 16;
    %store/vec4 v0x5566d59089c0_0, 0, 16;
    %jmp T_148;
    .thread T_148, $push;
    .scope S_0x5566d5908fa0;
T_149 ;
    %wait E_0x5566d5909210;
    %vpi_func/r 7 7 "$itor", v0x5566d5909390_0 {0 0 0};
    %vpi_func/r 7 7 "$itor", v0x5566d5909470_0 {0 0 0};
    %vpi_func/r 7 7 "$sqrt", W<0,r> {0 1 0};
    %div/wr;
    %vpi_func 7 7 "$rtoi" 32, W<0,r> {0 1 0};
    %pad/s 16;
    %store/vec4 v0x5566d5909290_0, 0, 16;
    %jmp T_149;
    .thread T_149, $push;
    .scope S_0x5566d59098a0;
T_150 ;
    %wait E_0x5566d5909b10;
    %vpi_func/r 7 7 "$itor", v0x5566d5909c90_0 {0 0 0};
    %vpi_func/r 7 7 "$itor", v0x5566d5909d70_0 {0 0 0};
    %vpi_func/r 7 7 "$sqrt", W<0,r> {0 1 0};
    %div/wr;
    %vpi_func 7 7 "$rtoi" 32, W<0,r> {0 1 0};
    %pad/s 16;
    %store/vec4 v0x5566d5909b90_0, 0, 16;
    %jmp T_150;
    .thread T_150, $push;
    .scope S_0x5566d590a1a0;
T_151 ;
    %wait E_0x5566d590a410;
    %vpi_func/r 7 7 "$itor", v0x5566d590a590_0 {0 0 0};
    %vpi_func/r 7 7 "$itor", v0x5566d590a670_0 {0 0 0};
    %vpi_func/r 7 7 "$sqrt", W<0,r> {0 1 0};
    %div/wr;
    %vpi_func 7 7 "$rtoi" 32, W<0,r> {0 1 0};
    %pad/s 16;
    %store/vec4 v0x5566d590a490_0, 0, 16;
    %jmp T_151;
    .thread T_151, $push;
    .scope S_0x5566d590aae0;
T_152 ;
    %wait E_0x5566d590ad50;
    %vpi_func/r 7 7 "$itor", v0x5566d590aed0_0 {0 0 0};
    %vpi_func/r 7 7 "$itor", v0x5566d590afb0_0 {0 0 0};
    %vpi_func/r 7 7 "$sqrt", W<0,r> {0 1 0};
    %div/wr;
    %vpi_func 7 7 "$rtoi" 32, W<0,r> {0 1 0};
    %pad/s 16;
    %store/vec4 v0x5566d590add0_0, 0, 16;
    %jmp T_152;
    .thread T_152, $push;
    .scope S_0x5566d590b3e0;
T_153 ;
    %wait E_0x5566d590b650;
    %vpi_func/r 7 7 "$itor", v0x5566d590b7d0_0 {0 0 0};
    %vpi_func/r 7 7 "$itor", v0x5566d590b8b0_0 {0 0 0};
    %vpi_func/r 7 7 "$sqrt", W<0,r> {0 1 0};
    %div/wr;
    %vpi_func 7 7 "$rtoi" 32, W<0,r> {0 1 0};
    %pad/s 16;
    %store/vec4 v0x5566d590b6d0_0, 0, 16;
    %jmp T_153;
    .thread T_153, $push;
    .scope S_0x5566d590bce0;
T_154 ;
    %wait E_0x5566d590bf50;
    %vpi_func/r 7 7 "$itor", v0x5566d590c0d0_0 {0 0 0};
    %vpi_func/r 7 7 "$itor", v0x5566d590c1b0_0 {0 0 0};
    %vpi_func/r 7 7 "$sqrt", W<0,r> {0 1 0};
    %div/wr;
    %vpi_func 7 7 "$rtoi" 32, W<0,r> {0 1 0};
    %pad/s 16;
    %store/vec4 v0x5566d590bfd0_0, 0, 16;
    %jmp T_154;
    .thread T_154, $push;
    .scope S_0x5566d590c5e0;
T_155 ;
    %wait E_0x5566d590c850;
    %vpi_func/r 7 7 "$itor", v0x5566d590c9d0_0 {0 0 0};
    %vpi_func/r 7 7 "$itor", v0x5566d590cab0_0 {0 0 0};
    %vpi_func/r 7 7 "$sqrt", W<0,r> {0 1 0};
    %div/wr;
    %vpi_func 7 7 "$rtoi" 32, W<0,r> {0 1 0};
    %pad/s 16;
    %store/vec4 v0x5566d590c8d0_0, 0, 16;
    %jmp T_155;
    .thread T_155, $push;
    .scope S_0x5566d590cee0;
T_156 ;
    %wait E_0x5566d590d150;
    %vpi_func/r 7 7 "$itor", v0x5566d590d2d0_0 {0 0 0};
    %vpi_func/r 7 7 "$itor", v0x5566d590d3b0_0 {0 0 0};
    %vpi_func/r 7 7 "$sqrt", W<0,r> {0 1 0};
    %div/wr;
    %vpi_func 7 7 "$rtoi" 32, W<0,r> {0 1 0};
    %pad/s 16;
    %store/vec4 v0x5566d590d1d0_0, 0, 16;
    %jmp T_156;
    .thread T_156, $push;
    .scope S_0x5566d590d7e0;
T_157 ;
    %wait E_0x5566d590da50;
    %vpi_func/r 7 7 "$itor", v0x5566d590dbd0_0 {0 0 0};
    %vpi_func/r 7 7 "$itor", v0x5566d590dcb0_0 {0 0 0};
    %vpi_func/r 7 7 "$sqrt", W<0,r> {0 1 0};
    %div/wr;
    %vpi_func 7 7 "$rtoi" 32, W<0,r> {0 1 0};
    %pad/s 16;
    %store/vec4 v0x5566d590dad0_0, 0, 16;
    %jmp T_157;
    .thread T_157, $push;
    .scope S_0x5566d590e0e0;
T_158 ;
    %wait E_0x5566d590e350;
    %vpi_func/r 7 7 "$itor", v0x5566d590e4d0_0 {0 0 0};
    %vpi_func/r 7 7 "$itor", v0x5566d590e5b0_0 {0 0 0};
    %vpi_func/r 7 7 "$sqrt", W<0,r> {0 1 0};
    %div/wr;
    %vpi_func 7 7 "$rtoi" 32, W<0,r> {0 1 0};
    %pad/s 16;
    %store/vec4 v0x5566d590e3d0_0, 0, 16;
    %jmp T_158;
    .thread T_158, $push;
    .scope S_0x5566d590e9e0;
T_159 ;
    %wait E_0x5566d590ec50;
    %vpi_func/r 7 7 "$itor", v0x5566d590edd0_0 {0 0 0};
    %vpi_func/r 7 7 "$itor", v0x5566d590eeb0_0 {0 0 0};
    %vpi_func/r 7 7 "$sqrt", W<0,r> {0 1 0};
    %div/wr;
    %vpi_func 7 7 "$rtoi" 32, W<0,r> {0 1 0};
    %pad/s 16;
    %store/vec4 v0x5566d590ecd0_0, 0, 16;
    %jmp T_159;
    .thread T_159, $push;
    .scope S_0x5566d590f5c0;
T_160 ;
    %wait E_0x5566d590f830;
    %vpi_func/r 7 7 "$itor", v0x5566d590f9b0_0 {0 0 0};
    %vpi_func/r 7 7 "$itor", v0x5566d590fa90_0 {0 0 0};
    %vpi_func/r 7 7 "$sqrt", W<0,r> {0 1 0};
    %div/wr;
    %vpi_func 7 7 "$rtoi" 32, W<0,r> {0 1 0};
    %pad/s 16;
    %store/vec4 v0x5566d590f8b0_0, 0, 16;
    %jmp T_160;
    .thread T_160, $push;
    .scope S_0x5566d590fec0;
T_161 ;
    %wait E_0x5566d5910130;
    %vpi_func/r 7 7 "$itor", v0x5566d59102b0_0 {0 0 0};
    %vpi_func/r 7 7 "$itor", v0x5566d5910390_0 {0 0 0};
    %vpi_func/r 7 7 "$sqrt", W<0,r> {0 1 0};
    %div/wr;
    %vpi_func 7 7 "$rtoi" 32, W<0,r> {0 1 0};
    %pad/s 16;
    %store/vec4 v0x5566d59101b0_0, 0, 16;
    %jmp T_161;
    .thread T_161, $push;
    .scope S_0x5566d59107d0;
T_162 ;
    %wait E_0x5566d5910a40;
    %vpi_func/r 7 7 "$itor", v0x5566d5910bc0_0 {0 0 0};
    %vpi_func/r 7 7 "$itor", v0x5566d5910ca0_0 {0 0 0};
    %vpi_func/r 7 7 "$sqrt", W<0,r> {0 1 0};
    %div/wr;
    %vpi_func 7 7 "$rtoi" 32, W<0,r> {0 1 0};
    %pad/s 16;
    %store/vec4 v0x5566d5910ac0_0, 0, 16;
    %jmp T_162;
    .thread T_162, $push;
    .scope S_0x5566d59110d0;
T_163 ;
    %wait E_0x5566d5911340;
    %vpi_func/r 7 7 "$itor", v0x5566d59114c0_0 {0 0 0};
    %vpi_func/r 7 7 "$itor", v0x5566d59115a0_0 {0 0 0};
    %vpi_func/r 7 7 "$sqrt", W<0,r> {0 1 0};
    %div/wr;
    %vpi_func 7 7 "$rtoi" 32, W<0,r> {0 1 0};
    %pad/s 16;
    %store/vec4 v0x5566d59113c0_0, 0, 16;
    %jmp T_163;
    .thread T_163, $push;
    .scope S_0x5566d5911a20;
T_164 ;
    %wait E_0x5566d5911c90;
    %vpi_func/r 7 7 "$itor", v0x5566d5911e10_0 {0 0 0};
    %vpi_func/r 7 7 "$itor", v0x5566d5911ef0_0 {0 0 0};
    %vpi_func/r 7 7 "$sqrt", W<0,r> {0 1 0};
    %div/wr;
    %vpi_func 7 7 "$rtoi" 32, W<0,r> {0 1 0};
    %pad/s 16;
    %store/vec4 v0x5566d5911d10_0, 0, 16;
    %jmp T_164;
    .thread T_164, $push;
    .scope S_0x5566d59122f0;
T_165 ;
    %wait E_0x5566d5912560;
    %vpi_func/r 7 7 "$itor", v0x5566d59126e0_0 {0 0 0};
    %vpi_func/r 7 7 "$itor", v0x5566d59127c0_0 {0 0 0};
    %vpi_func/r 7 7 "$sqrt", W<0,r> {0 1 0};
    %div/wr;
    %vpi_func 7 7 "$rtoi" 32, W<0,r> {0 1 0};
    %pad/s 16;
    %store/vec4 v0x5566d59125e0_0, 0, 16;
    %jmp T_165;
    .thread T_165, $push;
    .scope S_0x5566d5912bf0;
T_166 ;
    %wait E_0x5566d5912e60;
    %vpi_func/r 7 7 "$itor", v0x5566d5912fe0_0 {0 0 0};
    %vpi_func/r 7 7 "$itor", v0x5566d59130c0_0 {0 0 0};
    %vpi_func/r 7 7 "$sqrt", W<0,r> {0 1 0};
    %div/wr;
    %vpi_func 7 7 "$rtoi" 32, W<0,r> {0 1 0};
    %pad/s 16;
    %store/vec4 v0x5566d5912ee0_0, 0, 16;
    %jmp T_166;
    .thread T_166, $push;
    .scope S_0x5566d59134f0;
T_167 ;
    %wait E_0x5566d5913760;
    %vpi_func/r 7 7 "$itor", v0x5566d59138e0_0 {0 0 0};
    %vpi_func/r 7 7 "$itor", v0x5566d59139c0_0 {0 0 0};
    %vpi_func/r 7 7 "$sqrt", W<0,r> {0 1 0};
    %div/wr;
    %vpi_func 7 7 "$rtoi" 32, W<0,r> {0 1 0};
    %pad/s 16;
    %store/vec4 v0x5566d59137e0_0, 0, 16;
    %jmp T_167;
    .thread T_167, $push;
    .scope S_0x5566d5913e30;
T_168 ;
    %wait E_0x5566d59140a0;
    %vpi_func/r 7 7 "$itor", v0x5566d5914220_0 {0 0 0};
    %vpi_func/r 7 7 "$itor", v0x5566d5914300_0 {0 0 0};
    %vpi_func/r 7 7 "$sqrt", W<0,r> {0 1 0};
    %div/wr;
    %vpi_func 7 7 "$rtoi" 32, W<0,r> {0 1 0};
    %pad/s 16;
    %store/vec4 v0x5566d5914120_0, 0, 16;
    %jmp T_168;
    .thread T_168, $push;
    .scope S_0x5566d5914730;
T_169 ;
    %wait E_0x5566d59149a0;
    %vpi_func/r 7 7 "$itor", v0x5566d5914b20_0 {0 0 0};
    %vpi_func/r 7 7 "$itor", v0x5566d5914c00_0 {0 0 0};
    %vpi_func/r 7 7 "$sqrt", W<0,r> {0 1 0};
    %div/wr;
    %vpi_func 7 7 "$rtoi" 32, W<0,r> {0 1 0};
    %pad/s 16;
    %store/vec4 v0x5566d5914a20_0, 0, 16;
    %jmp T_169;
    .thread T_169, $push;
    .scope S_0x5566d5915030;
T_170 ;
    %wait E_0x5566d59152a0;
    %vpi_func/r 7 7 "$itor", v0x5566d5915420_0 {0 0 0};
    %vpi_func/r 7 7 "$itor", v0x5566d5915500_0 {0 0 0};
    %vpi_func/r 7 7 "$sqrt", W<0,r> {0 1 0};
    %div/wr;
    %vpi_func 7 7 "$rtoi" 32, W<0,r> {0 1 0};
    %pad/s 16;
    %store/vec4 v0x5566d5915320_0, 0, 16;
    %jmp T_170;
    .thread T_170, $push;
    .scope S_0x5566d5915930;
T_171 ;
    %wait E_0x5566d5915ba0;
    %vpi_func/r 7 7 "$itor", v0x5566d5915d20_0 {0 0 0};
    %vpi_func/r 7 7 "$itor", v0x5566d5915e00_0 {0 0 0};
    %vpi_func/r 7 7 "$sqrt", W<0,r> {0 1 0};
    %div/wr;
    %vpi_func 7 7 "$rtoi" 32, W<0,r> {0 1 0};
    %pad/s 16;
    %store/vec4 v0x5566d5915c20_0, 0, 16;
    %jmp T_171;
    .thread T_171, $push;
    .scope S_0x5566d5916230;
T_172 ;
    %wait E_0x5566d59164a0;
    %vpi_func/r 7 7 "$itor", v0x5566d5916620_0 {0 0 0};
    %vpi_func/r 7 7 "$itor", v0x5566d5916700_0 {0 0 0};
    %vpi_func/r 7 7 "$sqrt", W<0,r> {0 1 0};
    %div/wr;
    %vpi_func 7 7 "$rtoi" 32, W<0,r> {0 1 0};
    %pad/s 16;
    %store/vec4 v0x5566d5916520_0, 0, 16;
    %jmp T_172;
    .thread T_172, $push;
    .scope S_0x5566d5916b30;
T_173 ;
    %wait E_0x5566d5916da0;
    %vpi_func/r 7 7 "$itor", v0x5566d5916f20_0 {0 0 0};
    %vpi_func/r 7 7 "$itor", v0x5566d5917000_0 {0 0 0};
    %vpi_func/r 7 7 "$sqrt", W<0,r> {0 1 0};
    %div/wr;
    %vpi_func 7 7 "$rtoi" 32, W<0,r> {0 1 0};
    %pad/s 16;
    %store/vec4 v0x5566d5916e20_0, 0, 16;
    %jmp T_173;
    .thread T_173, $push;
    .scope S_0x5566d5917430;
T_174 ;
    %wait E_0x5566d59176a0;
    %vpi_func/r 7 7 "$itor", v0x5566d5917820_0 {0 0 0};
    %vpi_func/r 7 7 "$itor", v0x5566d5917900_0 {0 0 0};
    %vpi_func/r 7 7 "$sqrt", W<0,r> {0 1 0};
    %div/wr;
    %vpi_func 7 7 "$rtoi" 32, W<0,r> {0 1 0};
    %pad/s 16;
    %store/vec4 v0x5566d5917720_0, 0, 16;
    %jmp T_174;
    .thread T_174, $push;
    .scope S_0x5566d5917d30;
T_175 ;
    %wait E_0x5566d5917fa0;
    %vpi_func/r 7 7 "$itor", v0x5566d5918120_0 {0 0 0};
    %vpi_func/r 7 7 "$itor", v0x5566d5918200_0 {0 0 0};
    %vpi_func/r 7 7 "$sqrt", W<0,r> {0 1 0};
    %div/wr;
    %vpi_func 7 7 "$rtoi" 32, W<0,r> {0 1 0};
    %pad/s 16;
    %store/vec4 v0x5566d5918020_0, 0, 16;
    %jmp T_175;
    .thread T_175, $push;
    .scope S_0x5566d5918910;
T_176 ;
    %wait E_0x5566d5918b80;
    %vpi_func/r 7 7 "$itor", v0x5566d5918d00_0 {0 0 0};
    %vpi_func/r 7 7 "$itor", v0x5566d5918de0_0 {0 0 0};
    %vpi_func/r 7 7 "$sqrt", W<0,r> {0 1 0};
    %div/wr;
    %vpi_func 7 7 "$rtoi" 32, W<0,r> {0 1 0};
    %pad/s 16;
    %store/vec4 v0x5566d5918c00_0, 0, 16;
    %jmp T_176;
    .thread T_176, $push;
    .scope S_0x5566d5919210;
T_177 ;
    %wait E_0x5566d5919480;
    %vpi_func/r 7 7 "$itor", v0x5566d5919600_0 {0 0 0};
    %vpi_func/r 7 7 "$itor", v0x5566d59196e0_0 {0 0 0};
    %vpi_func/r 7 7 "$sqrt", W<0,r> {0 1 0};
    %div/wr;
    %vpi_func 7 7 "$rtoi" 32, W<0,r> {0 1 0};
    %pad/s 16;
    %store/vec4 v0x5566d5919500_0, 0, 16;
    %jmp T_177;
    .thread T_177, $push;
    .scope S_0x5566d5919b20;
T_178 ;
    %wait E_0x5566d5919d90;
    %vpi_func/r 7 7 "$itor", v0x5566d5919f10_0 {0 0 0};
    %vpi_func/r 7 7 "$itor", v0x5566d5919ff0_0 {0 0 0};
    %vpi_func/r 7 7 "$sqrt", W<0,r> {0 1 0};
    %div/wr;
    %vpi_func 7 7 "$rtoi" 32, W<0,r> {0 1 0};
    %pad/s 16;
    %store/vec4 v0x5566d5919e10_0, 0, 16;
    %jmp T_178;
    .thread T_178, $push;
    .scope S_0x5566d591a420;
T_179 ;
    %wait E_0x5566d591a690;
    %vpi_func/r 7 7 "$itor", v0x5566d591a810_0 {0 0 0};
    %vpi_func/r 7 7 "$itor", v0x5566d591a8f0_0 {0 0 0};
    %vpi_func/r 7 7 "$sqrt", W<0,r> {0 1 0};
    %div/wr;
    %vpi_func 7 7 "$rtoi" 32, W<0,r> {0 1 0};
    %pad/s 16;
    %store/vec4 v0x5566d591a710_0, 0, 16;
    %jmp T_179;
    .thread T_179, $push;
    .scope S_0x5566d591ad70;
T_180 ;
    %wait E_0x5566d591afe0;
    %vpi_func/r 7 7 "$itor", v0x5566d591b160_0 {0 0 0};
    %vpi_func/r 7 7 "$itor", v0x5566d591b240_0 {0 0 0};
    %vpi_func/r 7 7 "$sqrt", W<0,r> {0 1 0};
    %div/wr;
    %vpi_func 7 7 "$rtoi" 32, W<0,r> {0 1 0};
    %pad/s 16;
    %store/vec4 v0x5566d591b060_0, 0, 16;
    %jmp T_180;
    .thread T_180, $push;
    .scope S_0x5566d591b640;
T_181 ;
    %wait E_0x5566d591b8b0;
    %vpi_func/r 7 7 "$itor", v0x5566d591ba30_0 {0 0 0};
    %vpi_func/r 7 7 "$itor", v0x5566d591bb10_0 {0 0 0};
    %vpi_func/r 7 7 "$sqrt", W<0,r> {0 1 0};
    %div/wr;
    %vpi_func 7 7 "$rtoi" 32, W<0,r> {0 1 0};
    %pad/s 16;
    %store/vec4 v0x5566d591b930_0, 0, 16;
    %jmp T_181;
    .thread T_181, $push;
    .scope S_0x5566d591bf40;
T_182 ;
    %wait E_0x5566d591c1b0;
    %vpi_func/r 7 7 "$itor", v0x5566d591c330_0 {0 0 0};
    %vpi_func/r 7 7 "$itor", v0x5566d591c410_0 {0 0 0};
    %vpi_func/r 7 7 "$sqrt", W<0,r> {0 1 0};
    %div/wr;
    %vpi_func 7 7 "$rtoi" 32, W<0,r> {0 1 0};
    %pad/s 16;
    %store/vec4 v0x5566d591c230_0, 0, 16;
    %jmp T_182;
    .thread T_182, $push;
    .scope S_0x5566d591c840;
T_183 ;
    %wait E_0x5566d591cab0;
    %vpi_func/r 7 7 "$itor", v0x5566d591cc30_0 {0 0 0};
    %vpi_func/r 7 7 "$itor", v0x5566d591cd10_0 {0 0 0};
    %vpi_func/r 7 7 "$sqrt", W<0,r> {0 1 0};
    %div/wr;
    %vpi_func 7 7 "$rtoi" 32, W<0,r> {0 1 0};
    %pad/s 16;
    %store/vec4 v0x5566d591cb30_0, 0, 16;
    %jmp T_183;
    .thread T_183, $push;
    .scope S_0x5566d591d0f0;
T_184 ;
    %wait E_0x5566d591d360;
    %vpi_func/r 7 7 "$itor", v0x5566d591d4e0_0 {0 0 0};
    %vpi_func/r 7 7 "$itor", v0x5566d591d5c0_0 {0 0 0};
    %vpi_func/r 7 7 "$sqrt", W<0,r> {0 1 0};
    %div/wr;
    %vpi_func 7 7 "$rtoi" 32, W<0,r> {0 1 0};
    %pad/s 16;
    %store/vec4 v0x5566d591d3e0_0, 0, 16;
    %jmp T_184;
    .thread T_184, $push;
    .scope S_0x5566d591d9f0;
T_185 ;
    %wait E_0x5566d591dc60;
    %vpi_func/r 7 7 "$itor", v0x5566d591dde0_0 {0 0 0};
    %vpi_func/r 7 7 "$itor", v0x5566d591dec0_0 {0 0 0};
    %vpi_func/r 7 7 "$sqrt", W<0,r> {0 1 0};
    %div/wr;
    %vpi_func 7 7 "$rtoi" 32, W<0,r> {0 1 0};
    %pad/s 16;
    %store/vec4 v0x5566d591dce0_0, 0, 16;
    %jmp T_185;
    .thread T_185, $push;
    .scope S_0x5566d591e2f0;
T_186 ;
    %wait E_0x5566d591e560;
    %vpi_func/r 7 7 "$itor", v0x5566d591e6e0_0 {0 0 0};
    %vpi_func/r 7 7 "$itor", v0x5566d591e7c0_0 {0 0 0};
    %vpi_func/r 7 7 "$sqrt", W<0,r> {0 1 0};
    %div/wr;
    %vpi_func 7 7 "$rtoi" 32, W<0,r> {0 1 0};
    %pad/s 16;
    %store/vec4 v0x5566d591e5e0_0, 0, 16;
    %jmp T_186;
    .thread T_186, $push;
    .scope S_0x5566d591ebf0;
T_187 ;
    %wait E_0x5566d591ee60;
    %vpi_func/r 7 7 "$itor", v0x5566d591efe0_0 {0 0 0};
    %vpi_func/r 7 7 "$itor", v0x5566d591f0c0_0 {0 0 0};
    %vpi_func/r 7 7 "$sqrt", W<0,r> {0 1 0};
    %div/wr;
    %vpi_func 7 7 "$rtoi" 32, W<0,r> {0 1 0};
    %pad/s 16;
    %store/vec4 v0x5566d591eee0_0, 0, 16;
    %jmp T_187;
    .thread T_187, $push;
    .scope S_0x5566d591f4f0;
T_188 ;
    %wait E_0x5566d591f760;
    %vpi_func/r 7 7 "$itor", v0x5566d591f8e0_0 {0 0 0};
    %vpi_func/r 7 7 "$itor", v0x5566d591f9c0_0 {0 0 0};
    %vpi_func/r 7 7 "$sqrt", W<0,r> {0 1 0};
    %div/wr;
    %vpi_func 7 7 "$rtoi" 32, W<0,r> {0 1 0};
    %pad/s 16;
    %store/vec4 v0x5566d591f7e0_0, 0, 16;
    %jmp T_188;
    .thread T_188, $push;
    .scope S_0x5566d591fdf0;
T_189 ;
    %wait E_0x5566d5920060;
    %vpi_func/r 7 7 "$itor", v0x5566d59201e0_0 {0 0 0};
    %vpi_func/r 7 7 "$itor", v0x5566d59202c0_0 {0 0 0};
    %vpi_func/r 7 7 "$sqrt", W<0,r> {0 1 0};
    %div/wr;
    %vpi_func 7 7 "$rtoi" 32, W<0,r> {0 1 0};
    %pad/s 16;
    %store/vec4 v0x5566d59200e0_0, 0, 16;
    %jmp T_189;
    .thread T_189, $push;
    .scope S_0x5566d59206f0;
T_190 ;
    %wait E_0x5566d5920960;
    %vpi_func/r 7 7 "$itor", v0x5566d5920ae0_0 {0 0 0};
    %vpi_func/r 7 7 "$itor", v0x5566d5920bc0_0 {0 0 0};
    %vpi_func/r 7 7 "$sqrt", W<0,r> {0 1 0};
    %div/wr;
    %vpi_func 7 7 "$rtoi" 32, W<0,r> {0 1 0};
    %pad/s 16;
    %store/vec4 v0x5566d59209e0_0, 0, 16;
    %jmp T_190;
    .thread T_190, $push;
    .scope S_0x5566d5920ff0;
T_191 ;
    %wait E_0x5566d5921260;
    %vpi_func/r 7 7 "$itor", v0x5566d59213e0_0 {0 0 0};
    %vpi_func/r 7 7 "$itor", v0x5566d59214c0_0 {0 0 0};
    %vpi_func/r 7 7 "$sqrt", W<0,r> {0 1 0};
    %div/wr;
    %vpi_func 7 7 "$rtoi" 32, W<0,r> {0 1 0};
    %pad/s 16;
    %store/vec4 v0x5566d59212e0_0, 0, 16;
    %jmp T_191;
    .thread T_191, $push;
    .scope S_0x5566d5921bd0;
T_192 ;
    %wait E_0x5566d5921e40;
    %vpi_func/r 7 7 "$itor", v0x5566d5921fc0_0 {0 0 0};
    %vpi_func/r 7 7 "$itor", v0x5566d59220a0_0 {0 0 0};
    %vpi_func/r 7 7 "$sqrt", W<0,r> {0 1 0};
    %div/wr;
    %vpi_func 7 7 "$rtoi" 32, W<0,r> {0 1 0};
    %pad/s 16;
    %store/vec4 v0x5566d5921ec0_0, 0, 16;
    %jmp T_192;
    .thread T_192, $push;
    .scope S_0x5566d59224d0;
T_193 ;
    %wait E_0x5566d5922740;
    %vpi_func/r 7 7 "$itor", v0x5566d59228c0_0 {0 0 0};
    %vpi_func/r 7 7 "$itor", v0x5566d59229a0_0 {0 0 0};
    %vpi_func/r 7 7 "$sqrt", W<0,r> {0 1 0};
    %div/wr;
    %vpi_func 7 7 "$rtoi" 32, W<0,r> {0 1 0};
    %pad/s 16;
    %store/vec4 v0x5566d59227c0_0, 0, 16;
    %jmp T_193;
    .thread T_193, $push;
    .scope S_0x5566d5922de0;
T_194 ;
    %wait E_0x5566d5923050;
    %vpi_func/r 7 7 "$itor", v0x5566d59231d0_0 {0 0 0};
    %vpi_func/r 7 7 "$itor", v0x5566d59232b0_0 {0 0 0};
    %vpi_func/r 7 7 "$sqrt", W<0,r> {0 1 0};
    %div/wr;
    %vpi_func 7 7 "$rtoi" 32, W<0,r> {0 1 0};
    %pad/s 16;
    %store/vec4 v0x5566d59230d0_0, 0, 16;
    %jmp T_194;
    .thread T_194, $push;
    .scope S_0x5566d59236e0;
T_195 ;
    %wait E_0x5566d5923950;
    %vpi_func/r 7 7 "$itor", v0x5566d5923ad0_0 {0 0 0};
    %vpi_func/r 7 7 "$itor", v0x5566d5923bb0_0 {0 0 0};
    %vpi_func/r 7 7 "$sqrt", W<0,r> {0 1 0};
    %div/wr;
    %vpi_func 7 7 "$rtoi" 32, W<0,r> {0 1 0};
    %pad/s 16;
    %store/vec4 v0x5566d59239d0_0, 0, 16;
    %jmp T_195;
    .thread T_195, $push;
    .scope S_0x5566d5924030;
T_196 ;
    %wait E_0x5566d59242a0;
    %vpi_func/r 7 7 "$itor", v0x5566d5924420_0 {0 0 0};
    %vpi_func/r 7 7 "$itor", v0x5566d5924500_0 {0 0 0};
    %vpi_func/r 7 7 "$sqrt", W<0,r> {0 1 0};
    %div/wr;
    %vpi_func 7 7 "$rtoi" 32, W<0,r> {0 1 0};
    %pad/s 16;
    %store/vec4 v0x5566d5924320_0, 0, 16;
    %jmp T_196;
    .thread T_196, $push;
    .scope S_0x5566d5924900;
T_197 ;
    %wait E_0x5566d5924b70;
    %vpi_func/r 7 7 "$itor", v0x5566d5924cf0_0 {0 0 0};
    %vpi_func/r 7 7 "$itor", v0x5566d5924dd0_0 {0 0 0};
    %vpi_func/r 7 7 "$sqrt", W<0,r> {0 1 0};
    %div/wr;
    %vpi_func 7 7 "$rtoi" 32, W<0,r> {0 1 0};
    %pad/s 16;
    %store/vec4 v0x5566d5924bf0_0, 0, 16;
    %jmp T_197;
    .thread T_197, $push;
    .scope S_0x5566d5925200;
T_198 ;
    %wait E_0x5566d5925470;
    %vpi_func/r 7 7 "$itor", v0x5566d59255f0_0 {0 0 0};
    %vpi_func/r 7 7 "$itor", v0x5566d59256d0_0 {0 0 0};
    %vpi_func/r 7 7 "$sqrt", W<0,r> {0 1 0};
    %div/wr;
    %vpi_func 7 7 "$rtoi" 32, W<0,r> {0 1 0};
    %pad/s 16;
    %store/vec4 v0x5566d59254f0_0, 0, 16;
    %jmp T_198;
    .thread T_198, $push;
    .scope S_0x5566d5925b00;
T_199 ;
    %wait E_0x5566d5925d70;
    %vpi_func/r 7 7 "$itor", v0x5566d5925ef0_0 {0 0 0};
    %vpi_func/r 7 7 "$itor", v0x5566d5925fd0_0 {0 0 0};
    %vpi_func/r 7 7 "$sqrt", W<0,r> {0 1 0};
    %div/wr;
    %vpi_func 7 7 "$rtoi" 32, W<0,r> {0 1 0};
    %pad/s 16;
    %store/vec4 v0x5566d5925df0_0, 0, 16;
    %jmp T_199;
    .thread T_199, $push;
    .scope S_0x5566d5926440;
T_200 ;
    %wait E_0x5566d59266b0;
    %vpi_func/r 7 7 "$itor", v0x5566d5926830_0 {0 0 0};
    %vpi_func/r 7 7 "$itor", v0x5566d5926910_0 {0 0 0};
    %vpi_func/r 7 7 "$sqrt", W<0,r> {0 1 0};
    %div/wr;
    %vpi_func 7 7 "$rtoi" 32, W<0,r> {0 1 0};
    %pad/s 16;
    %store/vec4 v0x5566d5926730_0, 0, 16;
    %jmp T_200;
    .thread T_200, $push;
    .scope S_0x5566d5926d40;
T_201 ;
    %wait E_0x5566d5926fb0;
    %vpi_func/r 7 7 "$itor", v0x5566d5927130_0 {0 0 0};
    %vpi_func/r 7 7 "$itor", v0x5566d5927210_0 {0 0 0};
    %vpi_func/r 7 7 "$sqrt", W<0,r> {0 1 0};
    %div/wr;
    %vpi_func 7 7 "$rtoi" 32, W<0,r> {0 1 0};
    %pad/s 16;
    %store/vec4 v0x5566d5927030_0, 0, 16;
    %jmp T_201;
    .thread T_201, $push;
    .scope S_0x5566d5927640;
T_202 ;
    %wait E_0x5566d59278b0;
    %vpi_func/r 7 7 "$itor", v0x5566d5927a30_0 {0 0 0};
    %vpi_func/r 7 7 "$itor", v0x5566d5927b10_0 {0 0 0};
    %vpi_func/r 7 7 "$sqrt", W<0,r> {0 1 0};
    %div/wr;
    %vpi_func 7 7 "$rtoi" 32, W<0,r> {0 1 0};
    %pad/s 16;
    %store/vec4 v0x5566d5927930_0, 0, 16;
    %jmp T_202;
    .thread T_202, $push;
    .scope S_0x5566d5927f40;
T_203 ;
    %wait E_0x5566d59281b0;
    %vpi_func/r 7 7 "$itor", v0x5566d5928330_0 {0 0 0};
    %vpi_func/r 7 7 "$itor", v0x5566d5928410_0 {0 0 0};
    %vpi_func/r 7 7 "$sqrt", W<0,r> {0 1 0};
    %div/wr;
    %vpi_func 7 7 "$rtoi" 32, W<0,r> {0 1 0};
    %pad/s 16;
    %store/vec4 v0x5566d5928230_0, 0, 16;
    %jmp T_203;
    .thread T_203, $push;
    .scope S_0x5566d5928840;
T_204 ;
    %wait E_0x5566d5928ab0;
    %vpi_func/r 7 7 "$itor", v0x5566d5928c30_0 {0 0 0};
    %vpi_func/r 7 7 "$itor", v0x5566d5928d10_0 {0 0 0};
    %vpi_func/r 7 7 "$sqrt", W<0,r> {0 1 0};
    %div/wr;
    %vpi_func 7 7 "$rtoi" 32, W<0,r> {0 1 0};
    %pad/s 16;
    %store/vec4 v0x5566d5928b30_0, 0, 16;
    %jmp T_204;
    .thread T_204, $push;
    .scope S_0x5566d5929140;
T_205 ;
    %wait E_0x5566d59293b0;
    %vpi_func/r 7 7 "$itor", v0x5566d5929530_0 {0 0 0};
    %vpi_func/r 7 7 "$itor", v0x5566d5929610_0 {0 0 0};
    %vpi_func/r 7 7 "$sqrt", W<0,r> {0 1 0};
    %div/wr;
    %vpi_func 7 7 "$rtoi" 32, W<0,r> {0 1 0};
    %pad/s 16;
    %store/vec4 v0x5566d5929430_0, 0, 16;
    %jmp T_205;
    .thread T_205, $push;
    .scope S_0x5566d5929a40;
T_206 ;
    %wait E_0x5566d5929cb0;
    %vpi_func/r 7 7 "$itor", v0x5566d5929e30_0 {0 0 0};
    %vpi_func/r 7 7 "$itor", v0x5566d5929f10_0 {0 0 0};
    %vpi_func/r 7 7 "$sqrt", W<0,r> {0 1 0};
    %div/wr;
    %vpi_func 7 7 "$rtoi" 32, W<0,r> {0 1 0};
    %pad/s 16;
    %store/vec4 v0x5566d5929d30_0, 0, 16;
    %jmp T_206;
    .thread T_206, $push;
    .scope S_0x5566d592a340;
T_207 ;
    %wait E_0x5566d592a5b0;
    %vpi_func/r 7 7 "$itor", v0x5566d592a730_0 {0 0 0};
    %vpi_func/r 7 7 "$itor", v0x5566d592a810_0 {0 0 0};
    %vpi_func/r 7 7 "$sqrt", W<0,r> {0 1 0};
    %div/wr;
    %vpi_func 7 7 "$rtoi" 32, W<0,r> {0 1 0};
    %pad/s 16;
    %store/vec4 v0x5566d592a630_0, 0, 16;
    %jmp T_207;
    .thread T_207, $push;
    .scope S_0x5566d592af20;
T_208 ;
    %wait E_0x5566d592b190;
    %vpi_func/r 7 7 "$itor", v0x5566d592b310_0 {0 0 0};
    %vpi_func/r 7 7 "$itor", v0x5566d592b3f0_0 {0 0 0};
    %vpi_func/r 7 7 "$sqrt", W<0,r> {0 1 0};
    %div/wr;
    %vpi_func 7 7 "$rtoi" 32, W<0,r> {0 1 0};
    %pad/s 16;
    %store/vec4 v0x5566d592b210_0, 0, 16;
    %jmp T_208;
    .thread T_208, $push;
    .scope S_0x5566d592b820;
T_209 ;
    %wait E_0x5566d592ba90;
    %vpi_func/r 7 7 "$itor", v0x5566d592bc10_0 {0 0 0};
    %vpi_func/r 7 7 "$itor", v0x5566d592bcf0_0 {0 0 0};
    %vpi_func/r 7 7 "$sqrt", W<0,r> {0 1 0};
    %div/wr;
    %vpi_func 7 7 "$rtoi" 32, W<0,r> {0 1 0};
    %pad/s 16;
    %store/vec4 v0x5566d592bb10_0, 0, 16;
    %jmp T_209;
    .thread T_209, $push;
    .scope S_0x5566d592c130;
T_210 ;
    %wait E_0x5566d592c3a0;
    %vpi_func/r 7 7 "$itor", v0x5566d592c520_0 {0 0 0};
    %vpi_func/r 7 7 "$itor", v0x5566d592c600_0 {0 0 0};
    %vpi_func/r 7 7 "$sqrt", W<0,r> {0 1 0};
    %div/wr;
    %vpi_func 7 7 "$rtoi" 32, W<0,r> {0 1 0};
    %pad/s 16;
    %store/vec4 v0x5566d592c420_0, 0, 16;
    %jmp T_210;
    .thread T_210, $push;
    .scope S_0x5566d592ca30;
T_211 ;
    %wait E_0x5566d592cca0;
    %vpi_func/r 7 7 "$itor", v0x5566d592ce20_0 {0 0 0};
    %vpi_func/r 7 7 "$itor", v0x5566d592cf00_0 {0 0 0};
    %vpi_func/r 7 7 "$sqrt", W<0,r> {0 1 0};
    %div/wr;
    %vpi_func 7 7 "$rtoi" 32, W<0,r> {0 1 0};
    %pad/s 16;
    %store/vec4 v0x5566d592cd20_0, 0, 16;
    %jmp T_211;
    .thread T_211, $push;
    .scope S_0x5566d592d380;
T_212 ;
    %wait E_0x5566d592d5f0;
    %vpi_func/r 7 7 "$itor", v0x5566d592d770_0 {0 0 0};
    %vpi_func/r 7 7 "$itor", v0x5566d592d850_0 {0 0 0};
    %vpi_func/r 7 7 "$sqrt", W<0,r> {0 1 0};
    %div/wr;
    %vpi_func 7 7 "$rtoi" 32, W<0,r> {0 1 0};
    %pad/s 16;
    %store/vec4 v0x5566d592d670_0, 0, 16;
    %jmp T_212;
    .thread T_212, $push;
    .scope S_0x5566d592dc50;
T_213 ;
    %wait E_0x5566d592dec0;
    %vpi_func/r 7 7 "$itor", v0x5566d592e040_0 {0 0 0};
    %vpi_func/r 7 7 "$itor", v0x5566d592e120_0 {0 0 0};
    %vpi_func/r 7 7 "$sqrt", W<0,r> {0 1 0};
    %div/wr;
    %vpi_func 7 7 "$rtoi" 32, W<0,r> {0 1 0};
    %pad/s 16;
    %store/vec4 v0x5566d592df40_0, 0, 16;
    %jmp T_213;
    .thread T_213, $push;
    .scope S_0x5566d592e550;
T_214 ;
    %wait E_0x5566d592e7c0;
    %vpi_func/r 7 7 "$itor", v0x5566d592e940_0 {0 0 0};
    %vpi_func/r 7 7 "$itor", v0x5566d592ea20_0 {0 0 0};
    %vpi_func/r 7 7 "$sqrt", W<0,r> {0 1 0};
    %div/wr;
    %vpi_func 7 7 "$rtoi" 32, W<0,r> {0 1 0};
    %pad/s 16;
    %store/vec4 v0x5566d592e840_0, 0, 16;
    %jmp T_214;
    .thread T_214, $push;
    .scope S_0x5566d592ee50;
T_215 ;
    %wait E_0x5566d592f0c0;
    %vpi_func/r 7 7 "$itor", v0x5566d592f240_0 {0 0 0};
    %vpi_func/r 7 7 "$itor", v0x5566d592f320_0 {0 0 0};
    %vpi_func/r 7 7 "$sqrt", W<0,r> {0 1 0};
    %div/wr;
    %vpi_func 7 7 "$rtoi" 32, W<0,r> {0 1 0};
    %pad/s 16;
    %store/vec4 v0x5566d592f140_0, 0, 16;
    %jmp T_215;
    .thread T_215, $push;
    .scope S_0x5566d592f790;
T_216 ;
    %wait E_0x5566d592fa00;
    %vpi_func/r 7 7 "$itor", v0x5566d592fb80_0 {0 0 0};
    %vpi_func/r 7 7 "$itor", v0x5566d592fc60_0 {0 0 0};
    %vpi_func/r 7 7 "$sqrt", W<0,r> {0 1 0};
    %div/wr;
    %vpi_func 7 7 "$rtoi" 32, W<0,r> {0 1 0};
    %pad/s 16;
    %store/vec4 v0x5566d592fa80_0, 0, 16;
    %jmp T_216;
    .thread T_216, $push;
    .scope S_0x5566d5930090;
T_217 ;
    %wait E_0x5566d5930300;
    %vpi_func/r 7 7 "$itor", v0x5566d5930480_0 {0 0 0};
    %vpi_func/r 7 7 "$itor", v0x5566d5930560_0 {0 0 0};
    %vpi_func/r 7 7 "$sqrt", W<0,r> {0 1 0};
    %div/wr;
    %vpi_func 7 7 "$rtoi" 32, W<0,r> {0 1 0};
    %pad/s 16;
    %store/vec4 v0x5566d5930380_0, 0, 16;
    %jmp T_217;
    .thread T_217, $push;
    .scope S_0x5566d5930990;
T_218 ;
    %wait E_0x5566d5930c00;
    %vpi_func/r 7 7 "$itor", v0x5566d5930d80_0 {0 0 0};
    %vpi_func/r 7 7 "$itor", v0x5566d5930e60_0 {0 0 0};
    %vpi_func/r 7 7 "$sqrt", W<0,r> {0 1 0};
    %div/wr;
    %vpi_func 7 7 "$rtoi" 32, W<0,r> {0 1 0};
    %pad/s 16;
    %store/vec4 v0x5566d5930c80_0, 0, 16;
    %jmp T_218;
    .thread T_218, $push;
    .scope S_0x5566d5931290;
T_219 ;
    %wait E_0x5566d5931500;
    %vpi_func/r 7 7 "$itor", v0x5566d5931680_0 {0 0 0};
    %vpi_func/r 7 7 "$itor", v0x5566d5931760_0 {0 0 0};
    %vpi_func/r 7 7 "$sqrt", W<0,r> {0 1 0};
    %div/wr;
    %vpi_func 7 7 "$rtoi" 32, W<0,r> {0 1 0};
    %pad/s 16;
    %store/vec4 v0x5566d5931580_0, 0, 16;
    %jmp T_219;
    .thread T_219, $push;
    .scope S_0x5566d5931b90;
T_220 ;
    %wait E_0x5566d5931e00;
    %vpi_func/r 7 7 "$itor", v0x5566d5931f80_0 {0 0 0};
    %vpi_func/r 7 7 "$itor", v0x5566d5932060_0 {0 0 0};
    %vpi_func/r 7 7 "$sqrt", W<0,r> {0 1 0};
    %div/wr;
    %vpi_func 7 7 "$rtoi" 32, W<0,r> {0 1 0};
    %pad/s 16;
    %store/vec4 v0x5566d5931e80_0, 0, 16;
    %jmp T_220;
    .thread T_220, $push;
    .scope S_0x5566d5932490;
T_221 ;
    %wait E_0x5566d5932700;
    %vpi_func/r 7 7 "$itor", v0x5566d5932880_0 {0 0 0};
    %vpi_func/r 7 7 "$itor", v0x5566d5932960_0 {0 0 0};
    %vpi_func/r 7 7 "$sqrt", W<0,r> {0 1 0};
    %div/wr;
    %vpi_func 7 7 "$rtoi" 32, W<0,r> {0 1 0};
    %pad/s 16;
    %store/vec4 v0x5566d5932780_0, 0, 16;
    %jmp T_221;
    .thread T_221, $push;
    .scope S_0x5566d5932d90;
T_222 ;
    %wait E_0x5566d5933000;
    %vpi_func/r 7 7 "$itor", v0x5566d5933180_0 {0 0 0};
    %vpi_func/r 7 7 "$itor", v0x5566d5933260_0 {0 0 0};
    %vpi_func/r 7 7 "$sqrt", W<0,r> {0 1 0};
    %div/wr;
    %vpi_func 7 7 "$rtoi" 32, W<0,r> {0 1 0};
    %pad/s 16;
    %store/vec4 v0x5566d5933080_0, 0, 16;
    %jmp T_222;
    .thread T_222, $push;
    .scope S_0x5566d5933690;
T_223 ;
    %wait E_0x5566d5933900;
    %vpi_func/r 7 7 "$itor", v0x5566d5933a80_0 {0 0 0};
    %vpi_func/r 7 7 "$itor", v0x5566d5933b60_0 {0 0 0};
    %vpi_func/r 7 7 "$sqrt", W<0,r> {0 1 0};
    %div/wr;
    %vpi_func 7 7 "$rtoi" 32, W<0,r> {0 1 0};
    %pad/s 16;
    %store/vec4 v0x5566d5933980_0, 0, 16;
    %jmp T_223;
    .thread T_223, $push;
    .scope S_0x5566d5934270;
T_224 ;
    %wait E_0x5566d59344e0;
    %vpi_func/r 7 7 "$itor", v0x5566d5934660_0 {0 0 0};
    %vpi_func/r 7 7 "$itor", v0x5566d5934740_0 {0 0 0};
    %vpi_func/r 7 7 "$sqrt", W<0,r> {0 1 0};
    %div/wr;
    %vpi_func 7 7 "$rtoi" 32, W<0,r> {0 1 0};
    %pad/s 16;
    %store/vec4 v0x5566d5934560_0, 0, 16;
    %jmp T_224;
    .thread T_224, $push;
    .scope S_0x5566d5934b70;
T_225 ;
    %wait E_0x5566d5934de0;
    %vpi_func/r 7 7 "$itor", v0x5566d5934f60_0 {0 0 0};
    %vpi_func/r 7 7 "$itor", v0x5566d5935040_0 {0 0 0};
    %vpi_func/r 7 7 "$sqrt", W<0,r> {0 1 0};
    %div/wr;
    %vpi_func 7 7 "$rtoi" 32, W<0,r> {0 1 0};
    %pad/s 16;
    %store/vec4 v0x5566d5934e60_0, 0, 16;
    %jmp T_225;
    .thread T_225, $push;
    .scope S_0x5566d5935480;
T_226 ;
    %wait E_0x5566d59356f0;
    %vpi_func/r 7 7 "$itor", v0x5566d5935870_0 {0 0 0};
    %vpi_func/r 7 7 "$itor", v0x5566d5935950_0 {0 0 0};
    %vpi_func/r 7 7 "$sqrt", W<0,r> {0 1 0};
    %div/wr;
    %vpi_func 7 7 "$rtoi" 32, W<0,r> {0 1 0};
    %pad/s 16;
    %store/vec4 v0x5566d5935770_0, 0, 16;
    %jmp T_226;
    .thread T_226, $push;
    .scope S_0x5566d5935d80;
T_227 ;
    %wait E_0x5566d5935ff0;
    %vpi_func/r 7 7 "$itor", v0x5566d5936170_0 {0 0 0};
    %vpi_func/r 7 7 "$itor", v0x5566d5936250_0 {0 0 0};
    %vpi_func/r 7 7 "$sqrt", W<0,r> {0 1 0};
    %div/wr;
    %vpi_func 7 7 "$rtoi" 32, W<0,r> {0 1 0};
    %pad/s 16;
    %store/vec4 v0x5566d5936070_0, 0, 16;
    %jmp T_227;
    .thread T_227, $push;
    .scope S_0x5566d59366d0;
T_228 ;
    %wait E_0x5566d5936940;
    %vpi_func/r 7 7 "$itor", v0x5566d5936ac0_0 {0 0 0};
    %vpi_func/r 7 7 "$itor", v0x5566d5936ba0_0 {0 0 0};
    %vpi_func/r 7 7 "$sqrt", W<0,r> {0 1 0};
    %div/wr;
    %vpi_func 7 7 "$rtoi" 32, W<0,r> {0 1 0};
    %pad/s 16;
    %store/vec4 v0x5566d59369c0_0, 0, 16;
    %jmp T_228;
    .thread T_228, $push;
    .scope S_0x5566d5936fa0;
T_229 ;
    %wait E_0x5566d5937210;
    %vpi_func/r 7 7 "$itor", v0x5566d5937390_0 {0 0 0};
    %vpi_func/r 7 7 "$itor", v0x5566d5937470_0 {0 0 0};
    %vpi_func/r 7 7 "$sqrt", W<0,r> {0 1 0};
    %div/wr;
    %vpi_func 7 7 "$rtoi" 32, W<0,r> {0 1 0};
    %pad/s 16;
    %store/vec4 v0x5566d5937290_0, 0, 16;
    %jmp T_229;
    .thread T_229, $push;
    .scope S_0x5566d59378a0;
T_230 ;
    %wait E_0x5566d5937b10;
    %vpi_func/r 7 7 "$itor", v0x5566d5937c90_0 {0 0 0};
    %vpi_func/r 7 7 "$itor", v0x5566d5937d70_0 {0 0 0};
    %vpi_func/r 7 7 "$sqrt", W<0,r> {0 1 0};
    %div/wr;
    %vpi_func 7 7 "$rtoi" 32, W<0,r> {0 1 0};
    %pad/s 16;
    %store/vec4 v0x5566d5937b90_0, 0, 16;
    %jmp T_230;
    .thread T_230, $push;
    .scope S_0x5566d59381a0;
T_231 ;
    %wait E_0x5566d5938410;
    %vpi_func/r 7 7 "$itor", v0x5566d5938590_0 {0 0 0};
    %vpi_func/r 7 7 "$itor", v0x5566d5938670_0 {0 0 0};
    %vpi_func/r 7 7 "$sqrt", W<0,r> {0 1 0};
    %div/wr;
    %vpi_func 7 7 "$rtoi" 32, W<0,r> {0 1 0};
    %pad/s 16;
    %store/vec4 v0x5566d5938490_0, 0, 16;
    %jmp T_231;
    .thread T_231, $push;
    .scope S_0x5566d5938ae0;
T_232 ;
    %wait E_0x5566d5938d50;
    %vpi_func/r 7 7 "$itor", v0x5566d5938ed0_0 {0 0 0};
    %vpi_func/r 7 7 "$itor", v0x5566d5938fb0_0 {0 0 0};
    %vpi_func/r 7 7 "$sqrt", W<0,r> {0 1 0};
    %div/wr;
    %vpi_func 7 7 "$rtoi" 32, W<0,r> {0 1 0};
    %pad/s 16;
    %store/vec4 v0x5566d5938dd0_0, 0, 16;
    %jmp T_232;
    .thread T_232, $push;
    .scope S_0x5566d59393e0;
T_233 ;
    %wait E_0x5566d5939650;
    %vpi_func/r 7 7 "$itor", v0x5566d59397d0_0 {0 0 0};
    %vpi_func/r 7 7 "$itor", v0x5566d59398b0_0 {0 0 0};
    %vpi_func/r 7 7 "$sqrt", W<0,r> {0 1 0};
    %div/wr;
    %vpi_func 7 7 "$rtoi" 32, W<0,r> {0 1 0};
    %pad/s 16;
    %store/vec4 v0x5566d59396d0_0, 0, 16;
    %jmp T_233;
    .thread T_233, $push;
    .scope S_0x5566d5939ce0;
T_234 ;
    %wait E_0x5566d5939f50;
    %vpi_func/r 7 7 "$itor", v0x5566d593a0d0_0 {0 0 0};
    %vpi_func/r 7 7 "$itor", v0x5566d593a1b0_0 {0 0 0};
    %vpi_func/r 7 7 "$sqrt", W<0,r> {0 1 0};
    %div/wr;
    %vpi_func 7 7 "$rtoi" 32, W<0,r> {0 1 0};
    %pad/s 16;
    %store/vec4 v0x5566d5939fd0_0, 0, 16;
    %jmp T_234;
    .thread T_234, $push;
    .scope S_0x5566d593a5e0;
T_235 ;
    %wait E_0x5566d593a850;
    %vpi_func/r 7 7 "$itor", v0x5566d593a9d0_0 {0 0 0};
    %vpi_func/r 7 7 "$itor", v0x5566d593aab0_0 {0 0 0};
    %vpi_func/r 7 7 "$sqrt", W<0,r> {0 1 0};
    %div/wr;
    %vpi_func 7 7 "$rtoi" 32, W<0,r> {0 1 0};
    %pad/s 16;
    %store/vec4 v0x5566d593a8d0_0, 0, 16;
    %jmp T_235;
    .thread T_235, $push;
    .scope S_0x5566d593aee0;
T_236 ;
    %wait E_0x5566d593b150;
    %vpi_func/r 7 7 "$itor", v0x5566d593b2d0_0 {0 0 0};
    %vpi_func/r 7 7 "$itor", v0x5566d593b3b0_0 {0 0 0};
    %vpi_func/r 7 7 "$sqrt", W<0,r> {0 1 0};
    %div/wr;
    %vpi_func 7 7 "$rtoi" 32, W<0,r> {0 1 0};
    %pad/s 16;
    %store/vec4 v0x5566d593b1d0_0, 0, 16;
    %jmp T_236;
    .thread T_236, $push;
    .scope S_0x5566d593b7e0;
T_237 ;
    %wait E_0x5566d593ba50;
    %vpi_func/r 7 7 "$itor", v0x5566d593bbd0_0 {0 0 0};
    %vpi_func/r 7 7 "$itor", v0x5566d593bcb0_0 {0 0 0};
    %vpi_func/r 7 7 "$sqrt", W<0,r> {0 1 0};
    %div/wr;
    %vpi_func 7 7 "$rtoi" 32, W<0,r> {0 1 0};
    %pad/s 16;
    %store/vec4 v0x5566d593bad0_0, 0, 16;
    %jmp T_237;
    .thread T_237, $push;
    .scope S_0x5566d593c0e0;
T_238 ;
    %wait E_0x5566d593c350;
    %vpi_func/r 7 7 "$itor", v0x5566d593c4d0_0 {0 0 0};
    %vpi_func/r 7 7 "$itor", v0x5566d593c5b0_0 {0 0 0};
    %vpi_func/r 7 7 "$sqrt", W<0,r> {0 1 0};
    %div/wr;
    %vpi_func 7 7 "$rtoi" 32, W<0,r> {0 1 0};
    %pad/s 16;
    %store/vec4 v0x5566d593c3d0_0, 0, 16;
    %jmp T_238;
    .thread T_238, $push;
    .scope S_0x5566d593c9e0;
T_239 ;
    %wait E_0x5566d593cc50;
    %vpi_func/r 7 7 "$itor", v0x5566d593cdd0_0 {0 0 0};
    %vpi_func/r 7 7 "$itor", v0x5566d593ceb0_0 {0 0 0};
    %vpi_func/r 7 7 "$sqrt", W<0,r> {0 1 0};
    %div/wr;
    %vpi_func 7 7 "$rtoi" 32, W<0,r> {0 1 0};
    %pad/s 16;
    %store/vec4 v0x5566d593ccd0_0, 0, 16;
    %jmp T_239;
    .thread T_239, $push;
    .scope S_0x5566d593d5c0;
T_240 ;
    %wait E_0x5566d593d830;
    %vpi_func/r 7 7 "$itor", v0x5566d593d9b0_0 {0 0 0};
    %vpi_func/r 7 7 "$itor", v0x5566d593da90_0 {0 0 0};
    %vpi_func/r 7 7 "$sqrt", W<0,r> {0 1 0};
    %div/wr;
    %vpi_func 7 7 "$rtoi" 32, W<0,r> {0 1 0};
    %pad/s 16;
    %store/vec4 v0x5566d593d8b0_0, 0, 16;
    %jmp T_240;
    .thread T_240, $push;
    .scope S_0x5566d593dec0;
T_241 ;
    %wait E_0x5566d593e130;
    %vpi_func/r 7 7 "$itor", v0x5566d593e2b0_0 {0 0 0};
    %vpi_func/r 7 7 "$itor", v0x5566d593e390_0 {0 0 0};
    %vpi_func/r 7 7 "$sqrt", W<0,r> {0 1 0};
    %div/wr;
    %vpi_func 7 7 "$rtoi" 32, W<0,r> {0 1 0};
    %pad/s 16;
    %store/vec4 v0x5566d593e1b0_0, 0, 16;
    %jmp T_241;
    .thread T_241, $push;
    .scope S_0x5566d593e7d0;
T_242 ;
    %wait E_0x5566d593ea40;
    %vpi_func/r 7 7 "$itor", v0x5566d593ebc0_0 {0 0 0};
    %vpi_func/r 7 7 "$itor", v0x5566d593eca0_0 {0 0 0};
    %vpi_func/r 7 7 "$sqrt", W<0,r> {0 1 0};
    %div/wr;
    %vpi_func 7 7 "$rtoi" 32, W<0,r> {0 1 0};
    %pad/s 16;
    %store/vec4 v0x5566d593eac0_0, 0, 16;
    %jmp T_242;
    .thread T_242, $push;
    .scope S_0x5566d593f0d0;
T_243 ;
    %wait E_0x5566d593f340;
    %vpi_func/r 7 7 "$itor", v0x5566d593f4c0_0 {0 0 0};
    %vpi_func/r 7 7 "$itor", v0x5566d593f5a0_0 {0 0 0};
    %vpi_func/r 7 7 "$sqrt", W<0,r> {0 1 0};
    %div/wr;
    %vpi_func 7 7 "$rtoi" 32, W<0,r> {0 1 0};
    %pad/s 16;
    %store/vec4 v0x5566d593f3c0_0, 0, 16;
    %jmp T_243;
    .thread T_243, $push;
    .scope S_0x5566d593fa20;
T_244 ;
    %wait E_0x5566d593fc90;
    %vpi_func/r 7 7 "$itor", v0x5566d593fe10_0 {0 0 0};
    %vpi_func/r 7 7 "$itor", v0x5566d593fef0_0 {0 0 0};
    %vpi_func/r 7 7 "$sqrt", W<0,r> {0 1 0};
    %div/wr;
    %vpi_func 7 7 "$rtoi" 32, W<0,r> {0 1 0};
    %pad/s 16;
    %store/vec4 v0x5566d593fd10_0, 0, 16;
    %jmp T_244;
    .thread T_244, $push;
    .scope S_0x5566d59402f0;
T_245 ;
    %wait E_0x5566d5940560;
    %vpi_func/r 7 7 "$itor", v0x5566d59406e0_0 {0 0 0};
    %vpi_func/r 7 7 "$itor", v0x5566d59407c0_0 {0 0 0};
    %vpi_func/r 7 7 "$sqrt", W<0,r> {0 1 0};
    %div/wr;
    %vpi_func 7 7 "$rtoi" 32, W<0,r> {0 1 0};
    %pad/s 16;
    %store/vec4 v0x5566d59405e0_0, 0, 16;
    %jmp T_245;
    .thread T_245, $push;
    .scope S_0x5566d5940bf0;
T_246 ;
    %wait E_0x5566d5940e60;
    %vpi_func/r 7 7 "$itor", v0x5566d5940fe0_0 {0 0 0};
    %vpi_func/r 7 7 "$itor", v0x5566d59410c0_0 {0 0 0};
    %vpi_func/r 7 7 "$sqrt", W<0,r> {0 1 0};
    %div/wr;
    %vpi_func 7 7 "$rtoi" 32, W<0,r> {0 1 0};
    %pad/s 16;
    %store/vec4 v0x5566d5940ee0_0, 0, 16;
    %jmp T_246;
    .thread T_246, $push;
    .scope S_0x5566d59414f0;
T_247 ;
    %wait E_0x5566d5941760;
    %vpi_func/r 7 7 "$itor", v0x5566d59418e0_0 {0 0 0};
    %vpi_func/r 7 7 "$itor", v0x5566d59419c0_0 {0 0 0};
    %vpi_func/r 7 7 "$sqrt", W<0,r> {0 1 0};
    %div/wr;
    %vpi_func 7 7 "$rtoi" 32, W<0,r> {0 1 0};
    %pad/s 16;
    %store/vec4 v0x5566d59417e0_0, 0, 16;
    %jmp T_247;
    .thread T_247, $push;
    .scope S_0x5566d5941e30;
T_248 ;
    %wait E_0x5566d59420a0;
    %vpi_func/r 7 7 "$itor", v0x5566d5942220_0 {0 0 0};
    %vpi_func/r 7 7 "$itor", v0x5566d5942300_0 {0 0 0};
    %vpi_func/r 7 7 "$sqrt", W<0,r> {0 1 0};
    %div/wr;
    %vpi_func 7 7 "$rtoi" 32, W<0,r> {0 1 0};
    %pad/s 16;
    %store/vec4 v0x5566d5942120_0, 0, 16;
    %jmp T_248;
    .thread T_248, $push;
    .scope S_0x5566d5942730;
T_249 ;
    %wait E_0x5566d59429a0;
    %vpi_func/r 7 7 "$itor", v0x5566d5942b20_0 {0 0 0};
    %vpi_func/r 7 7 "$itor", v0x5566d5942c00_0 {0 0 0};
    %vpi_func/r 7 7 "$sqrt", W<0,r> {0 1 0};
    %div/wr;
    %vpi_func 7 7 "$rtoi" 32, W<0,r> {0 1 0};
    %pad/s 16;
    %store/vec4 v0x5566d5942a20_0, 0, 16;
    %jmp T_249;
    .thread T_249, $push;
    .scope S_0x5566d5943030;
T_250 ;
    %wait E_0x5566d59432a0;
    %vpi_func/r 7 7 "$itor", v0x5566d5943420_0 {0 0 0};
    %vpi_func/r 7 7 "$itor", v0x5566d5943500_0 {0 0 0};
    %vpi_func/r 7 7 "$sqrt", W<0,r> {0 1 0};
    %div/wr;
    %vpi_func 7 7 "$rtoi" 32, W<0,r> {0 1 0};
    %pad/s 16;
    %store/vec4 v0x5566d5943320_0, 0, 16;
    %jmp T_250;
    .thread T_250, $push;
    .scope S_0x5566d5943930;
T_251 ;
    %wait E_0x5566d5943ba0;
    %vpi_func/r 7 7 "$itor", v0x5566d5943d20_0 {0 0 0};
    %vpi_func/r 7 7 "$itor", v0x5566d5943e00_0 {0 0 0};
    %vpi_func/r 7 7 "$sqrt", W<0,r> {0 1 0};
    %div/wr;
    %vpi_func 7 7 "$rtoi" 32, W<0,r> {0 1 0};
    %pad/s 16;
    %store/vec4 v0x5566d5943c20_0, 0, 16;
    %jmp T_251;
    .thread T_251, $push;
    .scope S_0x5566d5944230;
T_252 ;
    %wait E_0x5566d59444a0;
    %vpi_func/r 7 7 "$itor", v0x5566d5944620_0 {0 0 0};
    %vpi_func/r 7 7 "$itor", v0x5566d5944700_0 {0 0 0};
    %vpi_func/r 7 7 "$sqrt", W<0,r> {0 1 0};
    %div/wr;
    %vpi_func 7 7 "$rtoi" 32, W<0,r> {0 1 0};
    %pad/s 16;
    %store/vec4 v0x5566d5944520_0, 0, 16;
    %jmp T_252;
    .thread T_252, $push;
    .scope S_0x5566d5944b30;
T_253 ;
    %wait E_0x5566d5944da0;
    %vpi_func/r 7 7 "$itor", v0x5566d5944f20_0 {0 0 0};
    %vpi_func/r 7 7 "$itor", v0x5566d5945000_0 {0 0 0};
    %vpi_func/r 7 7 "$sqrt", W<0,r> {0 1 0};
    %div/wr;
    %vpi_func 7 7 "$rtoi" 32, W<0,r> {0 1 0};
    %pad/s 16;
    %store/vec4 v0x5566d5944e20_0, 0, 16;
    %jmp T_253;
    .thread T_253, $push;
    .scope S_0x5566d5945430;
T_254 ;
    %wait E_0x5566d59456a0;
    %vpi_func/r 7 7 "$itor", v0x5566d5945820_0 {0 0 0};
    %vpi_func/r 7 7 "$itor", v0x5566d5945900_0 {0 0 0};
    %vpi_func/r 7 7 "$sqrt", W<0,r> {0 1 0};
    %div/wr;
    %vpi_func 7 7 "$rtoi" 32, W<0,r> {0 1 0};
    %pad/s 16;
    %store/vec4 v0x5566d5945720_0, 0, 16;
    %jmp T_254;
    .thread T_254, $push;
    .scope S_0x5566d5945d30;
T_255 ;
    %wait E_0x5566d5945fa0;
    %vpi_func/r 7 7 "$itor", v0x5566d5946120_0 {0 0 0};
    %vpi_func/r 7 7 "$itor", v0x5566d5946200_0 {0 0 0};
    %vpi_func/r 7 7 "$sqrt", W<0,r> {0 1 0};
    %div/wr;
    %vpi_func 7 7 "$rtoi" 32, W<0,r> {0 1 0};
    %pad/s 16;
    %store/vec4 v0x5566d5946020_0, 0, 16;
    %jmp T_255;
    .thread T_255, $push;
    .scope S_0x5566d574da50;
T_256 ;
Ewait_0 .event/or E_0x5566d55d8b50, E_0x0;
    %wait Ewait_0;
    %pushi/vec4 0, 0, 32;
    %store/vec4 v0x5566d55e4450_0, 0, 32;
T_256.0 ; Top of for-loop
    %load/vec4 v0x5566d55e4450_0;
    %cmpi/s 16, 0, 32;
	  %jmp/0xz T_256.1, 5;
    %pushi/vec4 0, 0, 32;
    %store/vec4 v0x5566d55e4530_0, 0, 32;
T_256.3 ; Top of for-loop
    %load/vec4 v0x5566d55e4530_0;
    %cmpi/s 3, 0, 32;
	  %jmp/0xz T_256.4, 5;
    %pushi/vec4 0, 0, 32;
    %store/vec4 v0x5566d55e4350_0, 0, 32;
    %pushi/vec4 0, 0, 32;
    %store/vec4 v0x5566d57169a0_0, 0, 32;
T_256.6 ; Top of for-loop
    %load/vec4 v0x5566d57169a0_0;
    %cmpi/s 3, 0, 32;
	  %jmp/0xz T_256.7, 5;
    ; show_stmt_assign_vector: Get l-value for compressed += operand
    %load/vec4 v0x5566d55e4350_0;
    %load/vec4 v0x5566d55e4450_0;
    %pad/s 34;
    %pad/s 36;
    %muli 3, 0, 36;
    %pad/s 37;
    %load/vec4 v0x5566d57169a0_0;
    %pad/s 37;
    %add;
    %ix/vec4/s 4;
    %load/vec4a v0x5566d5717a90, 4;
    %pad/s 32;
    %load/vec4 v0x5566d57169a0_0;
    %pad/s 34;
    %pad/s 36;
    %muli 3, 0, 36;
    %pad/s 37;
    %load/vec4 v0x5566d55e4530_0;
    %pad/s 37;
    %add;
    %ix/vec4/s 4;
    %load/vec4a v0x5566d571e390, 4;
    %pad/s 32;
    %mul;
    %add;
    %store/vec4 v0x5566d55e4350_0, 0, 32;
T_256.8 ; for-loop step statement
    ; show_stmt_assign_vector: Get l-value for compressed += operand
    %load/vec4 v0x5566d57169a0_0;
    %pushi/vec4 1, 0, 32;
    %add;
    %cast2;
    %store/vec4 v0x5566d57169a0_0, 0, 32;
    %jmp T_256.6;
T_256.7 ; for-loop exit label
    %load/vec4 v0x5566d55e4350_0;
    %ix/load 4, 8, 0;
    %flag_set/imm 4, 0;
    %shiftr/s 4;
    %pad/s 16;
    %load/vec4 v0x5566d55e4450_0;
    %pad/s 34;
    %pad/s 36;
    %muli 3, 0, 36;
    %pad/s 37;
    %load/vec4 v0x5566d55e4530_0;
    %pad/s 37;
    %add;
    %ix/vec4/s 4;
    %store/vec4a v0x5566d571f570, 4, 0;
T_256.5 ; for-loop step statement
    ; show_stmt_assign_vector: Get l-value for compressed += operand
    %load/vec4 v0x5566d55e4530_0;
    %pushi/vec4 1, 0, 32;
    %add;
    %cast2;
    %store/vec4 v0x5566d55e4530_0, 0, 32;
    %jmp T_256.3;
T_256.4 ; for-loop exit label
T_256.2 ; for-loop step statement
    ; show_stmt_assign_vector: Get l-value for compressed += operand
    %load/vec4 v0x5566d55e4450_0;
    %pushi/vec4 1, 0, 32;
    %add;
    %cast2;
    %store/vec4 v0x5566d55e4450_0, 0, 32;
    %jmp T_256.0;
T_256.1 ; for-loop exit label
    %jmp T_256;
    .thread T_256, $push;
    .scope S_0x5566d574a5a0;
T_257 ;
Ewait_1 .event/or E_0x5566d55d5250, E_0x0;
    %wait Ewait_1;
    %pushi/vec4 0, 0, 32;
    %store/vec4 v0x5566d55df0b0_0, 0, 32;
T_257.0 ; Top of for-loop
    %load/vec4 v0x5566d55df0b0_0;
    %cmpi/s 16, 0, 32;
	  %jmp/0xz T_257.1, 5;
    %pushi/vec4 0, 0, 32;
    %store/vec4 v0x5566d55df190_0, 0, 32;
T_257.3 ; Top of for-loop
    %load/vec4 v0x5566d55df190_0;
    %cmpi/s 3, 0, 32;
	  %jmp/0xz T_257.4, 5;
    %pushi/vec4 0, 0, 32;
    %store/vec4 v0x5566d5816ce0_0, 0, 32;
    %pushi/vec4 0, 0, 32;
    %store/vec4 v0x5566d55df250_0, 0, 32;
T_257.6 ; Top of for-loop
    %load/vec4 v0x5566d55df250_0;
    %cmpi/s 3, 0, 32;
	  %jmp/0xz T_257.7, 5;
    ; show_stmt_assign_vector: Get l-value for compressed += operand
    %load/vec4 v0x5566d5816ce0_0;
    %load/vec4 v0x5566d55df0b0_0;
    %pad/s 34;
    %pad/s 36;
    %muli 3, 0, 36;
    %pad/s 37;
    %load/vec4 v0x5566d55df250_0;
    %pad/s 37;
    %add;
    %ix/vec4/s 4;
    %load/vec4a v0x5566d5817de0, 4;
    %pad/s 32;
    %load/vec4 v0x5566d55df250_0;
    %pad/s 34;
    %pad/s 36;
    %muli 3, 0, 36;
    %pad/s 37;
    %load/vec4 v0x5566d55df190_0;
    %pad/s 37;
    %add;
    %ix/vec4/s 4;
    %load/vec4a v0x5566d581e740, 4;
    %pad/s 32;
    %mul;
    %add;
    %store/vec4 v0x5566d5816ce0_0, 0, 32;
T_257.8 ; for-loop step statement
    ; show_stmt_assign_vector: Get l-value for compressed += operand
    %load/vec4 v0x5566d55df250_0;
    %pushi/vec4 1, 0, 32;
    %add;
    %cast2;
    %store/vec4 v0x5566d55df250_0, 0, 32;
    %jmp T_257.6;
T_257.7 ; for-loop exit label
    %load/vec4 v0x5566d5816ce0_0;
    %ix/load 4, 8, 0;
    %flag_set/imm 4, 0;
    %shiftr/s 4;
    %pad/s 16;
    %load/vec4 v0x5566d55df0b0_0;
    %pad/s 34;
    %pad/s 36;
    %muli 3, 0, 36;
    %pad/s 37;
    %load/vec4 v0x5566d55df190_0;
    %pad/s 37;
    %add;
    %ix/vec4/s 4;
    %store/vec4a v0x5566d5820a60, 4, 0;
T_257.5 ; for-loop step statement
    ; show_stmt_assign_vector: Get l-value for compressed += operand
    %load/vec4 v0x5566d55df190_0;
    %pushi/vec4 1, 0, 32;
    %add;
    %cast2;
    %store/vec4 v0x5566d55df190_0, 0, 32;
    %jmp T_257.3;
T_257.4 ; for-loop exit label
T_257.2 ; for-loop step statement
    ; show_stmt_assign_vector: Get l-value for compressed += operand
    %load/vec4 v0x5566d55df0b0_0;
    %pushi/vec4 1, 0, 32;
    %add;
    %cast2;
    %store/vec4 v0x5566d55df0b0_0, 0, 32;
    %jmp T_257.0;
T_257.1 ; for-loop exit label
    %jmp T_257;
    .thread T_257, $push;
    .scope S_0x5566d594f6b0;
T_258 ;
Ewait_2 .event/or E_0x5566d594fb20, E_0x0;
    %wait Ewait_2;
    %pushi/vec4 0, 0, 32;
    %store/vec4 v0x5566d594fe50_0, 0, 32;
T_258.0 ; Top of for-loop
    %load/vec4 v0x5566d594fe50_0;
    %cmpi/s 16, 0, 32;
	  %jmp/0xz T_258.1, 5;
    %pushi/vec4 0, 0, 32;
    %store/vec4 v0x5566d594ff30_0, 0, 32;
T_258.3 ; Top of for-loop
    %load/vec4 v0x5566d594ff30_0;
    %cmpi/s 3, 0, 32;
	  %jmp/0xz T_258.4, 5;
    %pushi/vec4 0, 0, 32;
    %store/vec4 v0x5566d594fd50_0, 0, 32;
    %pushi/vec4 0, 0, 32;
    %store/vec4 v0x5566d5950020_0, 0, 32;
T_258.6 ; Top of for-loop
    %load/vec4 v0x5566d5950020_0;
    %cmpi/s 3, 0, 32;
	  %jmp/0xz T_258.7, 5;
    ; show_stmt_assign_vector: Get l-value for compressed += operand
    %load/vec4 v0x5566d594fd50_0;
    %load/vec4 v0x5566d594fe50_0;
    %pad/s 34;
    %pad/s 36;
    %muli 3, 0, 36;
    %pad/s 37;
    %load/vec4 v0x5566d5950020_0;
    %pad/s 37;
    %add;
    %ix/vec4/s 4;
    %load/vec4a v0x5566d5950100, 4;
    %pad/s 32;
    %load/vec4 v0x5566d5950020_0;
    %pad/s 34;
    %pad/s 36;
    %muli 3, 0, 36;
    %pad/s 37;
    %load/vec4 v0x5566d594ff30_0;
    %pad/s 37;
    %add;
    %ix/vec4/s 4;
    %load/vec4a v0x5566d59509a0, 4;
    %pad/s 32;
    %mul;
    %add;
    %store/vec4 v0x5566d594fd50_0, 0, 32;
T_258.8 ; for-loop step statement
    ; show_stmt_assign_vector: Get l-value for compressed += operand
    %load/vec4 v0x5566d5950020_0;
    %pushi/vec4 1, 0, 32;
    %add;
    %cast2;
    %store/vec4 v0x5566d5950020_0, 0, 32;
    %jmp T_258.6;
T_258.7 ; for-loop exit label
    %load/vec4 v0x5566d594fd50_0;
    %ix/load 4, 8, 0;
    %flag_set/imm 4, 0;
    %shiftr/s 4;
    %pad/s 16;
    %load/vec4 v0x5566d594fe50_0;
    %pad/s 34;
    %pad/s 36;
    %muli 3, 0, 36;
    %pad/s 37;
    %load/vec4 v0x5566d594ff30_0;
    %pad/s 37;
    %add;
    %ix/vec4/s 4;
    %store/vec4a v0x5566d5950bd0, 4, 0;
T_258.5 ; for-loop step statement
    ; show_stmt_assign_vector: Get l-value for compressed += operand
    %load/vec4 v0x5566d594ff30_0;
    %pushi/vec4 1, 0, 32;
    %add;
    %cast2;
    %store/vec4 v0x5566d594ff30_0, 0, 32;
    %jmp T_258.3;
T_258.4 ; for-loop exit label
T_258.2 ; for-loop step statement
    ; show_stmt_assign_vector: Get l-value for compressed += operand
    %load/vec4 v0x5566d594fe50_0;
    %pushi/vec4 1, 0, 32;
    %add;
    %cast2;
    %store/vec4 v0x5566d594fe50_0, 0, 32;
    %jmp T_258.0;
T_258.1 ; for-loop exit label
    %jmp T_258;
    .thread T_258, $push;
    .scope S_0x5566d5744dd0;
T_259 ;
Ewait_3 .event/or E_0x5566d55d74a0, E_0x0;
    %wait Ewait_3;
    %fork t_1, S_0x5566d57470f0;
    %jmp t_0;
    .scope S_0x5566d57470f0;
t_1 ;
    %pushi/vec4 0, 0, 32;
    %store/vec4 v0x5566d5805350_0, 0, 32;
T_259.0 ; Top of for-loop
    %load/vec4 v0x5566d5805350_0;
    %cmpi/s 16, 0, 32;
	  %jmp/0xz T_259.1, 5;
    %pushi/vec4 0, 0, 32;
    %store/vec4 v0x5566d58064e0_0, 0, 32;
T_259.3 ; Top of for-loop
    %load/vec4 v0x5566d58064e0_0;
    %cmpi/s 3, 0, 32;
	  %jmp/0xz T_259.4, 5;
    %load/vec4 v0x5566d5805350_0;
    %pad/s 34;
    %pad/s 36;
    %muli 3, 0, 36;
    %pad/s 37;
    %load/vec4 v0x5566d58064e0_0;
    %pad/s 37;
    %add;
    %ix/vec4/s 4;
    %load/vec4a v0x5566d5807670, 4;
    %load/vec4 v0x5566d58064e0_0;
    %pad/s 37;
    %pad/s 41;
    %muli 16, 0, 41;
    %pad/s 42;
    %load/vec4 v0x5566d5805350_0;
    %pad/s 42;
    %add;
    %ix/vec4/s 4;
    %store/vec4a v0x5566d580dfd0, 4, 0;
T_259.5 ; for-loop step statement
    ; show_stmt_assign_vector: Get l-value for compressed += operand
    %load/vec4 v0x5566d58064e0_0;
    %pushi/vec4 1, 0, 32;
    %add;
    %cast2;
    %store/vec4 v0x5566d58064e0_0, 0, 32;
    %jmp T_259.3;
T_259.4 ; for-loop exit label
T_259.2 ; for-loop step statement
    ; show_stmt_assign_vector: Get l-value for compressed += operand
    %load/vec4 v0x5566d5805350_0;
    %pushi/vec4 1, 0, 32;
    %add;
    %cast2;
    %store/vec4 v0x5566d5805350_0, 0, 32;
    %jmp T_259.0;
T_259.1 ; for-loop exit label
    %end;
    .scope S_0x5566d5744dd0;
t_0 %join;
    %jmp T_259;
    .thread T_259, $push;
    .scope S_0x5566d573e470;
T_260 ;
Ewait_4 .event/or E_0x5566d55d83c0, E_0x0;
    %wait Ewait_4;
    %pushi/vec4 0, 0, 32;
    %store/vec4 v0x5566d55eeff0_0, 0, 32;
T_260.0 ; Top of for-loop
    %load/vec4 v0x5566d55eeff0_0;
    %cmpi/s 16, 0, 32;
	  %jmp/0xz T_260.1, 5;
    %pushi/vec4 0, 0, 32;
    %store/vec4 v0x5566d57a1520_0, 0, 32;
T_260.3 ; Top of for-loop
    %load/vec4 v0x5566d57a1520_0;
    %cmpi/s 16, 0, 32;
	  %jmp/0xz T_260.4, 5;
    %pushi/vec4 0, 0, 32;
    %store/vec4 v0x5566d57a0420_0, 0, 32;
    %pushi/vec4 0, 0, 32;
    %store/vec4 v0x5566d57a26b0_0, 0, 32;
T_260.6 ; Top of for-loop
    %load/vec4 v0x5566d57a26b0_0;
    %cmpi/s 3, 0, 32;
	  %jmp/0xz T_260.7, 5;
    ; show_stmt_assign_vector: Get l-value for compressed += operand
    %load/vec4 v0x5566d57a0420_0;
    %load/vec4 v0x5566d55eeff0_0;
    %pad/s 34;
    %pad/s 36;
    %muli 3, 0, 36;
    %pad/s 37;
    %load/vec4 v0x5566d57a26b0_0;
    %pad/s 37;
    %add;
    %ix/vec4/s 4;
    %load/vec4a v0x5566d57a3840, 4;
    %pad/s 32;
    %load/vec4 v0x5566d57a26b0_0;
    %pad/s 37;
    %pad/s 41;
    %muli 16, 0, 41;
    %pad/s 42;
    %load/vec4 v0x5566d57a1520_0;
    %pad/s 42;
    %add;
    %ix/vec4/s 4;
    %load/vec4a v0x5566d57a9010, 4;
    %pad/s 32;
    %mul;
    %add;
    %store/vec4 v0x5566d57a0420_0, 0, 32;
T_260.8 ; for-loop step statement
    ; show_stmt_assign_vector: Get l-value for compressed += operand
    %load/vec4 v0x5566d57a26b0_0;
    %pushi/vec4 1, 0, 32;
    %add;
    %cast2;
    %store/vec4 v0x5566d57a26b0_0, 0, 32;
    %jmp T_260.6;
T_260.7 ; for-loop exit label
    %load/vec4 v0x5566d57a0420_0;
    %ix/load 4, 8, 0;
    %flag_set/imm 4, 0;
    %shiftr/s 4;
    %pad/s 16;
    %load/vec4 v0x5566d55eeff0_0;
    %pad/s 37;
    %pad/s 41;
    %muli 16, 0, 41;
    %pad/s 42;
    %load/vec4 v0x5566d57a1520_0;
    %pad/s 42;
    %add;
    %ix/vec4/s 4;
    %store/vec4a v0x5566d57af970, 4, 0;
T_260.5 ; for-loop step statement
    ; show_stmt_assign_vector: Get l-value for compressed += operand
    %load/vec4 v0x5566d57a1520_0;
    %pushi/vec4 1, 0, 32;
    %add;
    %cast2;
    %store/vec4 v0x5566d57a1520_0, 0, 32;
    %jmp T_260.3;
T_260.4 ; for-loop exit label
T_260.2 ; for-loop step statement
    ; show_stmt_assign_vector: Get l-value for compressed += operand
    %load/vec4 v0x5566d55eeff0_0;
    %pushi/vec4 1, 0, 32;
    %add;
    %cast2;
    %store/vec4 v0x5566d55eeff0_0, 0, 32;
    %jmp T_260.0;
T_260.1 ; for-loop exit label
    %jmp T_260;
    .thread T_260, $push;
    .scope S_0x5566d5946370;
T_261 ;
    %wait E_0x5566d59467c0;
    %pushi/vec4 0, 0, 32;
    %store/vec4 v0x5566d594cab0_0, 0, 32;
T_261.0 ; Top of for-loop
    %load/vec4 v0x5566d594cab0_0;
    %cmpi/s 16, 0, 32;
	  %jmp/0xz T_261.1, 5;
    %pushi/real 0, 4065; load=0.00000
    %store/real v0x5566d594a130_0;
    %pushi/vec4 0, 0, 32;
    %store/vec4 v0x5566d594cb90_0, 0, 32;
T_261.3 ; Top of for-loop
    %load/vec4 v0x5566d594cb90_0;
    %cmpi/s 16, 0, 32;
	  %jmp/0xz T_261.4, 5;
    %load/vec4 v0x5566d594cab0_0;
    %pad/s 37;
    %pad/s 41;
    %muli 16, 0, 41;
    %pad/s 42;
    %load/vec4 v0x5566d594cb90_0;
    %pad/s 42;
    %add;
    %ix/vec4/s 4;
    %load/vec4a v0x5566d594ccc0, 4;
    %vpi_func/r 8 17 "$itor", S<0,vec4,s16> {1 0 0};
    %pushi/real 1073741824, 4074; load=256.000
    %div/wr;
    %store/real v0x5566d594f590_0;
    %vpi_func/r 8 19 "$exp", v0x5566d594f590_0 {0 0 0};
    %load/vec4 v0x5566d594cab0_0;
    %pad/s 37;
    %pad/s 41;
    %muli 16, 0, 41;
    %pad/s 42;
    %load/vec4 v0x5566d594cb90_0;
    %pad/s 42;
    %add;
    %ix/vec4/s 4;
    %store/reala v0x5566d594a1f0, 4;
    %load/real v0x5566d594a130_0;
    %load/vec4 v0x5566d594cab0_0;
    %pad/s 37;
    %pad/s 41;
    %muli 16, 0, 41;
    %pad/s 42;
    %load/vec4 v0x5566d594cb90_0;
    %pad/s 42;
    %add;
    %ix/vec4/s 4;
    %load/ar v0x5566d594a1f0, 4;
    %add/wr;
    %store/real v0x5566d594a130_0;
T_261.5 ; for-loop step statement
    ; show_stmt_assign_vector: Get l-value for compressed += operand
    %load/vec4 v0x5566d594cb90_0;
    %pushi/vec4 1, 0, 32;
    %add;
    %cast2;
    %store/vec4 v0x5566d594cb90_0, 0, 32;
    %jmp T_261.3;
T_261.4 ; for-loop exit label
    %pushi/vec4 0, 0, 32;
    %store/vec4 v0x5566d594cb90_0, 0, 32;
T_261.6 ; Top of for-loop
    %load/vec4 v0x5566d594cb90_0;
    %cmpi/s 16, 0, 32;
	  %jmp/0xz T_261.7, 5;
    %load/vec4 v0x5566d594cab0_0;
    %pad/s 37;
    %pad/s 41;
    %muli 16, 0, 41;
    %pad/s 42;
    %load/vec4 v0x5566d594cb90_0;
    %pad/s 42;
    %add;
    %ix/vec4/s 4;
    %load/ar v0x5566d594a1f0, 4;
    %load/real v0x5566d594a130_0;
    %div/wr;
    %pushi/real 1073741824, 4074; load=256.000
    %mul/wr;
    %vpi_func 8 25 "$rtoi" 32, W<0,r> {0 1 0};
    %pad/s 16;
    %load/vec4 v0x5566d594cab0_0;
    %pad/s 37;
    %pad/s 41;
    %muli 16, 0, 41;
    %pad/s 42;
    %load/vec4 v0x5566d594cb90_0;
    %pad/s 42;
    %add;
    %ix/vec4/s 4;
    %store/vec4a v0x5566d5947840, 4, 0;
T_261.8 ; for-loop step statement
    ; show_stmt_assign_vector: Get l-value for compressed += operand
    %load/vec4 v0x5566d594cb90_0;
    %pushi/vec4 1, 0, 32;
    %add;
    %cast2;
    %store/vec4 v0x5566d594cb90_0, 0, 32;
    %jmp T_261.6;
T_261.7 ; for-loop exit label
T_261.2 ; for-loop step statement
    ; show_stmt_assign_vector: Get l-value for compressed += operand
    %load/vec4 v0x5566d594cab0_0;
    %pushi/vec4 1, 0, 32;
    %add;
    %cast2;
    %store/vec4 v0x5566d594cab0_0, 0, 32;
    %jmp T_261.0;
T_261.1 ; for-loop exit label
    %jmp T_261;
    .thread T_261, $push;
    .scope S_0x5566d5741920;
T_262 ;
Ewait_5 .event/or E_0x5566d55d5ae0, E_0x0;
    %wait Ewait_5;
    %pushi/vec4 0, 0, 32;
    %store/vec4 v0x5566d57d2b70_0, 0, 32;
T_262.0 ; Top of for-loop
    %load/vec4 v0x5566d57d2b70_0;
    %cmpi/s 16, 0, 32;
	  %jmp/0xz T_262.1, 5;
    %pushi/vec4 0, 0, 32;
    %store/vec4 v0x5566d57d3d00_0, 0, 32;
T_262.3 ; Top of for-loop
    %load/vec4 v0x5566d57d3d00_0;
    %cmpi/s 3, 0, 32;
	  %jmp/0xz T_262.4, 5;
    %pushi/vec4 0, 0, 32;
    %store/vec4 v0x5566d57d1a70_0, 0, 32;
    %pushi/vec4 0, 0, 32;
    %store/vec4 v0x5566d57d4e90_0, 0, 32;
T_262.6 ; Top of for-loop
    %load/vec4 v0x5566d57d4e90_0;
    %cmpi/s 16, 0, 32;
	  %jmp/0xz T_262.7, 5;
    ; show_stmt_assign_vector: Get l-value for compressed += operand
    %load/vec4 v0x5566d57d1a70_0;
    %load/vec4 v0x5566d57d2b70_0;
    %pad/s 37;
    %pad/s 41;
    %muli 16, 0, 41;
    %pad/s 42;
    %load/vec4 v0x5566d57d4e90_0;
    %pad/s 42;
    %add;
    %ix/vec4/s 4;
    %load/vec4a v0x5566d57d6020, 4;
    %pad/s 32;
    %load/vec4 v0x5566d57d4e90_0;
    %pad/s 34;
    %pad/s 36;
    %muli 3, 0, 36;
    %pad/s 37;
    %load/vec4 v0x5566d57d3d00_0;
    %pad/s 37;
    %add;
    %ix/vec4/s 4;
    %load/vec4a v0x5566d57f4c60, 4;
    %pad/s 32;
    %mul;
    %add;
    %store/vec4 v0x5566d57d1a70_0, 0, 32;
T_262.8 ; for-loop step statement
    ; show_stmt_assign_vector: Get l-value for compressed += operand
    %load/vec4 v0x5566d57d4e90_0;
    %pushi/vec4 1, 0, 32;
    %add;
    %cast2;
    %store/vec4 v0x5566d57d4e90_0, 0, 32;
    %jmp T_262.6;
T_262.7 ; for-loop exit label
    %load/vec4 v0x5566d57d1a70_0;
    %ix/load 4, 8, 0;
    %flag_set/imm 4, 0;
    %shiftr/s 4;
    %pad/s 16;
    %load/vec4 v0x5566d57d2b70_0;
    %pad/s 34;
    %pad/s 36;
    %muli 3, 0, 36;
    %pad/s 37;
    %load/vec4 v0x5566d57d3d00_0;
    %pad/s 37;
    %add;
    %ix/vec4/s 4;
    %store/vec4a v0x5566d57fb5c0, 4, 0;
T_262.5 ; for-loop step statement
    ; show_stmt_assign_vector: Get l-value for compressed += operand
    %load/vec4 v0x5566d57d3d00_0;
    %pushi/vec4 1, 0, 32;
    %add;
    %cast2;
    %store/vec4 v0x5566d57d3d00_0, 0, 32;
    %jmp T_262.3;
T_262.4 ; for-loop exit label
T_262.2 ; for-loop step statement
    ; show_stmt_assign_vector: Get l-value for compressed += operand
    %load/vec4 v0x5566d57d2b70_0;
    %pushi/vec4 1, 0, 32;
    %add;
    %cast2;
    %store/vec4 v0x5566d57d2b70_0, 0, 32;
    %jmp T_262.0;
T_262.1 ; for-loop exit label
    %jmp T_262;
    .thread T_262, $push;
    .scope S_0x5566d5730020;
T_263 ;
    %vpi_call/w 3 27 "$dumpfile", "verification/build/attention_mechanism.vcd" {0 0 0};
    %vpi_call/w 3 28 "$dumpvars", 32'sb00000000000000000000000000000000, S_0x5566d5730020 {0 0 0};
    %end;
    .thread T_263;
    .scope S_0x5566d5730020;
T_264 ;
    %fork t_3, S_0x5566d57311b0;
    %jmp t_2;
    .scope S_0x5566d57311b0;
t_3 ;
    %vpi_func 3 34 "$fopen" 32, "inputfiles/token_embedding.txt", "r" {0 0 0};
    %cast2;
    %store/vec4 v0x5566d579bd50_0, 0, 32;
    %load/vec4 v0x5566d579bd50_0;
    %cmpi/e 0, 0, 32;
    %jmp/0xz  T_264.0, 4;
    %vpi_call/w 3 35 "$fatal", 32'sb00000000000000000000000000000001, "Unable to open token_embedding.txt" {0 0 0};
T_264.0 ;
    %fork t_5, S_0x5566d5732340;
    %jmp t_4;
    .scope S_0x5566d5732340;
t_5 ;
    %pushi/vec4 0, 0, 32;
    %store/vec4 v0x5566d5791f40_0, 0, 32;
T_264.2 ; Top of for-loop
    %load/vec4 v0x5566d5791f40_0;
    %cmpi/s 16, 0, 32;
	  %jmp/0xz T_264.3, 5;
    %fork t_7, S_0x5566d57334d0;
    %jmp t_6;
    .scope S_0x5566d57334d0;
t_7 ;
    %pushi/vec4 0, 0, 32;
    %store/vec4 v0x5566d58cfdb0_0, 0, 32;
T_264.5 ; Top of for-loop
    %load/vec4 v0x5566d58cfdb0_0;
    %cmpi/s 3, 0, 32;
	  %jmp/0xz T_264.6, 5;
    %vpi_func 3 38 "$fscanf" 32, v0x5566d579bd50_0, "%f", v0x5566d579cee0_0 {0 0 0};
    %cmpi/ne 1, 0, 32;
    %jmp/0xz  T_264.8, 4;
    %vpi_call/w 3 38 "$fatal", 32'sb00000000000000000000000000000001, "Invalid token_embedding data" {0 0 0};
T_264.8 ;
    %load/real v0x5566d579cee0_0;
    %pushi/real 1073741824, 4074; load=256.000
    %mul/wr;
    %vpi_func 3 39 "$rtoi" 32, W<0,r> {0 1 0};
    %pad/s 16;
    %load/vec4 v0x5566d5791f40_0;
    %pad/s 34;
    %pad/s 36;
    %muli 3, 0, 36;
    %pad/s 37;
    %load/vec4 v0x5566d58cfdb0_0;
    %pad/s 37;
    %add;
    %ix/vec4/s 4;
    %store/vec4a v0x5566d597b5c0, 4, 0;
T_264.7 ; for-loop step statement
    ; show_stmt_assign_vector: Get l-value for compressed += operand
    %load/vec4 v0x5566d58cfdb0_0;
    %pushi/vec4 1, 0, 32;
    %add;
    %cast2;
    %store/vec4 v0x5566d58cfdb0_0, 0, 32;
    %jmp T_264.5;
T_264.6 ; for-loop exit label
    %end;
    .scope S_0x5566d5732340;
t_6 %join;
T_264.4 ; for-loop step statement
    ; show_stmt_assign_vector: Get l-value for compressed += operand
    %load/vec4 v0x5566d5791f40_0;
    %pushi/vec4 1, 0, 32;
    %add;
    %cast2;
    %store/vec4 v0x5566d5791f40_0, 0, 32;
    %jmp T_264.2;
T_264.3 ; for-loop exit label
    %end;
    .scope S_0x5566d57311b0;
t_4 %join;
    %vpi_call/w 3 42 "$fclose", v0x5566d579bd50_0 {0 0 0};
    %vpi_func 3 44 "$fopen" 32, "inputfiles/weight_q.txt", "r" {0 0 0};
    %cast2;
    %store/vec4 v0x5566d579bd50_0, 0, 32;
    %load/vec4 v0x5566d579bd50_0;
    %cmpi/e 0, 0, 32;
    %jmp/0xz  T_264.10, 4;
    %vpi_call/w 3 45 "$fatal", 32'sb00000000000000000000000000000001, "Unable to open weight_q.txt" {0 0 0};
T_264.10 ;
    %fork t_9, S_0x5566d5734660;
    %jmp t_8;
    .scope S_0x5566d5734660;
t_9 ;
    %pushi/vec4 0, 0, 32;
    %store/vec4 v0x5566d5794260_0, 0, 32;
T_264.12 ; Top of for-loop
    %load/vec4 v0x5566d5794260_0;
    %cmpi/s 3, 0, 32;
	  %jmp/0xz T_264.13, 5;
    %fork t_11, S_0x5566d57357f0;
    %jmp t_10;
    .scope S_0x5566d57357f0;
t_11 ;
    %pushi/vec4 0, 0, 32;
    %store/vec4 v0x5566d57930d0_0, 0, 32;
T_264.15 ; Top of for-loop
    %load/vec4 v0x5566d57930d0_0;
    %cmpi/s 3, 0, 32;
	  %jmp/0xz T_264.16, 5;
    %vpi_func 3 48 "$fscanf" 32, v0x5566d579bd50_0, "%f", v0x5566d579cee0_0 {0 0 0};
    %cmpi/ne 1, 0, 32;
    %jmp/0xz  T_264.18, 4;
    %vpi_call/w 3 48 "$fatal", 32'sb00000000000000000000000000000001, "Invalid weight_q data" {0 0 0};
T_264.18 ;
    %load/real v0x5566d579cee0_0;
    %pushi/real 1073741824, 4074; load=256.000
    %mul/wr;
    %vpi_func 3 49 "$rtoi" 32, W<0,r> {0 1 0};
    %pad/s 16;
    %load/vec4 v0x5566d5794260_0;
    %pad/s 34;
    %pad/s 36;
    %muli 3, 0, 36;
    %pad/s 37;
    %load/vec4 v0x5566d57930d0_0;
    %pad/s 37;
    %add;
    %ix/vec4/s 4;
    %store/vec4a v0x5566d595c650, 4, 0;
T_264.17 ; for-loop step statement
    ; show_stmt_assign_vector: Get l-value for compressed += operand
    %load/vec4 v0x5566d57930d0_0;
    %pushi/vec4 1, 0, 32;
    %add;
    %cast2;
    %store/vec4 v0x5566d57930d0_0, 0, 32;
    %jmp T_264.15;
T_264.16 ; for-loop exit label
    %end;
    .scope S_0x5566d5734660;
t_10 %join;
T_264.14 ; for-loop step statement
    ; show_stmt_assign_vector: Get l-value for compressed += operand
    %load/vec4 v0x5566d5794260_0;
    %pushi/vec4 1, 0, 32;
    %add;
    %cast2;
    %store/vec4 v0x5566d5794260_0, 0, 32;
    %jmp T_264.12;
T_264.13 ; for-loop exit label
    %end;
    .scope S_0x5566d57311b0;
t_8 %join;
    %vpi_call/w 3 52 "$fclose", v0x5566d579bd50_0 {0 0 0};
    %vpi_func 3 54 "$fopen" 32, "inputfiles/weight_k.txt", "r" {0 0 0};
    %cast2;
    %store/vec4 v0x5566d579bd50_0, 0, 32;
    %load/vec4 v0x5566d579bd50_0;
    %cmpi/e 0, 0, 32;
    %jmp/0xz  T_264.20, 4;
    %vpi_call/w 3 55 "$fatal", 32'sb00000000000000000000000000000001, "Unable to open weight_k.txt" {0 0 0};
T_264.20 ;
    %fork t_13, S_0x5566d5736980;
    %jmp t_12;
    .scope S_0x5566d5736980;
t_13 ;
    %pushi/vec4 0, 0, 32;
    %store/vec4 v0x5566d5796580_0, 0, 32;
T_264.22 ; Top of for-loop
    %load/vec4 v0x5566d5796580_0;
    %cmpi/s 3, 0, 32;
	  %jmp/0xz T_264.23, 5;
    %fork t_15, S_0x5566d5737b10;
    %jmp t_14;
    .scope S_0x5566d5737b10;
t_15 ;
    %pushi/vec4 0, 0, 32;
    %store/vec4 v0x5566d57953f0_0, 0, 32;
T_264.25 ; Top of for-loop
    %load/vec4 v0x5566d57953f0_0;
    %cmpi/s 3, 0, 32;
	  %jmp/0xz T_264.26, 5;
    %vpi_func 3 58 "$fscanf" 32, v0x5566d579bd50_0, "%f", v0x5566d579cee0_0 {0 0 0};
    %cmpi/ne 1, 0, 32;
    %jmp/0xz  T_264.28, 4;
    %vpi_call/w 3 58 "$fatal", 32'sb00000000000000000000000000000001, "Invalid weight_k data" {0 0 0};
T_264.28 ;
    %load/real v0x5566d579cee0_0;
    %pushi/real 1073741824, 4074; load=256.000
    %mul/wr;
    %vpi_func 3 59 "$rtoi" 32, W<0,r> {0 1 0};
    %pad/s 16;
    %load/vec4 v0x5566d5796580_0;
    %pad/s 34;
    %pad/s 36;
    %muli 3, 0, 36;
    %pad/s 37;
    %load/vec4 v0x5566d57953f0_0;
    %pad/s 37;
    %add;
    %ix/vec4/s 4;
    %store/vec4a v0x5566d595c5b0, 4, 0;
T_264.27 ; for-loop step statement
    ; show_stmt_assign_vector: Get l-value for compressed += operand
    %load/vec4 v0x5566d57953f0_0;
    %pushi/vec4 1, 0, 32;
    %add;
    %cast2;
    %store/vec4 v0x5566d57953f0_0, 0, 32;
    %jmp T_264.25;
T_264.26 ; for-loop exit label
    %end;
    .scope S_0x5566d5736980;
t_14 %join;
T_264.24 ; for-loop step statement
    ; show_stmt_assign_vector: Get l-value for compressed += operand
    %load/vec4 v0x5566d5796580_0;
    %pushi/vec4 1, 0, 32;
    %add;
    %cast2;
    %store/vec4 v0x5566d5796580_0, 0, 32;
    %jmp T_264.22;
T_264.23 ; for-loop exit label
    %end;
    .scope S_0x5566d57311b0;
t_12 %join;
    %vpi_call/w 3 62 "$fclose", v0x5566d579bd50_0 {0 0 0};
    %vpi_func 3 64 "$fopen" 32, "inputfiles/weight_v.txt", "r" {0 0 0};
    %cast2;
    %store/vec4 v0x5566d579bd50_0, 0, 32;
    %load/vec4 v0x5566d579bd50_0;
    %cmpi/e 0, 0, 32;
    %jmp/0xz  T_264.30, 4;
    %vpi_call/w 3 65 "$fatal", 32'sb00000000000000000000000000000001, "Unable to open weight_v.txt" {0 0 0};
T_264.30 ;
    %fork t_17, S_0x5566d5738ca0;
    %jmp t_16;
    .scope S_0x5566d5738ca0;
t_17 ;
    %pushi/vec4 0, 0, 32;
    %store/vec4 v0x5566d57988a0_0, 0, 32;
T_264.32 ; Top of for-loop
    %load/vec4 v0x5566d57988a0_0;
    %cmpi/s 3, 0, 32;
	  %jmp/0xz T_264.33, 5;
    %fork t_19, S_0x5566d5739e30;
    %jmp t_18;
    .scope S_0x5566d5739e30;
t_19 ;
    %pushi/vec4 0, 0, 32;
    %store/vec4 v0x5566d5797710_0, 0, 32;
T_264.35 ; Top of for-loop
    %load/vec4 v0x5566d5797710_0;
    %cmpi/s 3, 0, 32;
	  %jmp/0xz T_264.36, 5;
    %vpi_func 3 68 "$fscanf" 32, v0x5566d579bd50_0, "%f", v0x5566d579cee0_0 {0 0 0};
    %cmpi/ne 1, 0, 32;
    %jmp/0xz  T_264.38, 4;
    %vpi_call/w 3 68 "$fatal", 32'sb00000000000000000000000000000001, "Invalid weight_v data" {0 0 0};
T_264.38 ;
    %load/real v0x5566d579cee0_0;
    %pushi/real 1073741824, 4074; load=256.000
    %mul/wr;
    %vpi_func 3 69 "$rtoi" 32, W<0,r> {0 1 0};
    %pad/s 16;
    %load/vec4 v0x5566d57988a0_0;
    %pad/s 34;
    %pad/s 36;
    %muli 3, 0, 36;
    %pad/s 37;
    %load/vec4 v0x5566d5797710_0;
    %pad/s 37;
    %add;
    %ix/vec4/s 4;
    %store/vec4a v0x5566d595c740, 4, 0;
T_264.37 ; for-loop step statement
    ; show_stmt_assign_vector: Get l-value for compressed += operand
    %load/vec4 v0x5566d5797710_0;
    %pushi/vec4 1, 0, 32;
    %add;
    %cast2;
    %store/vec4 v0x5566d5797710_0, 0, 32;
    %jmp T_264.35;
T_264.36 ; for-loop exit label
    %end;
    .scope S_0x5566d5738ca0;
t_18 %join;
T_264.34 ; for-loop step statement
    ; show_stmt_assign_vector: Get l-value for compressed += operand
    %load/vec4 v0x5566d57988a0_0;
    %pushi/vec4 1, 0, 32;
    %add;
    %cast2;
    %store/vec4 v0x5566d57988a0_0, 0, 32;
    %jmp T_264.32;
T_264.33 ; for-loop exit label
    %end;
    .scope S_0x5566d57311b0;
t_16 %join;
    %vpi_call/w 3 72 "$fclose", v0x5566d579bd50_0 {0 0 0};
    %delay 1, 0;
    %vpi_func 3 76 "$fopen" 32, "output/obtained_output_context_vector.txt", "w" {0 0 0};
    %cast2;
    %store/vec4 v0x5566d579bd50_0, 0, 32;
    %load/vec4 v0x5566d579bd50_0;
    %cmpi/e 0, 0, 32;
    %jmp/0xz  T_264.40, 4;
    %vpi_call/w 3 77 "$fatal", 32'sb00000000000000000000000000000001, "Unable to open obtained output file" {0 0 0};
T_264.40 ;
    %fork t_21, S_0x5566d573afc0;
    %jmp t_20;
    .scope S_0x5566d573afc0;
t_21 ;
    %pushi/vec4 0, 0, 32;
    %store/vec4 v0x5566d579abc0_0, 0, 32;
T_264.42 ; Top of for-loop
    %load/vec4 v0x5566d579abc0_0;
    %cmpi/s 16, 0, 32;
	  %jmp/0xz T_264.43, 5;
    %fork t_23, S_0x5566d573c150;
    %jmp t_22;
    .scope S_0x5566d573c150;
t_23 ;
    %pushi/vec4 0, 0, 32;
    %store/vec4 v0x5566d5799a30_0, 0, 32;
T_264.45 ; Top of for-loop
    %load/vec4 v0x5566d5799a30_0;
    %cmpi/s 3, 0, 32;
	  %jmp/0xz T_264.46, 5;
    %load/vec4 v0x5566d579abc0_0;
    %pad/s 34;
    %pad/s 36;
    %muli 3, 0, 36;
    %pad/s 37;
    %load/vec4 v0x5566d5799a30_0;
    %pad/s 37;
    %add;
    %ix/vec4/s 4;
    %load/vec4a v0x5566d595c830, 4;
    %vpi_func/r 3 80 "$itor", S<0,vec4,s16> {1 0 0};
    %pushi/real 1073741824, 4074; load=256.000
    %div/wr;
    %vpi_call/w 3 80 "$fwrite", v0x5566d579bd50_0, "%.4f", W<0,r> {0 1 0};
    %load/vec4 v0x5566d5799a30_0;
    %cmpi/s 2, 0, 32;
    %jmp/0xz  T_264.48, 5;
    %vpi_call/w 3 81 "$fwrite", v0x5566d579bd50_0, " " {0 0 0};
T_264.48 ;
T_264.47 ; for-loop step statement
    ; show_stmt_assign_vector: Get l-value for compressed += operand
    %load/vec4 v0x5566d5799a30_0;
    %pushi/vec4 1, 0, 32;
    %add;
    %cast2;
    %store/vec4 v0x5566d5799a30_0, 0, 32;
    %jmp T_264.45;
T_264.46 ; for-loop exit label
    %end;
    .scope S_0x5566d573afc0;
t_22 %join;
    %vpi_call/w 3 83 "$fwrite", v0x5566d579bd50_0, "\012" {0 0 0};
T_264.44 ; for-loop step statement
    ; show_stmt_assign_vector: Get l-value for compressed += operand
    %load/vec4 v0x5566d579abc0_0;
    %pushi/vec4 1, 0, 32;
    %add;
    %cast2;
    %store/vec4 v0x5566d579abc0_0, 0, 32;
    %jmp T_264.42;
T_264.43 ; for-loop exit label
    %end;
    .scope S_0x5566d57311b0;
t_20 %join;
    %vpi_call/w 3 85 "$fclose", v0x5566d579bd50_0 {0 0 0};
    %vpi_call/w 3 87 "$finish" {0 0 0};
    %end;
    .scope S_0x5566d5730020;
t_2 %join;
    %end;
    .thread T_264;
# The file index is used to find the file name in the following table.
:file_names 9;
    "N/A";
    "<interactive>";
    "-";
    "verification/tb.sv";
    "src/attention_mechanism.sv";
    "src/matrix_multiplication.sv";
    "src/matrix_transpose.sv";
    "src/scaling.sv";
    "src/softmax.sv";
